OSD_ID,n_isa_tables,has_geneLab_counts,n_files,organism,material,n_samples,n_assays,assays,factors,factor_values
OSD-1,2,False,73,Drosophila melanogaster,Whole Organism,18,1,a_OSD-1_transcription-profiling_dna-microarray_Affymetrix.txt,Factor Value[Infection]; Factor Value[Spaceflight],"{""Factor Value[Spaceflight]"": [""Space Flight"", ""Ground Control""], ""Factor Value[Infection]"": [""uninfected"", ""infected with Escherichia coli"", ""infected with Beauveria bassiana""]}"
OSD-2,2,False,25,Homo sapiens,Cells,12,1,a_OSD-2_transcription-profiling_dna-microarray_agilent.txt,Factor Value[Absorbed Radiation Dose]; Factor Value[Ionizing Radiation],"{""Factor Value[Ionizing Radiation]"": [""sham-irradiated"", ""Fe-56 ion radiation"", ""Cesium-137 gamma radiation""], ""Factor Value[Absorbed Radiation Dose]"": [""0"", ""1.67"", ""2.5""]}"
OSD-3,2,False,30,Drosophila melanogaster,Whole Organism,18,1,a_OSD-3_transcription-profiling_dna-microarray_affymetrix.txt,Factor Value[Developmental Stage]; Factor Value[Spaceflight],"{""Factor Value[Developmental Stage]"": [""third instar larva stage"", ""adult""], ""Factor Value[Spaceflight]"": [""Space Flight"", ""Ground Control""]}"
OSD-4,2,False,28,Mus musculus,thymus,8,1,a_OSD-4_transcription-profiling_dna-microarray_affymetrix.txt,Factor Value[Spaceflight],"{""Factor Value[Spaceflight]"": [""Space Flight"", ""Ground Control""]}"
OSD-5,2,False,3,Homo sapiens,primary cell,6,1,a_OSD-5_transcription-profiling_dna-microarray_affymetrix.txt,Factor Value[Microgravity Simulation],"{""Factor Value[Microgravity Simulation]"": [""1G on Earth"", ""uG by RWV""]}"
OSD-6,2,False,18,Rattus norvegicus,Cells,6,1,a_OSD-6_transcription-profiling_dna-microarray_affymetrix.txt,Factor Value[Ionizing Radiation],"{""Factor Value[Ionizing Radiation]"": [""non-irradiated"", ""Fe-56 ion radiation""]}"
OSD-7,2,False,46,Arabidopsis thaliana,Plant Roots; Plant Shoots; Whole Organism; hypocotyl,36,1,a_OSD-7_transcription-profiling_dna-microarray_affymetrix.txt,Factor Value[Organism Part]; Factor Value[Spaceflight],"{""Factor Value[Organism Part]"": [""Whole Organism"", ""Plant Shoots"", ""hypocotyl"", ""Plant Roots""], ""Factor Value[Spaceflight]"": [""Space Flight"", ""Ground Control""]}"
OSD-8,2,False,22,Arabidopsis thaliana,cell culture,40,1,a_OSD-8_transcription-profiling_dna-microarray_Agilent.txt,Factor Value[Altered Gravity]; Factor Value[Magnetic Field],"{""Factor Value[Altered Gravity]"": [""1G on Earth"", ""1G by centrifugation"", ""uG by random positioning machine"", ""1G by random positioning machine"", ""uG by Magnetic Levitation"", ""0.1G by Magnetic Levitation"", ""2G by centrifugation"", ""2G by Magnetic Levitation""], ""Factor Value[Magnetic Field]"": [""0"", ""10.1"", ""14.7"", ""16.5""]}"
OSD-9,2,False,7,Homo sapiens,Cells,6,1,a_OSD-9_transcription-profiling_dna-microarray_Compugen.txt,Factor Value[Ionizing Radiation],"{""Factor Value[Ionizing Radiation]"": [""sham-irradiated"", ""Fe-56 ion radiation""]}"
OSD-11,2,False,25,Salmonella enterica,Cells,48,1,a_OSD-11_transcription-profiling_dna-microarray_sidney kimmel cancer center non-commercial.txt,Factor Value[Spaceflight],"{""Factor Value[Spaceflight]"": [""Space Flight"", ""Ground Control""]}"
OSD-12,2,False,2,Saccharomyces cerevisiae,Cells,12,1,a_OSD-12_transcription-profiling_dna-microarray_Affymetrix.txt,Factor Value[Microgravity Simulation]; Factor Value[generation],"{""Factor Value[generation]"": [""25th"", ""5th""], ""Factor Value[Microgravity Simulation]"": [""1G by HARV"", ""uG by HARV""]}"
OSD-13,2,False,21,Homo sapiens,Primary T Cells,9,1,a_OSD-13_transcription-profiling_dna-microarray_Affymetrix.txt,Factor Value[Altered Gravity]; Factor Value[Spaceflight]; Factor Value[Treatment],"{""Factor Value[Spaceflight]"": [""Space Flight""], ""Factor Value[Altered Gravity]"": [""uG"", ""1G by centrifugation""], ""Factor Value[Treatment]"": [""Activated"", ""Non-activated""]}"
OSD-14,2,False,20,Pseudomonas aeruginosa,Cells,8,1,a_OSD-14_transcription-profiling_dna-microarray_Affymetrix.txt,Factor Value[Microgravity Simulation],"{""Factor Value[Microgravity Simulation]"": [""uG by RWV"", ""1G by RWV"", ""uG by random positioning machine""]}"
OSD-15,2,False,20,Pseudomonas aeruginosa,Cells,8,1,a_OSD-15_transcription-profiling_dna-microarray_Affymetrix.txt,Factor Value[Microgravity Simulation]; Factor Value[Spaceflight],"{""Factor Value[Spaceflight]"": [""Ground Control"", ""Not Applicable"", ""Space Flight""], ""Factor Value[Microgravity Simulation]"": [""1G on Earth"", ""uG by rotating wall vessel"", ""Not Applicable""]}"
OSD-16,2,False,16,Arabidopsis thaliana,Plant Leaves; Plant Roots,8,1,a_OSD-16_protein-expression-profiling_mass-spectrometry_iTRAQ.txt,Factor Value[Organism Part]; Factor Value[Spaceflight],"{""Factor Value[Organism Part]"": [""Plant Roots"", ""Plant Leaves""], ""Factor Value[Spaceflight]"": [""Space Flight"", ""Ground Control""]}"
OSD-17,2,False,33,Arabidopsis thaliana,Seedlings; Undifferentiated Cell Culture,24,1,a_OSD-17_transcription-profiling_dna-microarray_Affymetrix.txt,Factor Value[Organism Part]; Factor Value[Spaceflight],"{""Factor Value[Organism Part]"": [""Seedlings"", ""Undifferentiated Cell Culture""], ""Factor Value[Spaceflight]"": [""Space Flight"", ""Ground Control""]}"
OSD-18,2,False,2,Mus musculus,Cells,2,1,a_OSD-18_transcription-profiling_dna-microarray_Agilent.txt,Factor Value[Microgravity Simulation],"{""Factor Value[Microgravity Simulation]"": [""1G on Earth"", ""uG by RWV""]}"
OSD-19,2,False,10,Rattus norvegicus,Medial collateral ligament,8,1,a_OSD-19_transcription-profiling_dna-microarray_Affymetrix.txt,Factor Value[Hindlimb Unloading]; Factor Value[Treatment],"{""Factor Value[Hindlimb Unloading]"": [""Normally Loaded Control"", ""Hindlimb Unloaded""], ""Factor Value[Treatment]"": [""Sham surgery"", ""Bilateral disruption of the medial collateral ligament"", ""No surgery""]}"
OSD-20,2,False,3,Candida albicans,Cells,16,1,a_OSD-20_transcription-profiling_dna-microarray_spotted DNA-cDNA.txt,Factor Value[Spaceflight],"{""Factor Value[Spaceflight]"": [""Ground Control"", ""Space Flight""]}"
OSD-21,2,False,32,Mus musculus,Gastrocnemius; calf muscle,23,1,a_OSD-21_transcription-profiling_dna-microarray_affymetrix.txt,Factor Value[Hindlimb Unloading]; Factor Value[Spaceflight]; Factor Value[Time]; Factor Value[Tissue],"{""Factor Value[Hindlimb Unloading]"": [""Normally Loaded Control"", ""Hindlimb Unloaded and Reloaded"", ""Hindlimb Unloaded"", ""Not Applicable""], ""Factor Value[Time]"": [""12 days"", ""12 days plus reloading for 3.5hr"", ""11 days 19hr""], ""Factor Value[Tissue]"": [""calf muscle"", ""Gastrocnemius""], ""Factor Value[Spaceflight]"": [""Not Applicable"", ""Ground Control"", ""Space Flight""]}"
OSD-22,2,False,31,Arabidopsis thaliana,Plant Roots,20,1,a_OSD-22_transcription-profiling_dna-microarray_agilent.txt,Factor Value[Genotype]; Factor Value[Time]; Factor Value[soil environment exposure],"{""Factor Value[Genotype]"": [""Wild Type"", ""cax1-1""], ""Factor Value[soil environment exposure]"": [""control"", ""magnesium sulfate""], ""Factor Value[Time]"": [""45"", ""90"", ""180""]}"
OSD-25,2,False,29,Mus musculus,Liver,17,1,a_OSD-25_transcription-profiling_dna-microarray_affymetrix.txt,Factor Value[Spaceflight],"{""Factor Value[Spaceflight]"": [""Ground Control"", ""Space Flight"", ""Vivarium Control""]}"
OSD-26,3,False,69,Microbiota,Cells,6,2,a_OSD-26_amplicon-sequencing_16s_Roche.txt; a_OSD-26_amplicon-sequencing_its_Roche.txt,Factor Value[Sample Location]; Factor Value[Spaceflight],"{""Factor Value[Spaceflight]"": [""Space Flight""], ""Factor Value[Sample Location]"": [""ISS Vacuum Cleaner Bag"", ""Spacecraft hardware and assembly cleanroom surfaces""]}"
OSD-27,2,False,66,Drosophila melanogaster,Whole Organism,54,1,a_OSD-27_transcription-profiling_dna-microarray_Affymetrix.txt,Factor Value[Duration]; Factor Value[Microgravity Simulation]; Factor Value[Sex]; Factor Value[Temperature],"{""Factor Value[Sex]"": [""Male"", ""Female""], ""Factor Value[Duration]"": [""22"", ""5"", ""26""], ""Factor Value[Microgravity Simulation]"": [""uG by magnetic levitator"", ""1G by magnetic levitator"", ""2G by magnetic levitator"", ""1G on Earth"", ""uG by random positioning machine""], ""Factor Value[Temperature]"": [""19"", ""24"", ""14""]}"
OSD-28,2,False,4,Bacillus subtilis,germinating spores; total RNA,4,1,a_E-GEOD-37124_GeneChip_assay.txt,,{}
OSD-29,2,False,17,Mus musculus,,8,1,a_OSD-29_transcription-profiling_dna-microarray_Affymetrix.txt,Factor Value[Altered Gravity]; Factor Value[Spaceflight]; Factor Value[Treatment],"{""Factor Value[Spaceflight]"": [""Space Flight"", ""Ground Control"", ""Vivarium Control""], ""Factor Value[Treatment]"": [""Not Osteo-induced"", ""Osteo-induced""], ""Factor Value[Altered Gravity]"": [""1G with centrifugation"", ""uG"", ""1G on Earth""]}"
OSD-30,2,False,18,Mus musculus,Cells,6,1,a_OSD-30_transcription-profiling_dna-microarray_affymetrix.txt,Factor Value[Microgravity Simulation],"{""Factor Value[Microgravity Simulation]"": [""1G on Earth"", ""uG by RWV""]}"
OSD-31,2,False,4,Rhodospirillum rubrum,Cells,20,1,a_OSD-31_transcription-profiling_dna-microarray_sckcen genomic platform.txt,Factor Value[Ionizing Radiation]; Factor Value[Microgravity Simulation]; Factor Value[Spaceflight],"{""Factor Value[Spaceflight]"": [""Space Flight"", ""Ground Control"", ""Not Applicable""], ""Factor Value[Ionizing Radiation]"": [""space radiation"", ""non-irradiated"", ""mixed radiation field""], ""Factor Value[Microgravity Simulation]"": [""uG"", ""1G on Earth"", ""uG by 3D clinostat""]}"
OSD-32,2,False,3,Mus musculus,Brain,8,1,a_OSD-32_transcription-profiling_dna-microarray_.txt,Factor Value[Hindlimb Unloading],"{""Factor Value[Hindlimb Unloading]"": [""Normally Loaded Control"", ""Hindlimb Unloaded""]}"
OSD-33,2,False,3,Mus musculus,Brain,3,1,a_OSD-33_transcription-profiling_dna-microarray_CustomArray.txt,Factor Value[Cage]; Factor Value[Spaceflight],"{""Factor Value[Spaceflight]"": [""Ground Control"", ""Space Flight""], ""Factor Value[Cage]"": [""Vivarium Cage"", ""MDS""]}"
OSD-34,2,False,62,Drosophila melanogaster,Whole Organism,50,1,a_OSD-34_transcription-profiling_dna-microarray_affymetrix.txt,Factor Value[Age]; Factor Value[Altered Gravity Simulator]; Factor Value[Altered Gravity]; Factor Value[Sex]; Factor Value[Temperature],"{""Factor Value[Age]"": [""20"", ""5""], ""Factor Value[Sex]"": [""Female"", ""Male""], ""Factor Value[Temperature]"": [""22"", ""14"", ""24""], ""Factor Value[Altered Gravity Simulator]"": [""LDC rotational control"", ""LDC"", ""Magnetic Levitator"", ""Outside LDC"", ""Outside Magnetic Levitator"", ""Outside RPM"", ""RPM""], ""Factor Value[Altered Gravity]"": [""1G on Earth"", ""2G with centrifugation"", ""uG with magnetic levitation"", ""2G with magnetic levitation"", ""uG with random positioning machine""]}"
OSD-35,2,False,14,Caenorhabditis elegans,,5,1,a_OSD-35_transcription-profiling_dna-microarray_affymetrix.txt,Factor Value[Altered Gravity]; Factor Value[Spaceflight],"{""Factor Value[Spaceflight]"": [""Ground Control"", ""Vivarium Control"", ""Space Flight""], ""Factor Value[Altered Gravity]"": [""1G on Earth"", ""uG"", ""uG with clinorotation"", ""3G with centrifugation""]}"
OSD-36,2,False,33,Drosophila melanogaster,,21,1,a_OSD-36_transcription-profiling_dna-microarray_affymetrix.txt,Factor Value[Altered Gravity Simulator]; Factor Value[Altered Gravity]; Factor Value[Spaceflight]; Factor Value[Treatment],"{""Factor Value[Spaceflight]"": [""Not Applicable"", ""Space Flight"", ""Ground Control""], ""Factor Value[Altered Gravity]"": [""uG with random positioning machine"", ""1G on Earth"", ""10G with centrifugation"", ""uG""], ""Factor Value[Altered Gravity Simulator]"": [""RPM"", ""MidiCAR centrifuge"", ""Not Applicable""], ""Factor Value[Treatment]"": [""cold treatment"", ""no cold treatment""]}"
OSD-37,2,True,986,Arabidopsis thaliana,Seedlings,56,1,a_OSD-37_transcription-profiling_rna-sequencing-(rna-seq)_Illumina.txt,Factor Value[Ecotype]; Factor Value[Spaceflight],"{""Factor Value[Spaceflight]"": [""Space Flight"", ""Ground Control""], ""Factor Value[Ecotype]"": [""Ws-2"", ""Ler-0"", ""Cvi-0"", ""Col-0""]}"
OSD-38,3,False,322,Arabidopsis thaliana,Seedlings,36,2,a_OSD-38_protein-expression-profiling_mass-spectrometry_LTQ-Orbitrap Velos Pro.txt; a_OSD-38_transcription-profiling_rna-sequencing-(rna-seq)_Illumina.txt,Factor Value[Sample Preservation Method]; Factor Value[Spaceflight],"{""Factor Value[Spaceflight]"": [""Space Flight"", ""Ground Control""], ""Factor Value[Sample Preservation Method]"": [""RNALater"", ""Liquid Nitrogen""]}"
OSD-39,2,False,3,Rhodospirillum rubrum,total_RNA; unknown,6,1,a_E-GEOD-14241_GeneChip_assay.txt,,{}
OSD-40,2,False,3,Caenorhabditis elegans,total_RNA; unknown,12,1,a_E-GEOD-14475_GeneChip_assay.txt,,{}
OSD-41,2,False,3,Caenorhabditis elegans,total RNA,18,1,a_E-GEOD-27338_GeneChip_assay.txt,Factor Value[gravity],"{""Factor Value[gravity]"": [""Weightlessness"", ""Control Groups"", ""Gravity, Altered""]}"
OSD-42,2,False,18,Caenorhabditis elegans,,6,1,a_OSD-42_transcription-profiling_dna-microarray_affymetrix.txt,Factor Value[Spaceflight],"{""Factor Value[Spaceflight]"": [""Ground Control"", ""Space Flight""]}"
OSD-43,2,False,20,Escherichia coli,,8,1,a_OSD-43_transcription-profiling_dna-microarray_Affymetrix.txt,Factor Value[Microgravity Simulation],"{""Factor Value[Microgravity Simulation]"": [""1G on Earth"", ""uG with clinorotation""]}"
OSD-44,2,False,24,Arabidopsis thaliana,Whole Organism,12,1,a_OSD-44_transcription-profiling_dna-microarray_affymetrix.txt,Factor Value[Genotype]; Factor Value[Spaceflight],"{""Factor Value[Genotype]"": [""Wild Type"", ""act2-3""], ""Factor Value[Spaceflight]"": [""Ground Control"", ""Space Flight""]}"
OSD-45,2,False,3,Arabidopsis thaliana,Plant Roots,24,1,a_OSD-45_transcription-profiling_dna-microarray.txt,Factor Value[Microgravity Simulation]; Factor Value[Time],"{""Factor Value[Time]"": [""4"", ""12"", ""8""], ""Factor Value[Microgravity Simulation]"": [""uG by clinostat"", ""1G by clinostat""]}"
OSD-46,2,False,56,Arabidopsis thaliana,Seedlings,44,1,a_OSD-46_transcription-profiling_dna-microarray_affymetrix.txt,Factor Value[Absorbed Radiation Dose]; Factor Value[Age]; Factor Value[Exposure Duration]; Factor Value[Genotype]; Factor Value[Ionizing Radiation]; Factor Value[Time of Sample Collection After Treatment],"{""Factor Value[Age]"": [""5"", ""6""], ""Factor Value[Genotype]"": [""Wild Type"", ""atm-1""], ""Factor Value[Ionizing Radiation]"": [""gamma radiation"", ""Fe-56 ion radiation"", ""non-irradiated""], ""Factor Value[Absorbed Radiation Dose]"": [""100"", ""30"", ""0""], ""Factor Value[Exposure Duration]"": [""15"", ""approx. 12""], ""Factor Value[Time of Sample Collection After Treatment]"": [""1.5"", ""3"", ""6"", ""12"", ""24""]}"
OSD-47,5,True,396,Mus musculus,Liver,16,4,a_OSD-47_dna-methylation-profiling_whole-genome-bisulfite-sequencing_illumina.txt; a_OSD-47_molecular-cellular-imaging_microscopy_ pannoramic scan (3d histech).txt; a_OSD-47_protein-expression-profiling_mass-spectrometry_ltq orbitrap velos(thermo scientific).txt; a_OSD-47_transcription-profiling_rna,Factor Value[Spaceflight],"{""Factor Value[Spaceflight]"": [""Basal Control"", ""Ground Control"", ""Space Flight"", ""Not Applicable""]}"
OSD-48,6,True,658,Mus musculus,Liver,32,5,a_OSD-48_dna-methylation-profiling_whole-genome-bisulfite-sequencing_Illumina.txt; a_OSD-48_molecular-cellular-imaging_microscopy_pannoramic scan (3d histech).txt; a_OSD-48_protein-expression-profiling_mass-spectrometry_Orbitrap Fusion(Thermo Scientific).txt; a_OSD-48_rna-methylation-profiling_whole,Factor Value[Dissection Condition]; Factor Value[Spaceflight],"{""Factor Value[Spaceflight]"": [""Basal Control"", ""Vivarium Control"", ""Space Flight"", ""Ground Control"", ""Not Applicable""], ""Factor Value[Dissection Condition]"": [""Carcass"", ""Upon euthanasia"", ""Not Applicable""]}"
OSD-49,4,True,161,Mus musculus,Liver,10,3,a_OSD-49_dna-methylation-profiling_whole-genome-bisulfite-sequencing_Illumina.txt; a_OSD-49_protein-expression-profiling_mass-spectrometry_LTQ Orbitrap Velos(Thermo Scientific).txt; a_OSD-49_transcription-profiling_rna-sequencing-(rna-seq)_Illumina.txt,Factor Value[Sample Preservation Method]; Factor Value[Sample Storage Time]; Factor Value[Time of Sample Collection After Euthanasia],"{""Factor Value[Time of Sample Collection After Euthanasia]"": [""within 5"", ""25""], ""Factor Value[Sample Preservation Method]"": [""Liquid Nitrogen"", ""Dry Ice"", ""Not Applicable""], ""Factor Value[Sample Storage Time]"": [""3"", ""~365"", ""Not Applicable""]}"
OSD-50,2,False,16,Mus musculus,primary cell,4,1,a_OSD-50_transcription-profiling_dna-microarray_affymetrix.txt,Factor Value[Spaceflight],"{""Factor Value[Spaceflight]"": [""Space Flight"", ""Ground Control""]}"
OSD-51,2,False,4,Homo sapiens,Skeletal Muscle Tissue,340,1,a_OSD-51_transcription-profiling_dna-microarray.txt,Factor Value[Bed Rest]; Factor Value[Tissue]; Factor Value[Treatment],"{""Factor Value[Tissue]"": [""Soleus"", ""Pre-BR Soleus cRNA pool"", ""Vastus Lateralis"", ""Pre-BR Vastus Lateralis cRNA pool""], ""Factor Value[Bed Rest]"": [""Post Bed Rest"", ""Pre Bed Rest""], ""Factor Value[Treatment]"": [""Not Applicable"", ""Excercise"", ""Nutrition""]}"
OSD-52,2,False,18,Homo sapiens,Cells,6,1,a_OSD-52_transcription-profiling_dna-microarray_affymetrix.txt,Factor Value[Spaceflight],"{""Factor Value[Spaceflight]"": [""Ground Control"", ""Space Flight""]}"
OSD-53,2,False,3,Homo sapiens,Whole Blood,13,1,a_OSD-53_transcription-profiling_dna-microarray_bd biosciences clontech.txt,Factor Value[Sex]; Factor Value[Spaceflight]; Factor Value[Time],"{""Factor Value[Spaceflight]"": [""Baseline Control"", ""Space Flight""], ""Factor Value[Time]"": [""Launch minus 10"", ""Landing plus 0"", ""0""], ""Factor Value[Sex]"": [""Male"", ""Female"", ""Not Available""]}"
OSD-54,2,False,3,Homo sapiens,Cells; reference RNA,24,1,a_OSD-54_transcription-profiling_dna-microarray_Agilent.txt,Factor Value[Spaceflight]; Factor Value[Time]; Factor Value[Treatment],"{""Factor Value[Spaceflight]"": [""Space Flight"", ""Ground Control""], ""Factor Value[Treatment]"": [""LPS""], ""Factor Value[Time]"": [""8"", ""4""]}"
OSD-55,2,False,2,Homo sapiens,Cells,24,1,a_OSD-55_transcription-profiling_mirna-microarray_Agilent.txt,Factor Value[Microgravity Simulation],"{""Factor Value[Microgravity Simulation]"": [""1G on Earth"", ""uG by RWV""]}"
OSD-56,2,False,2,Homo sapiens,,10,1,a_OSD-56_transcription-profiling_dna-microarray_Agilent.txt,Factor Value[Microgravity Simulation],"{""Factor Value[Microgravity Simulation]"": [""1G by RWV"", ""uG by RWV""]}"
OSD-57,2,False,2,Ceratopteris richardii,Spores,1,1,a_OSD-57_transcription-profiling_rna-sequencing-(rna-seq)_gs flx titanium series system.txt,Factor Value[Treatment],"{""Factor Value[Treatment]"": [""continuous light for 10 hours""]}"
OSD-58,2,False,2,Saccharomyces cerevisiae,Cells,24,1,a_OSD-58_deletion-pool-profiling_nucleotide-sequencing_illumina.txt,Factor Value[Culture Media]; Factor Value[Spaceflight]; Factor Value[generation number]; Factor Value[zygosity],"{""Factor Value[Culture Media]"": [""YPD"", ""YPD + 0.5M NaCl""], ""Factor Value[Spaceflight]"": [""Space Flight"", ""Ground Control""], ""Factor Value[zygosity]"": [""homozygous"", ""heterozygous""], ""Factor Value[generation number]"": [""7"", ""14"", ""21""]}"
OSD-59,2,False,52,Brassica rapa,leaf,2,1,a_prjdb2020_transcription_profiling_RNA_Sequencing_(RNA-Seq).txt,Factor Value[Spaceflight],"{""Factor Value[Spaceflight]"": [""Space Flight"", ""Ground Control""]}"
OSD-60,2,False,2,Danio rerio,Whole Organism,24,1,a_OSD-60_transcription-profiling_dna-microarray_agilent.txt,Factor Value[Hypergravity],"{""Factor Value[Hypergravity]"": [""3G by centrifugation for 5 days followed by 1G on the axis of the centrifuge"", ""3G by centrifugation for 5 days followed by 1G on Earth for 1 day"", ""1G on Earth for 6 days"", ""3G by centrifugation for 6 days""]}"
OSD-61,2,False,18,Mus musculus,Skin,6,1,a_OSD-61_transcription-profiling_dna-microarray.txt,Factor Value[Genotype]; Factor Value[Spaceflight],"{""Factor Value[Spaceflight]"": [""Space Flight"", ""Ground Control""], ""Factor Value[Genotype]"": [""over-expressing PTN/OSF1"", ""Wild Type""]}"
OSD-62,2,False,29,Saccharomyces cerevisiae,Cells,17,1,a_OSD-62_transcription-profiling_dna-microarray_Affymetrix.txt,Factor Value[Genotype]; Factor Value[Spaceflight],"{""Factor Value[Spaceflight]"": [""Ground Control"", ""Space Flight""], ""Factor Value[Genotype]"": [""Wild Type"", ""FLO1 overexpression"", ""FLO8""]}"
OSD-63,2,False,81,Rattus norvegicus,,72,1,a_OSD-63_transcription-profiling_dna-microarray_Affymetrix.txt,Factor Value[Altered Gravity]; Factor Value[Developmental Condition]; Factor Value[Spaceflight]; Factor Value[Tissue],"{""Factor Value[Tissue]"": [""mammary gland"", ""Liver"", ""adipose tissue of abdominal region""], ""Factor Value[Spaceflight]"": [""Not Applicable"", ""Vivarium Control"", ""Ground Control"", ""Space Flight""], ""Factor Value[Developmental Condition]"": [""Pregnant"", ""Lactating""], ""Factor Value[Altered Gravity]"": [""1G on Earth"", ""2G by centrifugation"", ""uG""]}"
OSD-64,1,False,12,,,0,1,a_mo-bacillus_genome_sequencing_nucleotide_sequencing.txt,,{}
OSD-65,3,False,301,Microbiota,Cells,46,2,a_OSD-65_amplicon-sequencing_16s_illumina.txt; a_OSD-65_amplicon-sequencing_its_illumina.txt,Factor Value[Spaceflight],"{""Factor Value[Spaceflight]"": [""Space Flight""]}"
OSD-66,2,False,7,cellular organisms,,1,1,a_mt-1_antimicrobial_resistance_environmental_gene_survey_nucleotide_sequencing.txt,,{}
OSD-67,1,False,26,,,0,1,a_mo-bsl-2_genome_sequencing_nucleotide_sequencing.txt,Factor Value[Microgravity],"{""Factor Value[Microgravity]"": [""Spaceflight""]}"
OSD-68,2,False,7,Aspergillus fumigatus,Cells,2,1,a_OSD-68_genome-sequencing_nucleotide-sequencing_Illumina.txt,Factor Value[Spaceflight],"{""Factor Value[Spaceflight]"": [""Space Flight""]}"
OSD-69,2,False,1058,cellular organisms,Cells,52,1,a_OSD-69_metagenomic-sequencing_whole-genome-shotgun-sequencing_Illumina.txt,Factor Value[Spaceflight]; Factor Value[Treatment],"{""Factor Value[Spaceflight]"": [""Space Flight"", ""Ground Control""], ""Factor Value[Treatment]"": [""PMA treated"", ""Non-PMA treated""]}"
OSD-70,2,False,102,Drosophila melanogaster,,90,1,a_OSD-70_transcription-profiling_dna-microarray_Affymetrix.txt,Factor Value[Altered Gravity Simulator]; Factor Value[Altered Gravity]; Factor Value[O2 Level]; Factor Value[Temperature],"{""Factor Value[Altered Gravity]"": [""uG with random positioning machine"", ""1G on Earth"", ""uG with magnetic levitator"", ""1G with magnetic levitator"", ""2G with magnetic levitator"", ""12G with centrifugation"", ""6G with centrifugation"", ""1G  with centrifugation""], ""Factor Value[Altered Gravity Simulator]"": [""RPM"", ""Outside the RPM"", ""Magnetic Levitator"", ""Outside the Magnetic Levitator"", ""LDC"", ""Outside the LDC""], ""Factor Value[Temperature]"": [""Normal Termperature"", ""Suboptimal Temperature""], ""Factor Value[O2 Level]"": [""Normal Oxygen Level"", ""Limited Oxygen Level""]}"
OSD-71,2,False,28,Homo sapiens,"blood, isolated leukocytes",16,1,a_OSD-71_transcription-profiling_dna-microarray_affymetrix.txt,Factor Value[Absorbed Radiation Dose]; Factor Value[Ionizing Radiation],"{""Factor Value[Ionizing Radiation]"": [""sham-irradiated"", ""cesium-137 gamma radiation""], ""Factor Value[Absorbed Radiation Dose]"": [""0"", ""0.3"", ""1.5"", ""3""]}"
OSD-72,2,False,217,Microbiota; Mus musculus; Rattus norvegicus,Feces,50,1,a_OSD-72_amplicon-sequencing_16s_roche.txt,Factor Value[Age at Start of Experiment]; Factor Value[Diet]; Factor Value[Ionizing Radiation]; Factor Value[Microgravity Simulation]; Factor Value[Spaceflight]; Factor Value[Strain],"{""Factor Value[Strain]"": [""Rats, Sprague-Dawley"", ""C57BL/6NCrl"", ""BalbC/ByJ""], ""Factor Value[Age at Start of Experiment]"": [""15"", ""63"", ""18""], ""Factor Value[Spaceflight]"": [""Not Applicable"", ""Space Flight"", ""Ground Control""], ""Factor Value[Diet]"": [""Low Fe diet"", ""High Fe diet"", ""NASA Rodent Foodbar"", ""chow""], ""Factor Value[Ionizing Radiation]"": [""sham-irradiated"", ""Cesium-137 gamma radiation"", ""space radiation"", ""non-irradiated"", ""Si-28 ion radiation""], ""Factor Value[Microgravity Simulation]"": [""Not Applicable"", ""1G on Earth"", ""1/6G by suspension""]}"
OSD-73,2,False,136,Homo sapiens,Cells,134,1,a_OSD-73_transcription-profiling_dna-microarray_illumina.txt,Factor Value[Absorbed Radiation Dose]; Factor Value[Ionizing Radiation]; Factor Value[Time of Sample Collection After Treatment],"{""Factor Value[Time of Sample Collection After Treatment]"": [""24"", ""0"", ""4"", ""1"", ""12""], ""Factor Value[Absorbed Radiation Dose]"": [""0"", ""0.5"", ""1"", ""3""], ""Factor Value[Ionizing Radiation]"": [""sham-irradiated"", ""Si-28 ion radiation"", ""non-irradiated"", ""Fe-56 ion radiation"", ""Cesium-137 gamma radiation""]}"
OSD-74,2,False,57,Mus musculus,Trp53 null Mammary Tumor,45,1,a_OSD-74_transcription-profiling_dna-microarray_affymetrix.txt,Factor Value[Absorbed Radiation Dose]; Factor Value[Ionizing Radiation],"{""Factor Value[Ionizing Radiation]"": [""Si-28 ion radiation"", ""sham-irradiated""], ""Factor Value[Absorbed Radiation Dose]"": [""80"", ""30"", ""10"", ""0""]}"
OSD-75,2,False,2,Caenorhabditis elegans,Whole Organism,6,1,a_OSD-75_transcription-profiling_mirna-microarray_filgen.txt,Factor Value[Altered Gravity]; Factor Value[Duration]; Factor Value[Spaceflight],"{""Factor Value[Altered Gravity]"": [""uG"", ""1G by centrifugation"", ""1G on Earth""], ""Factor Value[Duration]"": [""4"", ""8""], ""Factor Value[Spaceflight]"": [""Space Flight"", ""Ground Control""]}"
OSD-76,2,False,3,Danio rerio,Whole Organism,8,1,a_OSD-76_transcription-profiling_dna-microarray_Agilent.txt,Factor Value[Microgravity Simulation],"{""Factor Value[Microgravity Simulation]"": [""uG by 2D clinostat"", ""1G on Earth""]}"
OSD-78,2,False,42,Homo sapiens,human mammary epithelial cells,15,1,a_OSD-78_transcription-profiling_dna-microarray_affymetrix.txt,Factor Value[Ionizing Radiation]; Factor Value[Treatment],"{""Factor Value[Ionizing Radiation]"": [""sham-irradiated"", ""x-ray radiation""], ""Factor Value[Treatment]"": [""TGFB treated"", ""non TGFB treated control""]}"
OSD-79,2,False,70,Mus musculus,transplanted p53null mammary tumor,56,1,a_OSD-79_transcription-profiling_dna-microarray_affymetrix.txt,Factor Value[Genotype]; Factor Value[Ionizing Radiation],"{""Factor Value[Genotype]"": [""TGFb1 heterozygote"", ""Wild Type""], ""Factor Value[Ionizing Radiation]"": [""Cobalt-60 gamma radiation"", ""sham-irradiated""]}"
OSD-80,2,False,49,Mus musculus,mammary gland,37,1,a_OSD-80_transcription-profiling_dna-microarray_affymetrix.txt,Factor Value[Absorbed Radiation Dose]; Factor Value[Ionizing Radiation]; Factor Value[Time of Sample Collection After Treatment],"{""Factor Value[Ionizing Radiation]"": [""gamma radiation"", ""Si-28 ion radiation"", ""sham-irradiated""], ""Factor Value[Time of Sample Collection After Treatment]"": [""1"", ""4"", ""12""], ""Factor Value[Absorbed Radiation Dose]"": [""100"", ""30"", ""10"", ""0""]}"
OSD-81,2,False,2,Bacillus subtilis,,16,1,a_OSD-81_transcription-profiling_dna-microarray_Agilent.txt,Factor Value[Atmospheric Pressure]; Factor Value[Strain],"{""Factor Value[Strain]"": [""WN624"", ""WN1106""], ""Factor Value[Atmospheric Pressure]"": [""101"", ""5""]}"
OSD-82,2,False,2,Microbiota,swab,15,1,a_OSD-82_amplicon-sequencing_16s_Roche GS FLX.txt,Factor Value[Sample Location]; Factor Value[Space Mission]; Factor Value[Spaceflight],"{""Factor Value[Space Mission]"": [""Microbe-I"", ""Microbe-II"", ""Microbe-III""], ""Factor Value[Sample Location]"": [""Outer surface of incubator"", ""Air diffuser"", ""Handrail"", ""Air return grill"", ""Internal surface of incubator""], ""Factor Value[Spaceflight]"": [""Space Flight""]}"
OSD-83,2,False,176,Oryzias latipes,Brain; Eye; Intestines; Liver; Ovary; Testis,12,1,a_dra003542_transcription_profiling_RNA_Sequencing_(RNA-Seq).txt,Factor Value[Spaceflight]; Factor Value[Tissue],"{""Factor Value[Spaceflight]"": [""Ground Control"", ""Space Flight""], ""Factor Value[Tissue]"": [""Ovary"", ""Testis"", ""Liver"", ""Brain"", ""Eye"", ""Intestines""]}"
OSD-84,4,False,26,Enterobacteria phage lambda; Escherichia coli; Mus musculus,DNA,24,3,a_OSD-84_genome-sequencing_nucleotide-sequencing_illumina.txt; a_OSD-84_genome-sequencing_nucleotide-sequencing_oxford nanopore technologies.txt; a_OSD-84_genome-sequencing_nucleotide-sequencing_pacific biosciences.txt,Factor Value[Spaceflight],"{""Factor Value[Spaceflight]"": [""Ground Control"", ""Space Flight""]}"
OSD-85,2,True,179,Drosophila melanogaster,Whole Organism,8,1,a_OSD-85_transcription-profiling_rna-sequencing-(rna-seq)_Illumina HiSeq 2000.txt,Factor Value[Hypergravity],"{""Factor Value[Hypergravity]"": [""3G by centrifugation"", ""1G on Earth""]}"
OSD-86,2,False,16,Homo sapiens,Cells,4,1,a_OSD-86_dna-methylation-profiling_dip-seq_illumina.txt,Factor Value[Antibody]; Factor Value[Microgravity Simulation],"{""Factor Value[Microgravity Simulation]"": [""1G by HARV"", ""uG by HARV""], ""Factor Value[Antibody]"": [""5-hmC monoclonal antibody"", ""5-mC monoclonal antibody""]}"
OSD-87,2,False,18,Mus musculus,Retina,6,1,a_OSD-87_transcription-profiling_dna-microarray_affymetrix.txt,Factor Value[Spaceflight],"{""Factor Value[Spaceflight]"": [""Ground Control"", ""Space Flight""]}"
OSD-88,2,False,3,Mus musculus,Lewis lung carcinoma (LLC)  tumor; technical chip control,36,1,a_OSD-88_transcription-profiling_dna-microarray.txt,Factor Value[Age]; Factor Value[Ionizing Radiation],"{""Factor Value[Ionizing Radiation]"": [""Not Applicable"", ""sham-irradiated"", ""Fe-56 ion radiation""], ""Factor Value[Age]"": [""143"", ""551""]}"
OSD-89,2,False,3,Mus musculus,Spleen,38,1,a_OSD-89_transcription-profiling_dna-microarray_Illumina.txt,Factor Value[Age]; Factor Value[Ionizing Radiation],"{""Factor Value[Ionizing Radiation]"": [""proton"", ""sham-irradiated""], ""Factor Value[Age]"": [""736"", ""68""]}"
OSD-90,2,False,33,Mycobacterium marinum,Cells,15,1,a_OSD-90_transcription-profiling_rna-sequencing-(rna-seq)_illumina.txt,Factor Value[Microgravity Simulation]; Factor Value[Time],"{""Factor Value[Microgravity Simulation]"": [""1G by RWV"", ""uG by RWV""], ""Factor Value[Time]"": [""long"", ""short""]}"
OSD-91,2,True,106,Homo sapiens,Cells,4,1,a_OSD-91_transcription-profiling_rna-sequencing-(rna-seq)_Illumina.txt,Factor Value[Microgravity Simulation],"{""Factor Value[Microgravity Simulation]"": [""1G on Earth"", ""uG by HARV""]}"
OSD-92,2,False,39,Homo sapiens,3D Cells,27,1,a_OSD-92_transcription-profiling_dna-microarray_Agilent.txt,Factor Value[Ionizing Radiation]; Factor Value[Time of Sample Collection After Treatment]; Factor Value[absorbed radiation dose],"{""Factor Value[Ionizing Radiation]"": [""proton"", ""non-irradiated""], ""Factor Value[Time of Sample Collection After Treatment]"": [""24"", ""16"", ""4""], ""Factor Value[absorbed radiation dose]"": [""2.5"", ""10"", ""0""]}"
OSD-93,2,False,119,Mus musculus,Lung,108,1,a_OSD-93_transcription-profiling_dna-microarray_Agilent.txt,Factor Value[ionizing radiation]; Factor Value[strain],"{""Factor Value[strain]"": [""C3H/HeNrs"", ""A/JSlc"", ""C57BL/6JSlc""], ""Factor Value[ionizing radiation]"": [""non-irradiated"", ""cesium-137 gamma radiation"", ""C-12 ion radiation""]}"
OSD-94,2,False,8,Mus musculus,  ; Spleen Tumor; genomic DNA,38,1,a_E-GEOD-37233_CGH-Chip_assay.txt,Factor Value[Neoplasm],"{""Factor Value[Neoplasm]"": [""Acute myeloid leukemia, disease""]}"
OSD-95,2,True,308,Escherichia coli,Cells,21,1,a_OSD-95_transcription-profiling_rna-sequencing-(rna-seq)_illumina.txt,Factor Value[Dose]; Factor Value[Spaceflight],"{""Factor Value[Dose]"": [""25"", ""50"", ""75""], ""Factor Value[Spaceflight]"": [""Space Flight"", ""Ground Control""]}"
OSD-96,2,False,207,Drosophila melanogaster,Whole Organism,10,1,a_OSD-96_transcription-profiling_rna-sequencing-(rna-seq)_illumina miseq.txt,Factor Value[Generation]; Factor Value[Spaceflight]; Factor Value[Time of Sample Collection After Treatment],"{""Factor Value[Generation]"": [""3rd generation"", ""5th generation""], ""Factor Value[Spaceflight]"": [""Ground Control"", ""Space Flight"", ""Ground control""], ""Factor Value[Time of Sample Collection After Treatment]"": [""1.5 hours after end of the experiment"", ""1.5 hours after the satellite landed"", ""12 hours after the end of the experiment"", ""12 hours after the satellite landed"", ""24 hours after the end of the experiment"", ""24 hours after the satellite landed"", ""1.5 hours after the spacecraft landed""]}"
OSD-97,2,False,4,Saccharomyces cerevisiae,,21,1,a_gse9464_transcription_profiling_DNA_microarray.txt,"Factor Value[Radiation, Ionzing]","{""Factor Value[Radiation, Ionzing]"": [""Gamma ray 17 Gy "", ""Heavy ion radiation 25 Gy "", ""Heavy ion radiation 25 Gy"", ""Thermal Neutron 20.8 Gy "", ""Thermal Neutron 20.8 Gy"", ""Fast Neutron 20.3 Gy "", ""Fast Neutron 20.3 Gy""]}"
OSD-98,4,True,234,Mus musculus; Not Applicable,Adrenal glands- both sides; Not Applicable,21,3,a_OSD-98_dna-methylation-profiling_whole-genome-bisulfite-sequencing_Illumina.txt; a_OSD-98_protein-expression-profiling_mass-spectrometry_LTQ Orbitrap Fusion (Thermo Scientific).txt; a_OSD-98_transcription-profiling_rna-sequencing-(rna-seq)_Illumina HiSeq 4000.txt,Factor Value[Spaceflight],"{""Factor Value[Spaceflight]"": [""Ground Control"", ""Space Flight"", ""Not Applicable""]}"
OSD-99,3,True,251,Mus musculus,Extensor digitorum longus- both sides,18,2,a_OSD-99_dna-methylation-profiling_whole-genome-bisulfite-sequencing_Illumina.txt; a_OSD-99_transcription-profiling_rna-sequencing-(rna-seq)_Illumina HiSeq 4000.txt,Factor Value[Spaceflight],"{""Factor Value[Spaceflight]"": [""Ground Control"", ""Space Flight""]}"
OSD-100,3,True,251,Mus musculus,left eye,12,2,a_OSD-100_dna-methylation-profiling_whole-genome-bisulfite-sequencing.txt; a_OSD-100_transcription-profiling_rna-sequencing-(rna-seq).txt,Factor Value[Spaceflight],"{""Factor Value[Spaceflight]"": [""Ground Control"", ""Space Flight""]}"
OSD-101,5,True,268,Mus musculus,Left gastrocnemius; Not Applicable,16,4,a_OSD-101_dna-methylation-profiling_whole-genome-bisulfite-sequencing_Illumina.txt; a_OSD-101_protein-expression-profiling_mass-spectrometry_Orbitrap Fusion(Thermo Scientific).txt; a_OSD-101_rna-methylation-profiling_whole-transcriptome-bisulfite-sequencing_Illumina.txt; a_OSD-101_transcription-prof,Factor Value[Spaceflight],"{""Factor Value[Spaceflight]"": [""Ground Control"", ""Space Flight"", ""Not Applicable""]}"
OSD-102,5,True,268,Mus musculus; Not Applicable,Left kidney; Not Applicable,16,4,a_OSD-102_dna-methylation-profiling_whole-genome-bisulfite-sequencing_Illumina.txt; a_OSD-102_protein-expression-profiling_mass-spectrometry_LTQ Orbitrap Fusion (Thermo Scientific).txt; a_OSD-102_rna-methylation-profiling_whole-transcriptome-bisulfite-sequencing_Illumina.txt; a_OSD-102_transcription,Factor Value[Spaceflight],"{""Factor Value[Spaceflight]"": [""Space Flight"", ""Ground Control"", ""Not Applicable""]}"
OSD-103,5,True,573,Mus musculus; Not Applicable,Left quadriceps femoris; Not Applicable,16,4,a_OSD-103_dna-methylation-profiling_whole-genome-bisulfite-sequencing_Illumina.txt; a_OSD-103_protein-expression-profiling_mass-spectrometry_LTQ Orbitrap Fusion (Thermo Scientific).txt; a_OSD-103_rna-methylation-profiling_whole-transcriptome-bisulfite-sequencing_Illumina.txt; a_OSD-103_transcription,Factor Value[Spaceflight],"{""Factor Value[Spaceflight]"": [""Space Flight"", ""Ground Control"", ""Not Applicable""]}"
OSD-104,3,True,251,Mus musculus,Soleus-both sides,12,2,a_OSD-104_dna-methylation-profiling_whole-genome-bisulfite-sequencing_Illumina.txt; a_OSD-104_transcription-profiling_rna-sequencing-(rna-seq)_Illumina.txt,Factor Value[Spaceflight],"{""Factor Value[Spaceflight]"": [""Ground Control"", ""Space Flight""]}"
OSD-105,5,True,569,Mus musculus; Not Applicable,Left tibialis anterior; Not Applicable,16,4,a_OSD-105_dna-methylation-profiling_whole-genome-bisulfite-sequencing_illumina.txt; a_OSD-105_protein-expression-profiling_mass-spectrometry_ltq-orbitrap-fusion.txt; a_OSD-105_rna-methylation-profiling_whole-transcriptome-bisulfite-sequencing_illumina.txt; a_OSD-105_transcription-profiling_rna-seque,Factor Value[Spaceflight],"{""Factor Value[Spaceflight]"": [""Ground Control"", ""Space Flight"", ""Not Applicable""]}"
OSD-106,2,False,13,Streptococcus mutans,Cells,6,1,a_OSD-106_transcription-profiling_rna-sequencing-(rna-seq)_illumina hiseq 2500.txt,Factor Value[Microgravity Simulation],"{""Factor Value[Microgravity Simulation]"": [""1G by HARV"", ""uG by HARV""]}"
OSD-107,2,False,4,Mus musculus,osteoblasts from femur; primary cell,16,1,a_OSD-107_transcription-profiling_dna-microarray_illumina.txt,Factor Value[Genotype]; Factor Value[Microgravity Simulation]; Factor Value[Treatment],"{""Factor Value[Genotype]"": [""Pthrp-/-"", ""Wild Type""], ""Factor Value[Treatment]"": [""10-8 PTHrP1-36 peptide""], ""Factor Value[Microgravity Simulation]"": [""1G on Earth"", ""uG by rotary cell culture system""]}"
OSD-108,2,False,4,Mus musculus,Liver,18,1,a_OSD-108_metabolite-profiling_mass-spectrometry_Thermo-Finnigan Mass Spectrometer.txt,Factor Value[Spaceflight],"{""Factor Value[Spaceflight]"": [""Ground Control"", ""Space Flight"", ""Vivarium Control""]}"
OSD-109,2,False,27,Mus musculus,primary left ventricular cell,15,1,a_OSD-109_transcription-profiling_dna-microarray_Affymetrix.txt,Factor Value[Ionizing Radiation]; Factor Value[Time of Sample Collection After Treatment],"{""Factor Value[Ionizing Radiation]"": [""Fe-56 ion radiation"", ""sham-irradiated""], ""Factor Value[Time of Sample Collection After Treatment]"": [""1"", ""3"", ""7"", ""14"", ""28""]}"
OSD-110,3,False,6,Daphnia magna,Whole Organism,116,2,a_OSD-110_protein-expression-profiling_gel-electrophoresis_2d-dige.txt; a_OSD-110_protein-identification_mass-spectrometry_ltq orbitrap.txt,Factor Value[Microgravity Simulation],"{""Factor Value[Microgravity Simulation]"": [""uG by 2D-clinostat"", ""1G on Earth"", ""Not Applicable""]}"
OSD-111,2,False,27,Mus musculus,Extensor digitorum longus; Soleus,18,1,a_OSD-111_transcription-profiling_dna-microarray_affymetrix.txt,Factor Value[Spaceflight]; Factor Value[Tissue],"{""Factor Value[Spaceflight]"": [""Space Flight"", ""Ground Control"", ""Vivarium Control""], ""Factor Value[Tissue]"": [""Soleus"", ""Extensor digitorum longus""]}"
OSD-112,2,False,21,Caenorhabditis elegans,Whole Organism,9,1,a_OSD-112_transcription-profiling_dna-microarray_Agilent.txt,Factor Value[Altered Gravity]; Factor Value[Spaceflight],"{""Factor Value[Altered Gravity]"": [""uG"", ""1G by centrifugation"", ""1G on Earth""], ""Factor Value[Spaceflight]"": [""Space Flight"", ""Ground Control""]}"
OSD-113,2,False,18,Caenorhabditis elegans,Whole Organism,6,1,a_OSD-113_transcription-profiling_dna-microarray.txt,Factor Value[Spaceflight],"{""Factor Value[Spaceflight]"": [""Ground control"", ""Space Flight""]}"
OSD-114,2,False,4,Homo sapiens,Cells,15,1,a_OSD-114_transcription-profiling_dna-microarray_Agilent.txt,Factor Value[Spaceflight]; Factor Value[Treatment],"{""Factor Value[Spaceflight]"": [""Space Flight"", ""Ground Control""], ""Factor Value[Treatment]"": [""Non-treated"", ""Bleomycin""]}"
OSD-115,2,False,3,Homo sapiens,Cells,9,1,a_OSD-115_transcription-profiling_dna-microarray_.txt,Factor Value[Ionizing Radiation]; Factor Value[Time of Sample Collection After Treatment],"{""Factor Value[Ionizing Radiation]"": [""non-irradiated"", ""x-ray radiation""], ""Factor Value[Time of Sample Collection After Treatment]"": [""2"", ""24""]}"
OSD-116,3,False,10,Mus musculus,Skin,13,2,a_OSD-116_metabolite-profiling_mass-spectrometry_Thermo-Finnigan Mass Spectrometer.txt; a_OSD-116_transcription-profiling_real-time-pcr_rt2 profiler pcr array.txt,Factor Value[Spaceflight],"{""Factor Value[Spaceflight]"": [""Ground Control"", ""Space Flight""]}"
OSD-117,2,False,27,Mus musculus,murine left ventricular cardiomyocytes,15,1,a_OSD-117_transcription-profiling_dna-microarray_Affymetrix.txt,Factor Value[Ionizing Radiation]; Factor Value[Time of Sample Collection After Treatment],"{""Factor Value[Ionizing Radiation]"": [""proton"", ""sham-irradiated""], ""Factor Value[Time of Sample Collection After Treatment]"": [""1"", ""3"", ""5"", ""12"", ""26""]}"
OSD-118,3,False,22,Homo sapiens,Cells,16,2,a_OSD-118_transcription-profiling_dna-microarray_Exiqon.txt; a_OSD-118_transcription-profiling_dna-microarray_Illumina.txt,Factor Value[Spaceflight]; Factor Value[Time],"{""Factor Value[Spaceflight]"": [""Ground Control"", ""Space Flight""], ""Factor Value[Time]"": [""3"", ""14""]}"
OSD-119,2,False,24,Euprymna scolopes; Not Applicable; Vibrio fischeri ES114,Light organ,23,1,a_OSD-119_transcription-profiling_rna-sequencing-(rna-seq)_Illumina.txt,Factor Value[Microgravity Simulation]; Factor Value[Time]; Factor Value[Treatment],"{""Factor Value[Treatment]"": [""Not Inoculated"", ""Inoculated with filtered sea water"", ""Inoculated with V. fischeri""], ""Factor Value[Microgravity Simulation]"": [""Not Applicable"", ""1G by HARV"", ""uG by HARV""], ""Factor Value[Time]"": [""0"", ""12"", ""24""]}"
OSD-120,3,True,851,Arabidopsis thaliana,Plant Roots,90,2,a_OSD-120_image-analysis_photography_cara.txt; a_OSD-120_transcription-profiling_rna-sequencing-(rna-seq)_illumina.txt,Factor Value[Ecotype]; Factor Value[Spaceflight]; Factor Value[Treatment],"{""Factor Value[Ecotype]"": [""Col-0"", ""Wassilewskija ecotype"", ""Col-0 PhyD""], ""Factor Value[Spaceflight]"": [""Ground Control"", ""Space Flight""], ""Factor Value[Treatment]"": [""Light Treatment"", ""Dark Treatment""]}"
OSD-121,4,False,46,Arabidopsis thaliana,Plant Shoots,6,3,a_OSD-121_glycomic-profile_elisa_thermo fisher scientific.txt; a_OSD-121_morphometric-analysis_image-analysis_photography.txt; a_OSD-121_transcription-profiling_dna-microarray_affymetrix.txt,Factor Value[Spaceflight],"{""Factor Value[Spaceflight]"": [""Space Flight"", ""Ground Control""]}"
OSD-122,2,False,3,Rattus norvegicus,primary cell,25,1,a_OSD-122_protein-expression-profiling_mass-spectrometry_SYNAPT G2 HDMS (Waters).txt,Factor Value[Microgravity Simulation]; Factor Value[Time],"{""Factor Value[Time]"": [""0 - pilot"", ""48"", ""120"", ""12"", ""0""], ""Factor Value[Microgravity Simulation]"": [""pool"", ""Not Applicable"", ""1G on Earth"", ""uG by RWV""]}"
OSD-123,2,False,9,Danio rerio,Whole Organism,16,1,a_OSD-123_transcription-profiling_dna-microarray_Agilent.txt,Factor Value[Altered Gravity],"{""Factor Value[Altered Gravity]"": [""1G on Earth"", ""3G with centrifugation"", ""5G with centrifugation""]}"
OSD-124,2,False,18,Homo sapiens,,6,1,a_OSD-124_transcription-profiling_dna-microarray_affymetrix.txt,Factor Value[Electromagnetic Fields],"{""Factor Value[Electromagnetic Fields]"": [""non EMF treated control"", ""EMF treated""]}"
OSD-125,2,False,20,Homo sapiens,Cells,8,1,a_OSD-125_transcription-profiling_dna-microarray_Affymetrix.txt,Factor Value[Cell Line]; Factor Value[Microgravity Simulation],"{""Factor Value[Cell Line]"": [""DLD1"", ""MOLT-4""], ""Factor Value[Microgravity Simulation]"": [""1G on Earth"", ""uG by rotary cell culture system""]}"
OSD-126,2,False,145,Microbiota,Dust; Not Applicable,15,1,a_OSD-126_amplicon-sequencing_16s_Illumina.txt,Factor Value[Sample Location]; Factor Value[Spaceflight]; Factor Value[Treatment],"{""Factor Value[Sample Location]"": [""Negative Control"", ""dust filter of ventilation system 1 (DFVS-1)"", ""vacuum (VAC)"", ""dust filter of ventilation system (DFVS)"", ""dust filter of ventilation system 2 (DFVS-2)""], ""Factor Value[Spaceflight]"": [""Space Flight""], ""Factor Value[Treatment]"": [""not incubated (noINCd)"", ""incubated (INCd)""]}"
OSD-127,2,True,122,Homo sapiens,,6,1,a_OSD-127_transcription-profiling_rna-sequencing-(rna-seq)_Illumina HiSeq1000.txt,Factor Value[Microgravity Simulation],"{""Factor Value[Microgravity Simulation]"": [""1G by random positioning machine"", ""uG by random positioning machine""]}"
OSD-128,2,False,3,Homo sapiens,Human Peripheral blood lymphocytes (PBL),72,1,a_OSD-128_transcription-profiling_mirna-microarray_agilent.txt,Factor Value[Absorbed Radiation Dose]; Factor Value[Ionizing Radiation]; Factor Value[Simulated Microgravity]; Factor Value[Time],"{""Factor Value[Absorbed Radiation Dose]"": [""2"", ""0"", ""0.2""], ""Factor Value[Simulated Microgravity]"": [""1G on Earth"", ""uG by RWV""], ""Factor Value[Ionizing Radiation]"": [""cesium-137 gamma radiation"", ""non-irradiated""], ""Factor Value[Time]"": [""4"", ""24""]}"
OSD-129,2,False,32,Homo sapiens,Human Peripheral blood lymphocytes (PBL),20,1,a_OSD-129_transcription-profiling_dna-microarray_Agilent.txt,Factor Value[Ionizing Radiation]; Factor Value[Microgravity Simulation],"{""Factor Value[Microgravity Simulation]"": [""1G on Earth"", ""uG by RWV""], ""Factor Value[Ionizing Radiation]"": [""cesium-137 gamma radiation"", ""non-irradiated""]}"
OSD-130,2,False,4,Homo sapiens,Cells,12,1,a_OSD-130_transcription-profiling_dna-microarray_Illumina HumanHT-12 V4.0 expression beadchip.txt,Factor Value[Genotype]; Factor Value[Ionizing Radiation]; Factor Value[Time of Sample Collection After Treatment],"{""Factor Value[Genotype]"": [""Wild Type"", ""RAD51 knockdown""], ""Factor Value[Ionizing Radiation]"": [""non-irradiated"", ""Fe-56 ion radiation""], ""Factor Value[Time of Sample Collection After Treatment]"": [""0"", ""4"", ""8""]}"
OSD-131,2,False,4,Mus musculus,Lewis lung carcinoma (LLC) tumor; total RNA,57,1,a_gse45609_transcription_profiling_DNA_microarray.txt,Factor Value[Age]; Factor Value[Ionizing Radiation],"{""Factor Value[Ionizing Radiation]"": [""none"", ""0.5Gyx3 proton irradiation""], ""Factor Value[Age]"": [""68"", ""736""]}"
OSD-132,2,False,9,Aspergillus niger; Aspergillus terreus; Aureobasidium pullulans; Beauveria bassiana; Cladosporium cladosporioides; Clado,Soil; Wipes,8,1,a_OSD-132_genome-sequencing_nucleotide-sequencing_Illumina.txt,,{}
OSD-133,2,False,23,Oryzias latipes,Pharyngeal; Whole Organism,14,1,a_OSD-133_transcription-profiling_rna-sequencing-(rna-seq)_illumina-1.txt,Factor Value[Spaceflight]; Factor Value[Time],"{""Factor Value[Spaceflight]"": [""Space Flight"", ""Ground Control""], ""Factor Value[Time]"": [""2"", ""6""]}"
OSD-134,2,False,34,Arabidopsis thaliana,root; shoot,33,1,a_OSD-134_transcription-profiling_dna-microarray_affymetrix.txt,Factor Value[Atmospheric Pressure]; Factor Value[Organism Part],"{""Factor Value[Atmospheric Pressure]"": [""97"", ""50"", ""25"", ""50+O2 to 21"", ""25+O2 to 21"", ""97+O2 to 5.1""], ""Factor Value[Organism Part]"": [""root"", ""shoot""]}"
OSD-135,2,False,32,Mus musculus,,23,1,a_OSD-135_transcription-profiling_dna-microarray_affymetrix.txt,Factor Value[Spaceflight]; Factor Value[Tissue],"{""Factor Value[Spaceflight]"": [""Space Flight"", ""Ground Control"", ""Vivarium Control""], ""Factor Value[Tissue]"": [""longissimus dorsi muscle"", ""tongue muscle""]}"
OSD-136,2,False,21,Arabidopsis thaliana,Plant Roots,9,1,a_OSD-136_transcription-profiling_dna-microarray_Affymetrix.txt,Factor Value[Atmospheric Pressure],"{""Factor Value[Atmospheric Pressure]"": [""97,000"", ""50,000"", ""50,000 pascal + O2 to 21,000""]}"
OSD-137,5,False,412,Mus musculus,Liver,19,4,a_OSD-137_dna-methylation-profiling_whole-genome-bisulfite-sequencing_illumina.txt; a_OSD-137_molecular-cellular-imaging_microscopy_pannoramic scan (3d histech).txt; a_OSD-137_protein-expression-profiling_mass-spectrometry_ltq orbitrap velos (thermo scientific).txt; a_OSD-137_transcription-profiling,Factor Value[Spaceflight],"{""Factor Value[Spaceflight]"": [""Basal Control"", ""Ground Control"", ""Space Flight"", ""Not applicable""]}"
OSD-138,5,True,186,Bacillus subtilis; Not Applicable,Cells; Not Applicable,33,4,a_OSD-138_metabolite-profiling_mass-spectrometry_6530 q-tof lcms (agilent).txt; a_OSD-138_metabolite-profiling_mass-spectrometry_leco pegasus tof.txt; a_OSD-138_protein-expression-profiling_mass-spectrometry_ltq orbitrap fusion (thermo scientific).txt; a_OSD-138_transcription-profiling_rna-sequencin,Factor Value[Freezing]; Factor Value[Spaceflight],"{""Factor Value[Spaceflight]"": [""Space Flight"", ""Ground Control"", ""Laboratory Control"", ""Not Applicable""], ""Factor Value[Freezing]"": [""Frozen"", ""Not frozen"", ""Not Applicable""]}"
OSD-139,2,False,6,Mus musculus,Left extensor digitorum longus; Left soleus; Vastus lateralis,142,1,a_OSD-139_protein-expression-profiling_mass-spectrometry_Q-Exactive plus.txt,Factor Value[Spaceflight]; Factor Value[Tissue],"{""Factor Value[Tissue]"": [""Left extensor digitorum longus"", ""Left soleus"", ""Vastus lateralis""], ""Factor Value[Spaceflight]"": [""pool"", ""Space Flight"", ""post-flight"", ""Vivarium Control"", ""Ground Control"", ""post-flight Control""]}"
OSD-140,2,False,7,Homo sapiens,Blood Cells,36,1,a_OSD-140_dna-methylation-profiling_dna-microarray.txt,Factor Value[Time],"{""Factor Value[Time]"": [""Start - 7"", ""Start + 60"", ""Start + 168"", ""Start + 300"", ""Start + 512"", ""Start + 527""]}"
OSD-141,2,True,128,Mus musculus,Cells; Tissue; Whole Spleen,5,1,a_OSD-141_transcription-profiling_rna-sequencing-(rna-seq)_Illumina MiSeq.txt,Factor Value[Library Construction Protocol]; Factor Value[Sample Collection Protocol],"{""Factor Value[Sample Collection Protocol]"": [""Spleen Cells"", ""Spleen Tissue"", ""Whole Spleen""], ""Factor Value[Library Construction Protocol]"": [""library construction 1"", ""library construction 2""]}"
OSD-144,2,False,4,Arabidopsis thaliana,Cells,24,1,a_OSD-144_transcription-profiling_dna-microarray_Nimblegen.txt,Factor Value[Cell cycle phase]; Factor Value[Microgravity Simulation],"{""Factor Value[Cell cycle phase]"": [""Asynchronous cells"", ""G1"", ""G2""], ""Factor Value[Microgravity Simulation]"": [""1G on Earth"", ""uG by random positioning machine""]}"
OSD-145,5,True,250,Staphylococcus aureus,Cells,34,4,a_OSD-145_metabolite-profiling_mass-spectrometry_6530 Q-TOF LCMS (Agilent).txt; a_OSD-145_metabolite-profiling_mass-spectrometry_Leco Pegasus TOF.txt; a_OSD-145_protein-expression-profiling_mass-spectrometry_LTQ Orbitrap Fusion (Thermo Scientific).txt; a_OSD-145_transcription-profiling_rna-sequencin,Factor Value[Freezing]; Factor Value[Spaceflight],"{""Factor Value[Spaceflight]"": [""Space Flight"", ""Ground Control"", ""Laboratory Control""], ""Factor Value[Freezing]"": [""Frozen"", ""Not frozen""]}"
OSD-146,2,False,494,Microbiota; Mus musculus,Feces,80,1,a_OSD-146_amplicon-sequencing_16s_Illumina.txt,Factor Value[Absorbed Radiation Dose]; Factor Value[Ionizing Radiation]; Factor Value[Time of Sample Collection After Treatment],"{""Factor Value[Ionizing Radiation]"": [""O-16 ion radiation"", ""sham-irradiated""], ""Factor Value[Absorbed Radiation Dose]"": [""0.1"", ""0.25"", ""1"", ""0""], ""Factor Value[Time of Sample Collection After Treatment]"": [""10"", ""30""]}"
OSD-147,2,False,33,Arabidopsis thaliana,hypocotyl cell culture,18,1,a_OSD-147_transcription-profiling_dna-microarray_Affymetrix.txt,Factor Value[Genotype]; Factor Value[Spaceflight],"{""Factor Value[Genotype]"": [""ARG1 KO"", ""Wild Type""], ""Factor Value[Spaceflight]"": [""Space Flight"", ""Ground Control""]}"
OSD-148,2,False,4,Mus musculus,Left Lung,42,1,a_OSD-148_transcription-profiling_dna-microarray_illumina.txt,Factor Value[Ionizing Radiation]; Factor Value[Number of Radiation Doses]; Factor Value[Sex],"{""Factor Value[Sex]"": [""Female"", ""Male""], ""Factor Value[Ionizing Radiation]"": [""non-irradiated"", ""Fe-56 ion radiation""], ""Factor Value[Number of Radiation Doses]"": [""0"", ""1"", ""5""]}"
OSD-149,2,False,4,Homo sapiens,bronchial epithelial cell,6,1,a_OSD-149_transcription-profiling_dna-microarray_illumina.txt,Factor Value[Culture Condition],"{""Factor Value[Culture Condition]"": [""2D"", ""3D""]}"
OSD-151,2,False,42,Homo sapiens,3D cells,30,1,a_OSD-151_transcription-profiling_dna-microarray_Agilent.txt,Factor Value[Absorbed Radiation Dose]; Factor Value[Ionizing Radiation]; Factor Value[Radiation Distance],"{""Factor Value[Ionizing Radiation]"": [""non-irradiated"", ""proton""], ""Factor Value[Radiation Distance]"": [""625-875"", ""125-375"", ""375-625"", ""0""], ""Factor Value[Absorbed Radiation Dose]"": [""0"", ""2.5"", ""0.5""]}"
OSD-152,2,False,61,Homo sapiens,Peripheral blood cell,50,1,a_OSD-152_transcription-profiling_dna-microarray_Agilent.txt,Factor Value[Absorbed Radiation Dose]; Factor Value[Ionizing Radiation]; Factor Value[Time of Sample Collection After Treatment],"{""Factor Value[Ionizing Radiation]"": [""sham-irradiated"", ""Cesium-137 gamma radiation""], ""Factor Value[Absorbed Radiation Dose]"": [""0"", ""0.5"", ""2"", ""5"", ""8""], ""Factor Value[Time of Sample Collection After Treatment]"": [""6"", ""24""]}"
OSD-153,2,False,29,Mus musculus,whole 4th (inguinal) mammary glands,17,1,a_OSD-153_transcription-profiling_dna-microarray_affymetrix.txt,Factor Value[Genotype]; Factor Value[Ionizing Radiation]; Factor Value[Time of Sample Collection After Treatment],"{""Factor Value[Ionizing Radiation]"": [""sham-irradiated"", ""Cobalt-60 gamma radiation""], ""Factor Value[Genotype]"": [""Wild Type"", ""Tgfb1 heterozygote""], ""Factor Value[Time of Sample Collection After Treatment]"": [""1"", ""4""]}"
OSD-154,2,False,42,Homo sapiens,Cells,30,1,a_OSD-154_transcription-profiling_dna-microarray_Affymetrix.txt,Factor Value[Absorbed Radiation Dose]; Factor Value[Cell Line],"{""Factor Value[Cell Line]"": [""GM15036"", ""GM15510""], ""Factor Value[Absorbed Radiation Dose]"": [""1"", ""2.5"", ""5"", ""7.5"", ""10""]}"
OSD-155,2,False,107,Homo sapiens,Whole Blood,95,1,a_OSD-155_transcription-profiling_dna-microarray_Agilent.txt,Factor Value[Absorbed Radiation Dose]; Factor Value[Ionizing Radiation]; Factor Value[Smoking Status],"{""Factor Value[Smoking Status]"": [""smoker"", ""non-smoker""], ""Factor Value[Ionizing Radiation]"": [""cesium-137 gamma radiation"", ""sham-irradiated""], ""Factor Value[Absorbed Radiation Dose]"": [""0.5"", ""0.1"", ""0"", ""2""]}"
OSD-156,2,False,4,Mus musculus,total RNA,18,1,a_OSD-156_transcription-profiling_dna-microarray_Agilent.txt,Factor Value[Dose]; Factor Value[Ionizing Radiation],"{""Factor Value[Dose]"": [""0"", ""8"", ""2""], ""Factor Value[Ionizing Radiation]"": [""gamma""]}"
OSD-157,2,False,94,Homo sapiens,Whole Blood,75,1,a_OSD-157_transcription-profiling_dna-microarray_Agilent.txt,Factor Value[Absorbed Radiation Dose]; Factor Value[Ionizing Radiation]; Factor Value[Sex]; Factor Value[Time of Sample Collection After Treatment],"{""Factor Value[Sex]"": [""Male"", ""Female""], ""Factor Value[Ionizing Radiation]"": [""cesium-137 gamma radiation"", ""non-irradiated""], ""Factor Value[Absorbed Radiation Dose]"": [""0.5"", ""0"", ""2"", ""5"", ""8""], ""Factor Value[Time of Sample Collection After Treatment]"": [""6"", ""48"", ""24""]}"
OSD-158,2,False,4,Mus musculus,mammary gland,5,1,a_E-GEOD-57196_GeneChip_assay.txt,Factor Value[Dose]; Factor Value[Ionizing Radiation]; Factor Value[treatment],"{""Factor Value[Ionizing Radiation]"": [""gamma""], ""Factor Value[Dose]"": [""2"", ""0"", ""7""], ""Factor Value[treatment]"": [""7 Gy"", ""2 Gy"", ""control""]}"
OSD-159,2,False,6,Mus musculus,whole blood,48,1,a_OSD-159_transcription-profiling_dna-microarray_Agilent.txt,Factor Value[Dose]; Factor Value[Ionizing Radiation],"{""Factor Value[Ionizing Radiation]"": [""gamma""], ""Factor Value[Dose]"": [""0"", ""4.1"", ""9.5"", ""2.7"", ""9.9"", ""2""]}"
OSD-160,2,False,24,Mus musculus,4T1 tumor,12,1,a_OSD-160_transcription-profiling_dna-microarray_Affymetrix.txt,Factor Value[Ionizing Radiation]; Factor Value[Treatment],"{""Factor Value[Treatment]"": [""Isotype Control Injection"", ""1D11 Injection""], ""Factor Value[Ionizing Radiation]"": [""sham-irradiated"", ""Cobalt-60 gamma radiation""]}"
OSD-161,4,True,307,Mus musculus,Adrenal gland; Not applicable; Right adrenal gland,33,3,a_OSD-161_dna-methylation-profiling_nucleotide-sequencing_Illumina.txt; a_OSD-161_protein-expression-profiling_mass-spectrometry_LTQ Orbitrap Velos (Thermo Scientific).txt; a_OSD-161_transcription-profiling_rna-sequencing-(rna-seq)_Illumina HiSeq 4000.txt,Factor Value[Spaceflight],"{""Factor Value[Spaceflight]"": [""Basal Control"", ""Ground Control"", ""Space Flight"", ""Not Applicable""]}"
OSD-162,3,True,292,Mus musculus,eye; left eye; right eye,21,2,a_OSD-162_protein-expression-profiling_mass-spectrometry.txt; a_OSD-162_transcription-profiling_rna-sequencing-(rna-seq)_illumina.txt,Factor Value[Spaceflight],"{""Factor Value[Spaceflight]"": [""Basal Control"", ""Space Flight"", ""Ground Control"", ""Not Applicable""]}"
OSD-163,4,True,361,Mus musculus,Left kidney,19,3,a_OSD-163_dna-methylation-profiling_nucleotide-sequencing_Illumina.txt; a_OSD-163_protein-expression-profiling_mass-spectrometry_LTQ Orbitrap Velos (Thermo Scientific).txt; a_OSD-163_transcription-profiling_rna-sequencing-(rna-seq)_Illumina HiSeq 4000.txt,Factor Value[Spaceflight],"{""Factor Value[Spaceflight]"": [""Basal Control"", ""Ground Control"", ""Space Flight"", ""Not Applicable""]}"
OSD-164,2,False,230,Mus musculus,Liver; Spleen,12,1,a_OSD-164_transcription-profiling_rna-sequencing-(rna-seq)_MiSeq.txt,Factor Value[Spaceflight]; Factor Value[Tissue],"{""Factor Value[Spaceflight]"": [""Ground Control"", ""Space Flight""], ""Factor Value[Tissue]"": [""Liver"", ""Spleen""]}"
OSD-168,2,True,919,Mus musculus,Liver,52,1,a_OSD-168_transcription-profiling_rna-sequencing-(rna-seq)_Illumina HiSeq 4000.txt,Factor Value[Space Mission]; Factor Value[Spaceflight]; Factor Value[Spike-in Quality Control],"{""Factor Value[Spaceflight]"": [""Basal Control"", ""Vivarium Control"", ""Ground Control"", ""Space Flight""], ""Factor Value[Space Mission]"": [""SpaceX-4 (RR1)"", ""SpaceX-8 (RR3)""], ""Factor Value[Spike-in Quality Control]"": [""With Spike-in"", ""Without Spike-in""]}"
OSD-170,2,False,194,cellular organisms,bioaerosol,30,1,a_OSD-170_amplicon-sequencing_16s_Illumina.txt,Factor Value[Altitude]; Factor Value[Sample Location]; Factor Value[Time],"{""Factor Value[Altitude]"": [""Ground"", ""Atmosphere""], ""Factor Value[Time]"": [""Pre-flight"", ""Post-flight"", ""Ascent/Descent, in-flight"", ""Cruise, in-flight"", ""Negative control""], ""Factor Value[Sample Location]"": [""Ground, side of aircraft"", ""Top stage of sampler"", ""Bottom stage of sampler"", ""Ground, post-flight, side of aircraft"", ""Blank filter loaded into upper stage of sampler"", ""Hardware, probe sample"", ""Hardware, window plate sample""]}"
OSD-172,2,False,60,Homo sapiens,Cells,24,1,a_OSD-172_transcription-profiling_dna-microarray_Affymetrix.txt,Factor Value[Altered Gravity],"{""Factor Value[Altered Gravity]"": [""1G on Earth"", ""1G by horizontal flight"", ""1.8G by parabolic flight"", ""uG by parabolic flight""]}"
OSD-173,2,True,137,Mus musculus,Liver,6,1,a_OSD-173_transcription-profiling_rna-sequencing-(rna-seq)_Illumina.txt,Factor Value[Spaceflight],"{""Factor Value[Spaceflight]"": [""Vivarium Control"", ""Ground Control"", ""Space Flight""]}"
OSD-174,2,False,43,Homo sapiens,Hair follicle,60,1,a_OSD-174_transcription-profiling_dna-microarray_Agilent.txt,Factor Value[Sex]; Factor Value[Spaceflight]; Factor Value[Time],"{""Factor Value[Time]"": [""Launch minus 180 to 90"", ""Launch minus 60 to 14"", ""Launch plus 20 to 37"", ""Return minus 20 to 7"", ""Return plus 2 to 7"", ""Return plus 30 to 90""], ""Factor Value[Sex]"": [""Male"", ""Female""], ""Factor Value[Spaceflight]"": [""pre-flight"", ""in-flight"", ""post-flight""]}"
OSD-175,2,False,4,Homo sapiens,primary lung fibroblast cells,12,1,a_OSD-175_transcription-profiling_dna-microarray_Agilent.txt,Factor Value[Absorbed Radiation Dose]; Factor Value[Ionizing Radiation],"{""Factor Value[Ionizing Radiation]"": [""He-4 ion radiation"", ""bystander effect"", ""sham-irradiated""], ""Factor Value[Absorbed Radiation Dose]"": [""0.5"", ""0""]}"
OSD-176,2,False,14,Homo sapiens,Cells,12,1,a_OSD-176_transcription-profiling_dna-microarray_Agilent.txt,Factor Value[Ionizing Radiation]; Factor Value[Radiation Distance],"{""Factor Value[Ionizing Radiation]"": [""sham-irradiated"", ""alpha-particle""], ""Factor Value[Radiation Distance]"": [""Not Applicable"", ""bystander (38 micron Mylar)"", ""direct irradiation (6 micron Mylar)""]}"
OSD-177,2,False,3,Fusarium oxysporum,Cells,2,1,a_OSD-177_genome-sequencing_nucleotide-sequencing_Illumina.txt,Factor Value[Spaceflight],"{""Factor Value[Spaceflight]"": [""Space Flight""]}"
OSD-178,2,False,84,Homo sapiens,Cells,72,1,a_OSD-178_transcription-profiling_dna-microarray_Agilent.txt,Factor Value[Ionizing Radiation]; Factor Value[Radiation Distance]; Factor Value[Time of Sample Collection After Treatment],"{""Factor Value[Ionizing Radiation]"": [""He-4 ion radiation"", ""sham-irradiated""], ""Factor Value[Radiation Distance]"": [""bystander (inner dish)"", ""Not Applicable"", ""directly irradiated (outer dish)""], ""Factor Value[Time of Sample Collection After Treatment]"": [""0.5"", ""1"", ""2"", ""4"", ""6"", ""24""]}"
OSD-182,2,False,24,Homo sapiens,Cells,12,1,a_OSD-182_transcription-profiling_dna-microarray_Agilent.txt,Factor Value[Ionizing Radiation]; Factor Value[Treatment],"{""Factor Value[Ionizing Radiation]"": [""He-4 ion radiation"", ""sham-irradiated""], ""Factor Value[Treatment]"": [""depleted"", ""normal""]}"
OSD-183,2,False,61,Homo sapiens,Cells,50,1,a_OSD-183_transcription-profiling_dna-microarray_Agilent.txt,Factor Value[Genotype]; Factor Value[Ionizing Radiation]; Factor Value[Micronucleus Index]; Factor Value[Radiation Distance],"{""Factor Value[Genotype]"": [""Rad9 normal"", ""Rad9 deficient""], ""Factor Value[Ionizing Radiation]"": [""alpha-particle"", ""sham-irradiated""], ""Factor Value[Radiation Distance]"": [""bystander (34 micron Mylar)"", ""direct irradiation (6 micron Mylar)""], ""Factor Value[Micronucleus Index]"": [""less than 3"", ""greater than 20""]}"
OSD-185,2,True,125,Bacillus subtilis,Cells,6,1,a_OSD-185_transcription-profiling_rna-sequencing-(rna-seq)_Illumina.txt,Factor Value[Spaceflight],"{""Factor Value[Spaceflight]"": [""Space Flight"", ""Ground Control""]}"
OSD-188,2,False,51,Homo sapiens,Cells,39,1,a_OSD-188_transcription-profiling_dna-microarray_Affymetrix.txt,Factor Value[Altered Gravity],"{""Factor Value[Altered Gravity]"": [""1G In-flight Control in Reference Centrifuge"", ""In-flight Baseline Control"", ""uG In-flight"", ""Hardware 1G Ground Control"", ""Cell Culture Control""]}"
OSD-189,2,False,60,Homo sapiens,Cells,24,1,a_OSD-189_transcription-profiling_dna-microarray_Affymetrix.txt,Factor Value[Altered Gravity],"{""Factor Value[Altered Gravity]"": [""1G on Earth Baseline"", ""1G on Earth"", ""uG by clinostat"", ""9G by centrifugation""]}"
OSD-190,2,False,10,Caenorhabditis elegans,,18,1,a_OSD-190_transcription-profiling_dna-microarray_non-commercial.txt,Factor Value[Altered Gravity],"{""Factor Value[Altered Gravity]"": [""15G by centrifugation"", ""1G on Earth"", ""10G by centrifugation"", ""5G by centrifugation""]}"
OSD-191,2,False,1447,Homo sapiens; Microbiota,Feces,159,1,a_OSD-191_amplicon-sequencing_16s_illumina.txt,Factor Value[Time],"{""Factor Value[Time]"": [""120 days"", ""14 days"", ""150 days"", ""180 days"", ""21 days"", ""210 days"", ""30 days"", ""300 days""]}"
OSD-192,2,False,13,Helix lucorum,statocyst,12,1,a_OSD-192_transcription-profiling_rna-sequencing-(rna-seq)_Ion Proton.txt,Factor Value[Animal Housing]; Factor Value[Food Deprivation]; Factor Value[Light Cycle]; Factor Value[Spaceflight]; Factor Value[Water Deprivation],"{""Factor Value[Light Cycle]"": [""12 hrs Dark"", ""24 hours Dark""], ""Factor Value[Animal Housing]"": [""crowded"", ""Standard""], ""Factor Value[Food Deprivation]"": [""Yes"", ""No""], ""Factor Value[Water Deprivation]"": [""Yes"", ""No""], ""Factor Value[Spaceflight]"": [""Ground Control"", ""Naive"", ""Space Flight""]}"
OSD-193,2,True,579,Arabidopsis thaliana,Plant Roots,32,1,a_OSD-193_transcription-profiling_rna-sequencing-(rna-seq)_Illumina.txt,Factor Value[Genotype]; Factor Value[Spaceflight]; Factor Value[Time],"{""Factor Value[Genotype]"": [""Col-0"", ""Sku6""], ""Factor Value[Spaceflight]"": [""Ground Control"", ""Space Flight""], ""Factor Value[Time]"": [""4"", ""8""]}"
OSD-194,2,True,256,Mus musculus,Left retina; Right retina,13,1,a_OSD-194_transcription-profiling_rna-sequencing-(rna-seq)_Illumina.txt,Factor Value[Spaceflight],"{""Factor Value[Spaceflight]"": [""Basal Control"", ""Ground Control"", ""Space Flight""]}"
OSD-195,2,False,49,Homo sapiens,Vastus Lateralis,24,1,a_OSD-195_transcription-profiling_dna-microarray_Affymetrix.txt,Factor Value[Bed Rest]; Factor Value[Time],"{""Factor Value[Bed Rest]"": [""Before Bed Rest"", ""After Bed Rest""], ""Factor Value[Time]"": [""minus 6"", ""plus 21""]}"
OSD-198,2,False,70,Homo sapiens,Vastus Lateralis,68,1,a_OSD-198_transcription-profiling_mirna-microarray_Affymetrix.txt,Factor Value[Bed Rest]; Factor Value[Experimental Campaign]; Factor Value[Time],"{""Factor Value[Experimental Campaign]"": [""HAMB"", ""HBR"", ""NBR""], ""Factor Value[Bed Rest]"": [""Before Bed Rest"", ""After Bed Rest""], ""Factor Value[Time]"": [""minus 6"", ""plus 21""]}"
OSD-199,2,False,5,Lactobacillus acidophilus,cell pellets,4,1,a_OSD-199_transcription-profiling_rna-sequencing-(rna-seq)_Illumina.txt,Factor Value[Microgravity Simulation],"{""Factor Value[Microgravity Simulation]"": [""1G on Earth"", ""uG by RWV""]}"
OSD-200,2,False,145,Bacillus atrophaeus; Escherichia coli; Microbiota,Dust; blank,15,1,a_OSD-200_amplicon-sequencing_16s-and-its_Illumina.txt,Factor Value[Sample Location]; Factor Value[Sieve Size]; Factor Value[Spaceflight]; Factor Value[Treatment],"{""Factor Value[Spaceflight]"": [""Space Flight""], ""Factor Value[Sample Location]"": [""ISS Node 3"", ""Air Handling System Filter Screen (AHSFS)"", ""Not Applicable""], ""Factor Value[Treatment]"": [""Passive Aerosol Sample (PAS)"", ""Sieved Dust"", ""Not Applicable"", ""Sieved Dust Blank"", ""Passive Aerosol Blank""], ""Factor Value[Sieve Size]"": [""106 to 150"", ""250 to 500"", ""150 to 250"", ""75 to 106""]}"
OSD-201,2,True,610,Mus musculus,Spleen,32,1,a_OSD-201_transcription-profiling_rna-sequencing-(rna-seq).txt,Factor Value[Hindlimb unloading]; Factor Value[tetanus toxoid]; Factor Value[vaccine adjuvant],"{""Factor Value[Hindlimb unloading]"": [""Hindlimb Unloaded"", ""Hindlimb Loaded Control""], ""Factor Value[tetanus toxoid]"": [""not tetanus toxoid injected"", ""tetanus toxoid injected""], ""Factor Value[vaccine adjuvant]"": [""not CpG injected"", ""CpG injected""]}"
OSD-202,4,True,749,Mus musculus,brain,84,3,a_OSD-202_dna-methylation-profiling_reduced-representation-bisulfite-sequencing_Illumina.txt; a_OSD-202_transcription-profiling_dna-microarray_Illumina.txt; a_OSD-202_transcription-profiling_rna-sequencing-(rna-seq)_Illumina.txt,Factor Value[Hindlimb Unloading]; Factor Value[Ionizing Radiation]; Factor Value[Time of Sample Collection After Treatment],"{""Factor Value[Ionizing Radiation]"": [""non-irradiated"", ""cobalt-57 gamma radiation""], ""Factor Value[Hindlimb Unloading]"": [""Normally Loaded Control"", ""Hindlimb Unloaded""], ""Factor Value[Time of Sample Collection After Treatment]"": [""7"", ""1"", ""4"", ""9""]}"
OSD-203,3,True,883,Mus musculus,Retina,59,2,a_OSD-203_dna-methylation-profiling_reduced-representation-bisulfite-sequencing_Illumina.txt; a_OSD-203_transcription-profiling_rna-sequencing-(rna-seq)_Illumina.txt,Factor Value[Hindlimb Unloading]; Factor Value[Ionizing Radiation]; Factor Value[Time of Sample Collection After Treatment],"{""Factor Value[Time of Sample Collection After Treatment]"": [""7"", ""1"", ""4""], ""Factor Value[Ionizing Radiation]"": [""non-irradiated"", ""cobalt-57 gamma radiation""], ""Factor Value[Hindlimb Unloading]"": [""Normally Loaded Control"", ""Hindlimb Unloaded""]}"
OSD-205,2,False,44,Arabidopsis thaliana,hypocotyl cell culture,16,1,a_OSD-205_transcription-profiling_dna-microarray_Affymetrix.txt,Factor Value[Genotype]; Factor Value[Spaceflight],"{""Factor Value[Spaceflight]"": [""Space Flight"", ""Ground Control""], ""Factor Value[Genotype]"": [""Wild Type"", ""HSFA2 KO""]}"
OSD-207,3,True,644,Drosophila melanogaster,Head,32,2,a_OSD-207_protein-expression-profiling_mass-spectrometry.txt; a_OSD-207_transcription-profiling_rna-sequencing-(rna-seq).txt,Factor Value[Genotype]; Factor Value[Spaceflight]; Factor Value[Strain],"{""Factor Value[Strain]"": [""Canton-S"", ""w1118""], ""Factor Value[Genotype]"": [""Wild Type"", ""KCNQ370"", ""Sei ts1""], ""Factor Value[Spaceflight]"": [""Ground Control"", ""Space Flight""]}"
OSD-208,3,True,201,Arabidopsis thaliana,root,6,2,a_OSD-208_transcription-profiling_dna-microarray_affymetrix.txt; a_OSD-208_transcription-profiling_rna-sequencing-(rna-seq)_illumina.txt,Factor Value[Tissue],"{""Factor Value[Tissue]"": [""ROOT ZONE I (0.5mm)"", ""ROOT ZONE II (1.5mm)""]}"
OSD-209,2,False,59,Mus musculus,Liver,10,1,a_OSD-209_protein-expression-profiling_mass-spectrometry_Exactive (Thermo Scientific).txt,Factor Value[Absorbed Radiation Dose]; Factor Value[Dissection Timeline]; Factor Value[Spaceflight],"{""Factor Value[Spaceflight]"": [""Space Flight"", ""Ground Control""], ""Factor Value[Dissection Timeline]"": [""seven days after landing"", ""13 - 25 h after landing"", ""13 - 25 h after completion""], ""Factor Value[Absorbed Radiation Dose]"": [""30.07"", ""0""]}"
OSD-210,3,False,6,Arabidopsis thaliana,,5,2,a_gse121111_genome_sequencing_nucleotide_sequencing.txt; a_gse121111_transcription_profiling_nucleotide_sequencing.txt,Factor Value[Genotype],"{""Factor Value[Genotype]"": [""Mutant #1, from the M0 generation of ANT plants"", ""Mutant #2, from the M0 generation of ANT plants"", ""Mutant #4, from the M0 generation of ANT plants"", ""Mutant #5, from the M0 generation of ANT plants"", ""Mutant Pools #7&8, from the M0 generation of ANT plants""]}"
OSD-211,2,True,499,Mus musculus,Spleen,21,1,a_OSD-211_transcription-profiling_rna-sequencing-(rna-seq)_Illumina NovaSeq 6000.txt,Factor Value[Hindlimb Unloading]; Factor Value[Ionizing Radiation],"{""Factor Value[Hindlimb Unloading]"": [""Normally Loaded Control"", ""Hindlimb Unloaded""], ""Factor Value[Ionizing Radiation]"": [""non-irradiated"", ""cobalt-57 gamma radiation""]}"
OSD-212,2,False,65,Microbiota; Mus musculus,Feces,32,1,a_OSD-212_amplicon-sequencing_16s_illumina.txt,Factor Value[Spaceflight],"{""Factor Value[Spaceflight]"": [""Basal Control"", ""Vivarium Control"", ""Space Flight"", ""Ground Control""]}"
OSD-214,2,True,466,Mus musculus,Bone Marrow,24,1,a_OSD-214_transcription-profiling_rna-sequencing-(rna-seq).txt,Factor Value[Hindlimb Unloading]; Factor Value[Tetanus Toxoid]; Factor Value[Vaccine Adjuvant],"{""Factor Value[Hindlimb Unloading]"": [""Hindlimb Unloaded"", ""Normally Loaded Control""], ""Factor Value[Tetanus Toxoid]"": [""not tetanus toxoid injected"", ""tetanus toxoid injected""], ""Factor Value[Vaccine Adjuvant]"": [""not CpG injected"", ""CpG injected""]}"
OSD-215,2,False,17,Bacillus subtilis,Spores,8,1,a_OSD-215_transcription-profiling_RNA-Sequencing-(RNA-Seq)-Illumina.txt,Factor Value[Microgravity Simulation],"{""Factor Value[Microgravity Simulation]"": [""uG by HARV"", ""1G on Earth""]}"
OSD-216,2,False,17,Bacillus subtilis,Cells,8,1,a_OSD-216_transcription-profiling_rna-sequencing-(rna-seq)_Illumina.txt,Factor Value[Microgravity Simulation],"{""Factor Value[Microgravity Simulation]"": [""uG by HARV"", ""1G on Earth""]}"
OSD-217,3,False,414,Arabidopsis thaliana,leaf; root,24,2,a_OSD-217_DNA-methylation-profiling_Whole-Genome-Bisulfite-Sequencing_Illumina.txt; a_OSD-217_transcription-profiling_rna-sequencing-(rna-seq)_illumina.txt,Factor Value[Organism Part]; Factor Value[Spaceflight],"{""Factor Value[Organism Part]"": [""root"", ""leaf""], ""Factor Value[Spaceflight]"": [""Ground Control"", ""Space Flight""]}"
OSD-218,2,False,539,Arabidopsis thaliana,root,32,1,a_OSD-218_transcription-profiling_rna-sequencing-(rna-seq)_illumina.txt,Factor Value[Age]; Factor Value[Cultivar]; Factor Value[Spaceflight],"{""Factor Value[Age]"": [""4"", ""8""], ""Factor Value[Spaceflight]"": [""Ground Control"", ""Space Flight""], ""Factor Value[Cultivar]"": [""Col-0"", ""WS""]}"
OSD-219,2,False,33,Arabidopsis thaliana,root,32,1,a_gse95373_transcription_profiling_RNA_Sequencing_(RNA-Seq).txt,Factor Value[Age]; Factor Value[Cultivar]; Factor Value[Spaceflight],"{""Factor Value[Cultivar]"": [""Col-0"", ""WS""], ""Factor Value[Spaceflight]"": [""Ground Control"", ""Space Flight""], ""Factor Value[Age]"": [""4"", ""8""]}"
OSD-222,2,False,19,Mus musculus,Cerebellum,18,1,a_OSD-222_transcription-profiling_dna-microarray_Affymetrix.txt,Factor Value[Spaceflight],"{""Factor Value[Spaceflight]"": [""Ground Control"", ""Space Flight"", ""Vivarium Control""]}"
OSD-223,2,False,455,Arabidopsis thaliana,root; shoot,40,1,a_OSD-223_transcription-profiling_rna-sequencing-(rna-seq)_illumina.txt,Factor Value[Altered Gravity]; Factor Value[Genotype]; Factor Value[Organism Part]; Factor Value[Spaceflight],"{""Factor Value[Spaceflight]"": [""Space Flight"", ""Ground Control""], ""Factor Value[Genotype]"": [""Wild Type"", ""InsP 5-ptase Transgenic""], ""Factor Value[Organism Part]"": [""root"", ""shoot""], ""Factor Value[Altered Gravity]"": [""0.76G by centrifugation"", ""uG"", ""1G on Earth""]}"
OSD-224,2,False,125,Microbiota,dust; filter particles,6,1,a_OSD-224_metagenomic-sequencing_whole-genome-shotgun-sequencing_illumina.txt,Factor Value[Sample Location]; Factor Value[Spaceflight]; Factor Value[Treatment],"{""Factor Value[Spaceflight]"": [""Ground"", ""Space Flight""], ""Factor Value[Treatment]"": [""Non-treated"", ""PMA treated""], ""Factor Value[Sample Location]"": [""dust samples obtained through vacuum collection from a cleanroom where spacecraft are asse"", ""ISS filter particles obtained from HEPA systems"", ""ISS dust samples obtained through vacuum collection within the cabin""]}"
OSD-225,2,False,7,Rattus norvegicus,Soleus,3,1,a_OSD-225_transcription-profiling_dna-microarray_Affymetrix.txt,Factor Value[Hindlimb Unloading]; Factor Value[Treatment],"{""Factor Value[Hindlimb Unloading]"": [""Normally Loaded Control"", ""Hindlimb Unloaded""], ""Factor Value[Treatment]"": [""No Denervation"", ""Denervation""]}"
OSD-227,2,False,31,Mus musculus,,20,1,a_OSD-227_transcription-profiling_dna-microarray.txt,Factor Value[Hindlimb Unloading]; Factor Value[Tissue],"{""Factor Value[Tissue]"": [""gastrocnemius muscle"", ""soleus muscle""], ""Factor Value[Hindlimb Unloading]"": [""control"", ""Hindlimb Suspension""]}"
OSD-228,2,False,26,Mus musculus,Soleus,23,1,a_OSD-228_transcription-profiling_dna-microarray.txt,Factor Value[Hindlimb Reloading Duration]; Factor Value[Hindlimb Unloading],"{""Factor Value[Hindlimb Unloading]"": [""Normally Loaded Control"", ""Hindlimb Unloaded""], ""Factor Value[Hindlimb Reloading Duration]"": [""0"", ""1"", ""7""]}"
OSD-232,2,False,6,Mus musculus,,4,1,a_glds232_transcription_profiling_microarray.txt,Factor Value[Spaceflight]; Factor Value[Tissue],"{""Factor Value[Spaceflight]"": [""Space Flight"", ""Ground Control""], ""Factor Value[Tissue]"": [""articular cartilage"", ""sternal cartilage""]}"
OSD-233,2,False,25,Aspergillus nidulans,mycelia,12,1,a_OSD-233_genome-sequencing_nucleotide-sequencing_Illumina.txt,Factor Value[Growth Time]; Factor Value[Spaceflight],"{""Factor Value[Spaceflight]"": [""Space Flight"", ""Ground Control""], ""Factor Value[Growth Time]"": [""7"", ""4""]}"
OSD-235,2,True,1687,Mus musculus,Left Lobe of the Liver,75,1,a_OSD-235_transcription-profiling_rna-sequencing-(rna-seq)_Illumina NovaSeq 6000.txt,Factor Value[Carcass Preservation Method]; Factor Value[Dissection Condition]; Factor Value[Euthanasia Method]; Factor Value[Tissue Homogenate Preservation Time at -80C in RLT Buffer]; Factor Value[Tissue Preservation Method],"{""Factor Value[Euthanasia Method]"": [""CO2"", ""Euthasol IP"", ""Ketamine/xylazine IP""], ""Factor Value[Carcass Preservation Method]"": [""Dry Ice"", ""Liquid Nitrogen"", ""RNALater"", ""Not Applicable""], ""Factor Value[Tissue Preservation Method]"": [""Not Applicable"", ""Liquid Nitrogen"", ""Dry Ice"", ""RNALater""], ""Factor Value[Dissection Condition]"": [""Carcass"", ""Upon euthanasia""], ""Factor Value[Tissue Homogenate Preservation Time at -80C in RLT Buffer]"": [""0"", ""70""]}"
OSD-236,2,False,1276,Mus musculus,Left quadriceps femoris,63,1,a_freezing_study_quad_transcription_profiling_RNA_Sequencing_(RNA-Seq).txt,Factor Value[Carcass Preservation Method]; Factor Value[Dissection Condition]; Factor Value[Euthanasia Method]; Factor Value[Tissue Preservation Method],"{""Factor Value[Euthanasia Method]"": [""CO2"", ""Euthasol IP"", ""Ketamine/xylazine IP""], ""Factor Value[Carcass Preservation Method]"": [""Dry Ice"", ""Liquid Nitrogen"", ""RNALater""], ""Factor Value[Dissection Condition]"": [""Carcass"", ""Upon euthanasia""], ""Factor Value[Tissue Preservation Method]"": [""Liquid Nitrogen"", ""RNALater"", ""Dry Ice""]}"
OSD-237,2,True,499,Mus musculus,dorsal skin,21,1,a_OSD-237_transcription-profiling_rna-sequencing-(rna-seq)_Illumina NovaSeq 6000.txt,Factor Value[Hindlimb Unloading]; Factor Value[Ionizing Radiation],"{""Factor Value[Hindlimb Unloading]"": [""Normally Loaded Control"", ""Hindlimb Unloaded""], ""Factor Value[Ionizing Radiation]"": [""non-irradiated"", ""cobalt-57 gamma radiation""]}"
OSD-238,2,True,565,Mus musculus,dorsal skin,24,1,a_OSD-238_transcription-profiling_rna-sequencing-(rna-seq)_Illumina NovaSeq 6000.txt,Factor Value[Altered Gravity]; Factor Value[Diet]; Factor Value[Spaceflight],"{""Factor Value[Spaceflight]"": [""Space Flight"", ""Vivarium Control"", ""Ground Control""], ""Factor Value[Altered Gravity]"": [""uG"", ""1G by centrifugation"", ""1G on Earth""], ""Factor Value[Diet]"": [""JAXA Chow with FOS"", ""JAXA Chow""]}"
OSD-239,2,True,543,Mus musculus,femoral skin,23,1,a_OSD-239_transcription-profiling_rna-sequencing-(rna-seq)_Illumina NovaSeq 6000.txt,Factor Value[Altered Gravity]; Factor Value[Diet]; Factor Value[Spaceflight],"{""Factor Value[Spaceflight]"": [""Space Flight"", ""Ground Control"", ""Vivarium Control""], ""Factor Value[Altered Gravity]"": [""1G by centrifugation"", ""uG"", ""1G on Earth""], ""Factor Value[Diet]"": [""JAXA Chow"", ""JAXA Chow with FOS""]}"
OSD-240,2,True,477,Mus musculus,dorsal skin,20,1,a_OSD-240_transcription-profiling_rna-sequencing-(rna-seq)_Illumina NovaSeq 6000.txt,Factor Value[Spaceflight],"{""Factor Value[Spaceflight]"": [""Ground Control"", ""Space Flight""]}"
OSD-241,2,True,455,Mus musculus,femoral lateral skin,19,1,a_OSD-241_transcription-profiling_rna-sequencing-(rna-seq)_Illumina NovaSeq 6000.txt,Factor Value[Spaceflight],"{""Factor Value[Spaceflight]"": [""Ground Control"", ""Space Flight""]}"
OSD-242,2,True,544,Mus musculus,Liver,23,1,a_OSD-242_transcription-profiling_rna-sequencing-(rna-seq)_Illumina NovaSeq 6000.txt,Factor Value[Spaceflight],"{""Factor Value[Spaceflight]"": [""Basal Control"", ""Cohort Control #1"", ""Cohort Control #2"", ""Space Flight"", ""Ground Control"", ""Vivarium Control""]}"
OSD-243,2,True,1203,Mus musculus,dorsal skin,53,1,a_OSD-243_transcription-profiling_rna-sequencing-(rna-seq)_Illumina NovaSeq 6000.txt,Factor Value[Dissection Condition]; Factor Value[Duration]; Factor Value[Euthanasia Location]; Factor Value[Spaceflight],"{""Factor Value[Spaceflight]"": [""Basal Control"", ""Ground Control"", ""Space Flight""], ""Factor Value[Duration]"": [""1"", ""~30"", ""~60""], ""Factor Value[Euthanasia Location]"": [""On Earth"", ""On ISS""], ""Factor Value[Dissection Condition]"": [""Upon euthanasia"", ""Carcass""]}"
OSD-244,2,True,947,Mus musculus,Thymus,57,1,a_OSD-244_transcription-profiling_rna-sequencing-(rna-seq)_Illumina NovaSeq 6000.txt,Factor Value[Dissection Condition]; Factor Value[Duration]; Factor Value[Euthanasia Location]; Factor Value[Spaceflight],"{""Factor Value[Spaceflight]"": [""Basal Control"", ""Ground Control"", ""Space Flight""], ""Factor Value[Duration]"": [""1"", ""~30"", ""~60""], ""Factor Value[Euthanasia Location]"": [""On Earth"", ""On ISS""], ""Factor Value[Dissection Condition]"": [""Upon euthanasia"", ""Carcass""]}"
OSD-245,2,True,1195,Mus musculus,Liver,59,1,a_OSD-245_transcription-profiling_rna-sequencing-(rna-seq)_ Illumina NovaSeq 6000.txt,Factor Value[Dissection Condition]; Factor Value[Duration]; Factor Value[Euthanasia Location]; Factor Value[Spaceflight],"{""Factor Value[Spaceflight]"": [""Basal Control"", ""Ground Control"", ""Space Flight""], ""Factor Value[Duration]"": [""1"", ""~30"", ""~60""], ""Factor Value[Euthanasia Location]"": [""On Earth"", ""On ISS""], ""Factor Value[Dissection Condition]"": [""Upon euthanasia"", ""Carcass""]}"
OSD-246,2,True,739,Mus musculus,Spleen,44,1,a_OSD-246_transcription-profiling_rna-sequencing-(rna-seq)_Illumina.txt,Factor Value[Dissection Condition]; Factor Value[Duration]; Factor Value[Euthanasia Location]; Factor Value[Spaceflight],"{""Factor Value[Spaceflight]"": [""Basal Control"", ""Ground Control"", ""Space Flight""], ""Factor Value[Duration]"": [""1"", ""~30"", ""~60""], ""Factor Value[Euthanasia Location]"": [""On Earth"", ""On ISS""], ""Factor Value[Dissection Condition]"": [""Upon euthanasia"", ""Carcass""]}"
OSD-247,2,True,1224,Mus musculus,descending colon,54,1,a_OSD-247_transcription-profiling_rna-sequencing-(rna-seq)_Illumina NovaSeq 6000.txt,Factor Value[Dissection Condition]; Factor Value[Duration]; Factor Value[Euthanasia Location]; Factor Value[Spaceflight],"{""Factor Value[Spaceflight]"": [""Basal Control"", ""Ground Control"", ""Space Flight""], ""Factor Value[Duration]"": [""1"", ""~30"", ""~60""], ""Factor Value[Euthanasia Location]"": [""On Earth"", ""On ISS""], ""Factor Value[Dissection Condition]"": [""Upon euthanasia"", ""Carcass""]}"
OSD-248,2,True,1313,Mus musculus,Left Lung,58,1,a_OSD-248_transcription-profiling_rna-sequencing-(rna-seq)_Illumina NovaSeq 6000.txt,Factor Value[Dissection Condition]; Factor Value[Duration]; Factor Value[Euthanasia Location]; Factor Value[Spaceflight],"{""Factor Value[Spaceflight]"": [""Basal Control"", ""Ground Control"", ""Space Flight""], ""Factor Value[Duration]"": [""1"", ""~30"", ""~60""], ""Factor Value[Euthanasia Location]"": [""On Earth"", ""On ISS""], ""Factor Value[Dissection Condition]"": [""Upon euthanasia"", ""Carcass""]}"
OSD-249,6,False,5093,Microbiota; Mus musculus,Feces,48,5,a_OSD-249_amplicon-sequencing_16s-and-its_Illumina iSeq.txt; a_OSD-249_amplicon-sequencing_16s_Illumina MiniSeq.txt; a_OSD-249_metagenomic-sequencing_whole-genome-shotgun-sequencing_Illumina Hiseq4000.txt; a_OSD-249_metagenomic-sequencing_whole-genome-shotgun-sequencing_Illumina NovaSeq 6000-1.txt; ,Factor Value[Dissection Condition]; Factor Value[Duration]; Factor Value[Euthanasia Location]; Factor Value[Ionizing Radiation]; Factor Value[Spaceflight],"{""Factor Value[Spaceflight]"": [""Basal Control"", ""Ground Control"", ""Space Flight""], ""Factor Value[Ionizing Radiation]"": [""non-irradiated"", ""space radiation""], ""Factor Value[Duration]"": [""0"", ""~30"", ""~60""], ""Factor Value[Euthanasia Location]"": [""On Earth"", ""On ISS""], ""Factor Value[Dissection Condition]"": [""Upon euthanasia"", ""Carcass""]}"
OSD-250,2,False,2118,Microbiota; Mus musculus,feces,30,1,a_OSD-250_metagenomic-sequencing_whole-genome-shotgun-sequencing_Illumina-NovaSeq-6000.txt,Factor Value[Spaceflight],"{""Factor Value[Spaceflight]"": [""Basal Control"", ""Ground Control"", ""Space Flight"", ""Vivarium Control"", ""Cohort Control #1"", ""Cohort Control #2""]}"
OSD-251,2,False,451,Arabidopsis thaliana,Seedlings,20,1,a_OSD-251_transcription-profiling_rna-sequencing-(rna-seq)_illumina.txt,Factor Value[Altered Gravity]; Factor Value[Spaceflight],"{""Factor Value[Spaceflight]"": [""Space Flight""], ""Factor Value[Altered Gravity]"": [""uG"", ""0.09G by centrifugation"", ""0.18G by centrifugation"", ""0.36G by centrifugation"", ""0.57G by centrifugation"", ""1G by centrifugation""]}"
OSD-252,2,False,932,Microbiota,Cells,64,1,a_OSD-252_metagenomic-sequencing_whole-genome-shotgun-sequencing_illumina.txt,Factor Value[Sample Location]; Factor Value[Spaceflight]; Factor Value[Time]; Factor Value[Treatment],"{""Factor Value[Spaceflight]"": [""Space Flight""], ""Factor Value[Time]"": [""early flight on Flight 4"", ""mid-flight on Flight 5"", ""mid-flight on Flight 6"", ""mid-flight on Flight 7""], ""Factor Value[Sample Location]"": [""Port Panel of Cupola"", ""Waste and Hygiene Compartment"", ""Advanced Resistive Exercise Device Foot Platform"", ""Dining Table"", ""Overhead 4 Zero-g Storage Rack"", ""Permanent Multipurpose Module Port 1"", ""Lab Overhead 3 Panel"", ""Crew Quarters Bump Out""], ""Factor Value[Treatment]"": [""Non-PMA treated"", ""PMA treated""]}"
OSD-253,2,True,1827,Mus musculus,Left kidney,112,1,a_OSD-253_transcription-profiling_rna-sequencing-(rna-seq)_Illumina NovaSeq 6000.txt,Factor Value[Duration]; Factor Value[Spaceflight]; Factor Value[Strain]; Factor Value[Treatment],"{""Factor Value[Strain]"": [""C57BL/6J"", ""C3H/HeJ""], ""Factor Value[Spaceflight]"": [""Ground Control Rerun"", ""Basal Control"", ""Space Flight"", ""Ground Control"", ""Vivarium Control""], ""Factor Value[Duration]"": [""~25"", ""~75"", ""0""], ""Factor Value[Treatment]"": [""Blue Light"", ""White light"", ""Not Applicable""]}"
OSD-254,2,True,1797,Mus musculus,dorsal skin,80,1,a_OSD-254_transcription-profiling_rna-sequencing-(rna-seq)_Illumina NovaSeq 6000.txt,Factor Value[Duration]; Factor Value[Spaceflight]; Factor Value[Strain],"{""Factor Value[Strain]"": [""C57BL/6J"", ""C3H/HeJ""], ""Factor Value[Spaceflight]"": [""Basal Control"", ""Space Flight"", ""Ground Control"", ""Vivarium Control""], ""Factor Value[Duration]"": [""0"", ""~25"", ""~75""]}"
OSD-255,2,True,245,Mus musculus,Right retina,16,1,a_OSD-255_transcription-profiling_rna-sequencing-(rna-seq)_illumina.txt,Factor Value[Spaceflight],"{""Factor Value[Spaceflight]"": [""Ground Control"", ""Space Flight""]}"
OSD-256,2,False,397,Microbiota,bioaerosol,29,1,a_OSD-256_metagenomic-sequencing_whole-genome-shotgun-sequencing_illumina.txt,Factor Value[Altitude],"{""Factor Value[Altitude]"": [""10,000"", ""20,000"", ""30,000"", ""40,000"", ""0""]}"
OSD-258,2,True,291,Homo sapiens,Cells,18,1,a_OSD-258_transcription-profiling_rna-sequencing-(rna-seq)_Illumina HiSeq 2000.txt,Factor Value[Spaceflight]; Factor Value[Time],"{""Factor Value[Spaceflight]"": [""Space Flight"", ""Ground Control""], ""Factor Value[Time]"": [""4.5 weeks microgravity exposure"", ""5.5 weeks microgravity exposure, followed by 10 days normal gravity"", ""5.5 weeks plus 10 days""]}"
OSD-259,2,False,4,Bacillus pumilus,cells,5,1,a_OSD-259_protein-expression-profiling_mass-spectrometry_Orbitrap Fusion Tribrid.txt,Factor Value[Spaceflight]; Factor Value[Treatment],"{""Factor Value[Spaceflight]"": [""Space Flight"", ""Ground Control""], ""Factor Value[Treatment]"": [""UV-Space"", ""UV-Mars"", ""Dark-Space"", ""Dark-Mars"", ""untreated""]}"
OSD-260,2,False,4,Aspergillus niger,vegetative cell (sensu Fungi),2,1,a_OSD-260_protein-expression-profiling_mass-spectrometry_Orbitrap Fusion Tribrid.txt,Factor Value[Spaceflight]; Factor Value[Strain],"{""Factor Value[Strain]"": [""ATCC 1015"", ""JSC-093350089""], ""Factor Value[Spaceflight]"": [""Ground Control"", ""Space Flight""]}"
OSD-261,2,False,4,Aspergillus fumigatus,vegetative cell (sensu Fungi),4,1,a_OSD-261_protein-expression-profiling_mass-spectrometry_Orbitrap Fusion.txt,Factor Value[Spaceflight]; Factor Value[Strain],"{""Factor Value[Spaceflight]"": [""Ground"", ""Space Flight""], ""Factor Value[Strain]"": [""Af293"", ""CEA10"", ""ISSFT-021"", ""IF1SW-F4""]}"
OSD-262,2,False,2,Solibacillus kalamii,Cells,1,1,a_OSD-262_genome-sequencing_nucleotide-sequencing_Illumina.txt,,{}
OSD-263,2,False,5,Acinetobacter radioresistens; Aranicola proteolyticus; Bacillus horneckiae; Bacillus nealsonii,cells,4,1,a_OSD-263_genome-sequencing_nucleotide-sequencing_Illumina.txt,Factor Value[Sample Location],"{""Factor Value[Sample Location]"": [""spacecraft assembly clean room at Kennedy Space Center"", ""fall-out particles collected from a spacecraft assembly facility at the Jet Propulsion Lab"", ""surface of the Mars Odyssey orbiter"", ""Payload Hazardous Servicing Facility at KSC during the assembly of the Phoenix spacecraft""]}"
OSD-264,2,False,3,Fusarium oxysporum,Cells,2,1,a_OSD-264_genome-sequencing_nucleotide-sequencing_Illumina.txt,Factor Value[Spaceflight],"{""Factor Value[Spaceflight]"": [""Space Flight""]}"
OSD-265,2,False,77,Chlamydomonas reinhardtii,Whole Organism,38,1,a_OSD-265_genome-sequencing_nucleotide-sequencing_Illumina.txt,Factor Value[Growth Cycle]; Factor Value[Sample Storage]; Factor Value[Strain]; Factor Value[UV Mutagenesis],"{""Factor Value[Strain]"": [""CC-5082"", ""CC-1883""], ""Factor Value[UV Mutagenesis]"": [""No UV Mutagenesis"", ""UV Mutagenesis""], ""Factor Value[Growth Cycle]"": [""week 0"", ""week 1"", ""week 2"", ""week 3""], ""Factor Value[Sample Storage]"": [""Frozen"", ""Dark""]}"
OSD-266,2,False,45,Mus musculus,Trp53 null Mammary Tumor,43,1,a_OSD-266_transcription-profiling_dna-microarray_Affymetrix.txt,Factor Value[Absorbed Radiation Dose]; Factor Value[Ionizing Radiation],"{""Factor Value[Ionizing Radiation]"": [""Cesium-137 gamma radiation"", ""Ar-40 ion radiation"", ""sham-irradiated"", ""Si-28 ion radiation""], ""Factor Value[Absorbed Radiation Dose]"": [""10"", ""50"", ""100"", ""49"", ""0"", ""30""]}"
OSD-267,3,False,213,Lactuca sativa; Microbiota,leaf; root,12,2,a_OSD-267_amplicon-sequencing_16s_illumina.txt; a_OSD-267_amplicon-sequencing_its_illumina.txt,Factor Value[Organism Part]; Factor Value[Spaceflight],"{""Factor Value[Spaceflight]"": [""Space Flight"", ""Ground Control""], ""Factor Value[Organism Part]"": [""leaf"", ""root""]}"
OSD-268,3,False,196,Lactuca sativa; Microbiota,leaf; root,13,2,a_OSD-268_amplicon-sequencing_16s_illumina.txt; a_OSD-268_amplicon-sequencing_its_illumina.txt,Factor Value[Organism Part]; Factor Value[Spaceflight],"{""Factor Value[Spaceflight]"": [""Space Flight"", ""Ground Control""], ""Factor Value[Organism Part]"": [""leaf"", ""root""]}"
OSD-269,2,False,106,Lactuca sativa; Microbiota,leaf; root,15,1,a_OSD-269_amplicon-sequencing_16s_illumina.txt,Factor Value[Organism Part]; Factor Value[Spaceflight],"{""Factor Value[Spaceflight]"": [""Space Flight"", ""Ground Control""], ""Factor Value[Organism Part]"": [""leaf"", ""root""]}"
OSD-270,3,True,372,Mus musculus,Heart,46,2,a_OSD-270_transcription-profiling_rna-sequencing-(rna-seq)_illumina.txt; a_OSD-270_transcription-profiling_spatial-transcriptomics_illumina.txt,Factor Value[Spaceflight],"{""Factor Value[Spaceflight]"": [""Ground Control"", ""Space Flight""]}"
OSD-271,2,False,31,Rattus norvegicus,mammary gland,19,1,a_OSD-271_transcription-profiling_dna-microarray.txt,Factor Value[Ionizing Radiation],"{""Factor Value[Ionizing Radiation]"": [""non-irradiated"", ""Cesium-137 gamma radiation""]}"
OSD-272,2,True,1313,Mus musculus,Spleen,58,1,a_OSD-272_transcription-profiling_rna-sequencing-(rna-seq)_Illumina NovaSeq 6000.txt,Factor Value[Dissection Condition]; Factor Value[Order of Preservation]; Factor Value[Preservation Method],"{""Factor Value[Dissection Condition]"": [""Immediate"", ""Partial Carcass"", ""Whole Carcass""], ""Factor Value[Preservation Method]"": [""Glovebox Freezer"", ""Liquid Nitrogen"", ""Cryochiller"", ""Dry Ice""], ""Factor Value[Order of Preservation]"": [""First set of animals processed in a day of operations"", ""Second set of animals processed in a day of operations"", ""Third set of animals processed in a day of operations"", ""Liquid Nitrogen Control Set"", ""Fourth set of animals processed in a day of operations"", ""Dry Ice Control Set""]}"
OSD-273,2,True,1152,Mus musculus,Liver,62,1,a_OSD-273_transcription-profiling_rna-sequencing-(rna-seq)_Illumina NovaSeq 6000.txt,Factor Value[Dissection Condition]; Factor Value[Order of Preservation]; Factor Value[Preservation Method],"{""Factor Value[Dissection Condition]"": [""Immediate"", ""Partial Carcass"", ""Whole Carcass""], ""Factor Value[Preservation Method]"": [""Glovebox Freezer"", ""Liquid Nitrogen"", ""Cryochiller"", ""Dry Ice""], ""Factor Value[Order of Preservation]"": [""First set of animals processed in a day of operations"", ""Second set of animals processed in a day of operations"", ""Third set of animals processed in a day of operations"", ""Liquid Nitrogen Control Set"", ""Fourth set of animals processed in a day of operations"", ""Dry Ice Control Set""]}"
OSD-274,2,True,774,Mus musculus,Soleus,41,1,a_OSD-274_transcription-profiling_rna-sequencing-(rna-seq)_Illumina NovaSeq 6000.txt,Factor Value[Dissection Condition]; Factor Value[Order of Preservation]; Factor Value[Preservation Method],"{""Factor Value[Dissection Condition]"": [""Immediate"", ""Whole Carcass""], ""Factor Value[Preservation Method]"": [""Glovebox Freezer"", ""Liquid Nitrogen"", ""Cryochiller"", ""Dry Ice""], ""Factor Value[Order of Preservation]"": [""First set of animals processed in a day of operations"", ""Second set of animals processed in a day of operations"", ""Third set of animals processed in a day of operations"", ""Liquid Nitrogen Control Set"", ""Fourth set of animals processed in a day of operations"", ""Dry Ice Control Set""]}"
OSD-275,2,False,23,Rattus norvegicus,isolated DNA; isolated methyl-CpG binding domain-based protein DNA; mammary gland,20,1,a_OSD-275_dna-methylation-profiling_dna-microarray_Agilent.txt,Factor Value[Ionizing Radiation],"{""Factor Value[Ionizing Radiation]"": [""non-irradiated"", ""Cesium-137 gamma radiation""]}"
OSD-276,2,False,89,cellular organisms,Cells,15,1,a_OSD-276_amplicon-sequencing_16s_Illumina.txt,Factor Value[Sample Location]; Factor Value[Spaceflight],"{""Factor Value[Spaceflight]"": [""Space Flight""], ""Factor Value[Sample Location]"": [""lab fwd air vent"", ""lab express right rack 6 handrail"", ""lab scc 8 laptop keyboard"", ""node 2 STBD ATU hand held mic"", ""pot crew quarter interior nomex"", ""pot crew quarters air vent"", ""STBD crew quarters interior nomex"", ""lab aft air vent""]}"
OSD-277,2,False,76,Homo sapiens; Not Applicable; Salmonella enterica subsp. enterica serovar Typhimurium,3D co-culture; Cells,72,1,a_OSD-277_transcription-profiling_rna-sequencing-(rna-seq)_Illumina NexSeq.txt,Factor Value[Genotype]; Factor Value[Infection]; Factor Value[Microgravity Simulation]; Factor Value[Time],"{""Factor Value[Genotype]"": [""Wild Type"", ""ftq deletion"", ""Not Applicable""], ""Factor Value[Microgravity Simulation]"": [""uG by RWV"", ""1G on Earth"", ""Not Applicable""], ""Factor Value[Infection]"": [""Not Applicable"", ""Infected with S. Typhimurium"", ""Uninfected""], ""Factor Value[Time]"": [""30"", ""3"", ""24""]}"
OSD-278,2,True,226,Drosophila melanogaster,Whole Organism,12,1,a_OSD-278_transcription-profiling_rna-sequencing-(rna-seq)_Illumina.txt,Factor Value[Infection]; Factor Value[Spaceflight],"{""Factor Value[Spaceflight]"": [""Space Flight"", ""Ground Control""], ""Factor Value[Infection]"": [""Infected with Serratia marcescens"", ""Sham-infected"", ""uninfected""]}"
OSD-279,2,False,549,cellular organisms,Cells,65,1,a_OSD-279_amplicon-sequencing_16s_Illumina.txt,Factor Value[Sample Location]; Factor Value[Spaceflight],"{""Factor Value[Spaceflight]"": [""Space Flight""], ""Factor Value[Sample Location]"": [""Columbus Return Grid Sensor Housing (RGSH) A"", ""Korou clean room floor"", ""Korou clean room REPA platform"", ""Korou clean room TAM platform"", ""Columbus SSC Laptop A"", ""Columbus Handrails A"", ""Columbus Lightcover A"", ""Columbus Air A""]}"
OSD-280,2,False,744,Homo sapiens; Microbiota,Saliva; not applicable,91,1,a_OSD-280_amplicon-sequencing_16s_Illumina.txt,Factor Value[Spaceflight]; Factor Value[Time],"{""Factor Value[Spaceflight]"": [""Space Flight"", ""Control""], ""Factor Value[Time]"": [""pre-flight"", ""during flight"", ""post-flight"", ""not applicable""]}"
OSD-281,2,True,468,Arabidopsis thaliana,Plant Roots,32,1,a_OSD-281_transcription-profiling_rna-sequencing-(rna-seq)_Illumina.txt,Factor Value[Age]; Factor Value[Genotype]; Factor Value[Spaceflight],"{""Factor Value[Genotype]"": [""Sku5"", ""WS""], ""Factor Value[Age]"": [""4"", ""8""], ""Factor Value[Spaceflight]"": [""Ground Control"", ""Space Flight""]}"
OSD-282,2,False,21,Arabidopsis thaliana,Seedlings,8,1,a_OSD-282_transcription-profiling_dna-microarray_Affymetrix.txt,Factor Value[Treatment],"{""Factor Value[Treatment]"": [""control"", ""heat-treated"", ""Anoxia-treated"", ""Heat and anoxia-treated""]}"
OSD-283,2,False,30,Homo sapiens,Cells,28,1,a_OSD-283_transcription-profiling_dna-microarray_Nimblegen.txt,Factor Value[Altered Gravity],"{""Factor Value[Altered Gravity]"": [""uG by parabolic flight"", ""1G by horizontal flight"", ""1.8G by parabolic flight"", ""1G on Earth""]}"
OSD-285,2,False,2,Homo sapiens,Cells,32,1,a_OSD-285_transcription-profiling_dna-microarray_Illumina.txt,Factor Value[Absorbed Radiation Dose]; Factor Value[Ionizing Radiation]; Factor Value[Time of Sample Collection After Treatment],"{""Factor Value[Ionizing Radiation]"": [""non-irradiated"", ""cesium-137 gamma radiation"", ""cobalt-57 gamma radiation""], ""Factor Value[Absorbed Radiation Dose]"": [""0"", ""10"", ""200"", ""1-2.45""], ""Factor Value[Time of Sample Collection After Treatment]"": [""24"", ""0""]}"
OSD-286,2,False,121,Microbiota,Cells,8,1,a_OSD-286_metagenomic-sequencing_whole-genome-shotgun-sequencing_Illumina.txt,Factor Value[Sample Location]; Factor Value[Spaceflight]; Factor Value[Treatment],"{""Factor Value[Spaceflight]"": [""Space Flight""], ""Factor Value[Treatment]"": [""PMA treated"", ""Untreated""], ""Factor Value[Sample Location]"": [""CRV2"", ""CRV1""]}"
OSD-287,2,False,9,Mus musculus,thymus,8,1,a_OSD-287_targeted-transcriptome-sequencing_rna-sequencing-(rna-seq)_Illumina.txt,Factor Value[Sex]; Factor Value[Treatment],"{""Factor Value[Treatment]"": [""untreated controls"", ""treated with chronic unpredictable mild stressors""], ""Factor Value[Sex]"": [""Male"", ""Female""]}"
OSD-288,2,True,178,Mus musculus,Spleen,9,1,a_OSD-288_transcription-profiling_rna-sequencing-(rna-seq)_Illumina.txt,Factor Value[Altered Gravity]; Factor Value[Spaceflight],"{""Factor Value[Spaceflight]"": [""Space Flight"", ""Ground Control""], ""Factor Value[Altered Gravity]"": [""1G by centrifugation"", ""1G on Earth"", ""uG""]}"
OSD-289,2,True,322,Mus musculus,thymus,18,1,a_OSD-289_transcription-profiling_rna-sequencing-(rna-seq).txt,Factor Value[Altered Gravity]; Factor Value[Space Mission]; Factor Value[Spaceflight],"{""Factor Value[Space Mission]"": [""MHU-1"", ""MHU-2""], ""Factor Value[Spaceflight]"": [""Space Flight"", ""Ground Control"", ""Vivarium Control""], ""Factor Value[Altered Gravity]"": [""1G by centrifugation"", ""uG"", ""1G on Earth""]}"
OSD-290,2,False,7,Naganishia adeliensis; Naganishia albida; Naganishia sp.; Papiliotrema laurentii,Cells,6,1,a_OSD-290_genome-sequencing_nucleotide-sequencing_Illumina NovaSeq 6000.txt,,{}
OSD-291,2,False,2,Rubinsicoccus jepli,Cells,1,1,a_OSD-291_genome-sequencing_nucleotide-sequencing_Illumina HiSeq 2500.txt,Factor Value[Strain],"{""Factor Value[Strain]"": [""B12""]}"
OSD-293,2,False,33,Rhodotorula mucilaginosa,Cells,32,1,a_OSD-293_genome-sequencing_nucleotide-sequencing_Illumina NovaSeq 6000.txt,Factor Value[Spaceflight]; Factor Value[Strain],"{""Factor Value[Spaceflight]"": [""Space Flight"", ""Ground Control""], ""Factor Value[Strain]"": [""IF1SW-B1"", ""IF4SW-B1"", ""IF4SW-B2"", ""IF6SW-B2"", ""IF7SW-B3"", ""IF8SW-B2"", ""IF8SW-P2"", ""IIF6SW-B1""]}"
OSD-294,2,False,474,Mus musculus,Left Lobe of the Liver,30,1,a_OSD-294_transcription-profiling_rna-sequencing-(rna-seq).txt,Factor Value[Ionizing Radiation]; Factor Value[Time of Sample Collection After Treatment],"{""Factor Value[Ionizing Radiation]"": [""non-irradiated"", ""Fe-56 ion radiation""], ""Factor Value[Time of Sample Collection After Treatment]"": [""1"", ""2"", ""4"", ""9"", ""12""]}"
OSD-295,2,False,420,Mus musculus,Soleus,36,1,a_OSD-295_transcription-profiling_rna-sequencing-(rna-seq).txt,Factor Value[Age]; Factor Value[Hindlimb Reloading Duration]; Factor Value[Hindlimb Unloading],"{""Factor Value[Age]"": [""6"", ""22-24""], ""Factor Value[Hindlimb Unloading]"": [""Normally Loaded Control"", ""Hindlimb Unloaded""], ""Factor Value[Hindlimb Reloading Duration]"": [""3""]}"
OSD-296,2,False,49,Arabidopsis thaliana,Whole Organism,36,1,a_OSD-296_transcription-profiling_dna-microarray_affymetrix.txt,Factor Value[Genotype]; Factor Value[Light]; Factor Value[Time]; Factor Value[Treatment],"{""Factor Value[Genotype]"": [""Wild Type"", ""cop-1"", ""uvr-8""], ""Factor Value[Treatment]"": [""305""], ""Factor Value[Light]"": [""UV-B light regimen (345 nm)"", ""UV-B light regimen (305 nm)""], ""Factor Value[Time]"": [""1"", ""6""]}"
OSD-297,2,False,28,Homo sapiens,Cells,26,1,a_OSD-297_transcription-profiling_dna-microarray_Nimblegen.txt,Factor Value[Altered Gravity]; Factor Value[Treatment],"{""Factor Value[Altered Gravity]"": [""uG by parabolic flight"", ""13.5G by parabolic flight"", ""1G on Earth""], ""Factor Value[Treatment]"": [""without inhibitor SKF96365"", ""with inhibitor SKF96365""]}"
OSD-298,2,False,4,Sphingobacterium paucimobilis; Sphingomonas sanguinis,Cells,3,1,a_OSD-298_genome-sequencing_nucleotide-sequencing_Illumina NovaSeq 6000.txt,Factor Value[Spaceflight]; Factor Value[Strain],"{""Factor Value[Spaceflight]"": [""Space Flight""], ""Factor Value[Strain]"": [""ISS-IIF7SWP"", ""IIF7SW-B3A"", ""IIF7SW-B5""]}"
OSD-299,2,False,2,Sphingomonas sanguinis,Cells,1,1,a_OSD-299_metagenomic-sequencing_whole-genome-shotgun-sequencing_Illumina.txt,,{}
OSD-300,2,False,13,Methylobacterium sp.; Methylorubrum rhodesianum,Cells,4,1,a_OSD-300_genome-sequencing_nucleotide-sequencing_Illumina NovaSeq 6000.txt,Factor Value[Spaceflight]; Factor Value[Strain],"{""Factor Value[Spaceflight]"": [""Space Flight""], ""Factor Value[Strain]"": [""I1-R3"", ""IIF4SW-B5"", ""IIF1SW-B5"", ""IF7SW-B2""]}"
OSD-301,2,False,37,Eruca vesicaria,Seeds,18,1,a_OSD-301_transcription-profiling_rna-sequencing-(rna-seq)_Illumina.txt,Factor Value[Spaceflight]; Factor Value[Treatment],"{""Factor Value[Spaceflight]"": [""Control"", ""Ground Control"", ""Space Flight""], ""Factor Value[Treatment]"": [""CAAT"", ""Dry""]}"
OSD-302,2,False,58,Enterobacter bugandensis; Klebsiella quasipneumoniae; Pantoea brenneri,Cells,19,1,a_OSD-302_genome-sequencing_nucleotide-sequencing_Illumina NovaSeq 6000.txt,Factor Value[Spaceflight]; Factor Value[Strain],"{""Factor Value[Spaceflight]"": [""Space Flight""], ""Factor Value[Strain]"": [""IF5SW-B1"", ""IF5SW-B2"", ""IFACSW-B3"", ""IF5SW-P1"", ""IF5SW-P2"", ""IFACSW-P2"", ""IIF5SW-B1"", ""IIF5SW-B2""]}"
OSD-303,2,False,91,Bacillus amyloliquefaciens; Bacillus cereus thuringiensis; Bacillus firmus; Paenibacillus polymyxa; Thermus amyloliquefa,Cells,30,1,a_OSD-303_genome-sequencing_nucleotide-sequencing_Illumina NovaSeq 6000.txt,Factor Value[Spaceflight]; Factor Value[Strain],"{""Factor Value[Spaceflight]"": [""Space Flight""], ""Factor Value[Strain]"": [""IIF7SG-B4"", ""IIF7SW-P4"", ""IIF7SW-B4"", ""IIF7SW-P3"", ""IIF7SW-P2"", ""IIF7SC-B1"", ""IIF7SC-B4"", ""IIF8SW-P5""]}"
OSD-304,2,False,35,Mus musculus,Blood,24,1,a_OSD-304_transcription-profiling_dna-microarray.txt,Factor Value[Absorbed Radiation Dose]; Factor Value[Genotype]; Factor Value[Ionizing Radiation],"{""Factor Value[Genotype]"": [""Wild Type"", ""Parp1-/-""], ""Factor Value[Ionizing Radiation]"": [""Cesium-137 Gamma Radiation"", ""sham-irradiated""], ""Factor Value[Absorbed Radiation Dose]"": [""6"", ""8.8"", ""0""]}"
OSD-305,2,False,18,Serratia liquefaciens,Cells,12,1,a_OSD-305_transcription-profiling_rna-sequencing-(rna-seq)_Illumina.txt,Factor Value[Atmospheric Composition]; Factor Value[Atmospheric Pressure]; Factor Value[Temperature],"{""Factor Value[Temperature]"": [""0"", ""30""], ""Factor Value[Atmospheric Pressure]"": [""0.7"", ""101.3""], ""Factor Value[Atmospheric Composition]"": [""CO2, anoxic"", ""80% N2/20% O2""]}"
OSD-306,2,False,10,Agrobacterium genomosp. 3,Cells,3,1,a_glds-306_genome_sequencing_nucleotide_sequencing.txt,,{}
OSD-307,2,False,20,Lactuca sativa; Microbiota,leaf,3,1,a_OSD-307_metatranscriptome-sequencing-assay_rna-sequencing-(rna-seq)_minion.txt,,{}
OSD-309,2,False,6,Klebsiella aerogenes; Klebsiella pneumoniae; Klebsiella quasipneumoniae,Cells,5,1,a_OSD-309_genome-sequencing_nucleotide-sequencing_Illumina NovaSeq 6000.txt,Factor Value[Spaceflight]; Factor Value[Strain],"{""Factor Value[Spaceflight]"": [""Space Flight""], ""Factor Value[Strain]"": [""F3-2P(2*)"", ""F3-6P(2)"", ""F3-6P(1)"", ""IIIF3SW-P1"", ""IIIF7SW-P1""]}"
OSD-310,2,False,3,Rattus norvegicus,Second Lumbar Vertebrae,22,1,a_OSD-310_histological-assay_histomorphometry_osteomeasure system (osteometrics).txt,Factor Value[Spaceflight],"{""Factor Value[Spaceflight]"": [""Space Flight"", ""Ground Control""]}"
OSD-311,2,False,13,Enterobacter bugandensis; Kalamiella piersonii; Pantoea agglomerans; Pantoea brenneri,Cells,12,1,a_OSD-311_genome-sequencing_nucleotide-sequencing_Illumina NovaSeq 6000.txt,Factor Value[Spaceflight]; Factor Value[Strain],"{""Factor Value[Spaceflight]"": [""Space Flight""], ""Factor Value[Strain]"": [""IF2SW-F2"", ""IF2SW-F3"", ""IIF5SW-P1"", ""IIF5SW-P2"", ""IIF5SW-P3"", ""IIF5SW-P4"", ""IIF5SW-P5"", ""IIFCSG-B1""]}"
OSD-313,2,True,235,Arabidopsis thaliana,Seedlings,18,1,a_OSD-313_transcription-profiling_rna-sequencing-(rna-seq)_illumina.txt,Factor Value[Treatment],"{""Factor Value[Treatment]"": [""48 hours of red light"", ""48 hours of dark""]}"
OSD-314,2,False,222,Arabidopsis thaliana,Seedlings,17,1,a_OSD-314_transcription-profiling_rna-sequencing-(rna-seq)_Illumina.txt,Factor Value[Altered Gravity]; Factor Value[Light]; Factor Value[Spaceflight],"{""Factor Value[Spaceflight]"": [""Ground Control"", ""Space Flight""], ""Factor Value[Altered Gravity]"": [""1G on Earth"", ""0.34G by centrifugation"", ""uG""], ""Factor Value[Light]"": [""Red Light Treatment"", ""Dark Treatment""]}"
OSD-315,2,False,15,Homo sapiens,Cells,13,1,a_OSD-315_protein-expression-profiling_mass-spectrometry_LTQ Orbitrap Elite.txt,Factor Value[Microgravity Simulation]; Factor Value[Time],"{""Factor Value[Microgravity Simulation]"": [""1G on Earth"", ""uG by rotary cell culture system"", ""Not Applicable""], ""Factor Value[Time]"": [""48"", ""72""]}"
OSD-316,2,False,34,Homo sapiens,Whole blood,33,1,a_OSD-316_transcription-profiling_rna-sequencing-(rna-seq)_Illumina MiSeq.txt,Factor Value[Spaceflight]; Factor Value[Study Subject]; Factor Value[Time],"{""Factor Value[Spaceflight]"": [""Ground Control"", ""Space Flight""], ""Factor Value[Study Subject]"": [""Control 1"", ""Control 2"", ""Control 3"", ""Control 4"", ""COS 1"", ""COS 2"", ""COS 3"", ""COS 4""], ""Factor Value[Time]"": [""T+0"", ""T+8"", ""Preflight L-25"", ""Inflight L+64"", ""Inflight L+129"", ""Postflight R+1"", ""Postflight R+7"", ""Postflight R+30""]}"
OSD-317,2,False,4,Homo sapiens,Cells,102,1,a_OSD-317_dna-methylation-profiling_microarray_Illumina Infinium 450K Human Methylation Beadchip.txt,Factor Value[Absorbed Radiation Dose]; Factor Value[Ionizing Radiation]; Factor Value[Time of Sample Collection After Treatment],"{""Factor Value[Absorbed Radiation Dose]"": [""0"", ""0.1"", ""0.3"", ""1""], ""Factor Value[Time of Sample Collection After Treatment]"": [""2"", ""14"", ""22"", ""53"", ""13"", ""21"", ""62""], ""Factor Value[Ionizing Radiation]"": [""Non-irradiated"", ""Fe-56 ion radiation"", ""x-ray radiation"", ""Si-28 ion radiation""]}"
OSD-318,2,True,309,Mus musculus,Trp53 null Mammary Tumor,23,1,a_OSD-318_transcription-profiling_rna-sequencing-(rna-seq)_Illumina.txt,Factor Value[Diet]; Factor Value[Ionizing Radiation],"{""Factor Value[Diet]"": [""Control diet containing CAPE"", ""Control diet containing 1% sucrose""], ""Factor Value[Ionizing Radiation]"": [""cesium-137 gamma radiation"", ""sham-irradiated""]}"
OSD-319,2,False,25,Urocitellus parryii,Quadriceps Muscle,12,1,a_OSD-319_transcription-profiling_rna-sequencing-(rna-seq)_Illumina.txt,Factor Value[Time],"{""Factor Value[Time]"": [""Summer active"", ""Late torpor"", ""Entering torpor""]}"
OSD-320,2,False,57,Arabidopsis thaliana,Seedlings,44,1,a_OSD-320_transcription-profiling_dna-microarray_affymetrix.txt,Factor Value[Genotype]; Factor Value[Ionizing Radiation]; Factor Value[Time of sample collection after treatment],"{""Factor Value[Genotype]"": [""Wild Type"", ""atm-1""], ""Factor Value[Ionizing Radiation]"": [""Cesium-137 gamma radiation"", ""Fe-56 ion radiation"", ""non-irradiated""], ""Factor Value[Time of sample collection after treatment]"": [""1.5"", ""3"", ""6"", ""12"", ""24""]}"
OSD-321,2,False,502,Arabidopsis thaliana,Seedlings,44,1,a_OSD-321_transcription-profiling_rna-sequencing-(rna-seq).txt,Factor Value[Genotype]; Factor Value[Spaceflight],"{""Factor Value[Spaceflight]"": [""Space Flight"", ""Ground Control""], ""Factor Value[Genotype]"": [""bzip28-2"", ""bzip60-2"", ""bzip28-2 bzip60-1"", ""ire1a-4 ire1b-2"", ""Wild Type""]}"
OSD-322,2,True,1115,Mus musculus,Left lobe of liver,60,1,a_OSD-322_transcription-profiling_rna-sequencing-(rna-seq)_Illumina.txt,Factor Value[Ionizing Radiation]; Factor Value[Time of Sample Collection After Treatment],"{""Factor Value[Ionizing Radiation]"": [""O-16 ion radiation"", ""Si-28 ion radiation"", ""Fe-56 ion radiation"", ""non-irradiated""], ""Factor Value[Time of Sample Collection After Treatment]"": [""1"", ""12"", ""2"", ""4"", ""9""]}"
OSD-323,2,True,179,Homo sapiens; Not Applicable; Salmonella enterica subsp. enterica serovar Typhimurium,Cells,8,1,a_OSD-323_transcription-profiling_rna-sequencing-(rna-seq)_Illumina.txt,Factor Value[Infection]; Factor Value[Spaceflight],"{""Factor Value[Spaceflight]"": [""Space Flight"", ""Ground Control""], ""Factor Value[Infection]"": [""uninfected"", ""Infected with Salmonella Typhimurium""]}"
OSD-324,2,False,16,Mus musculus,Cells,12,1,a_glds-324_transcription_profiling_DNA_microarray.txt,Factor Value[Spaceflight]; Factor Value[Time],"{""Factor Value[Spaceflight]"": [""Space Flight"", ""Ground Control""], ""Factor Value[Time]"": [""2"", ""4"", ""6""]}"
OSD-326,2,True,178,Mus musculus,Quadriceps femoris,8,1,a_OSD-326_transcription-profiling_rna-sequencing-(rna-seq).txt,Factor Value[Spaceflight],"{""Factor Value[Spaceflight]"": [""Ground Control"", ""Space Flight""]}"
OSD-329,2,False,42,Arabidopsis thaliana,root; whole organism,80,1,a_OSD-329_transcription-profiling_dna-microarray.txt,Factor Value[Genotype]; Factor Value[Ionizing Radiation]; Factor Value[Organism Part]; Factor Value[Time of Sample Collection After Treatment],"{""Factor Value[Genotype]"": [""atr mutant"", ""Wild Type"", ""atm mutant""], ""Factor Value[Organism Part]"": [""root"", ""whole organism""], ""Factor Value[Ionizing Radiation]"": [""Cobalt-60 gamma radiation"", ""non-irradiated""], ""Factor Value[Time of Sample Collection After Treatment]"": [""1"", ""90"", ""3"", ""5"", ""45""]}"
OSD-331,2,False,46,Homo sapiens,Cells,2,1,a_OSD-331_transcription-profiling_rna-sequencing-(rna-seq)_Illumina.txt,Factor Value[Microgravity Simulation],"{""Factor Value[Microgravity Simulation]"": [""1G on Earth"", ""uG by clinostat""]}"
OSD-334,2,False,80,Mus musculus,Heart,79,1,a_OSD-334_transcription-profiling_mirna-sequencing_Illumina.txt,Factor Value[Hindlimb Unloading]; Factor Value[Ionizing Radiation]; Factor Value[Particle Charge],"{""Factor Value[Hindlimb Unloading]"": [""Normally Loaded Control"", ""Hindlimb Unloaded""], ""Factor Value[Ionizing Radiation]"": [""mixed radiation field"", ""sham-irradiated"", ""Cesium-137 gamma radiation""], ""Factor Value[Particle Charge]"": [""NSRL Simplified Galactic Cosmic Ray Simulation"", ""NSRL Solar Particle Event Simulation"", ""Not Applicable""]}"
OSD-335,2,False,81,Mus musculus,Liver,80,1,a_OSD-335_transcription-profiling_mirna-sequencing_Illumina.txt,Factor Value[Hindlimb Unloading]; Factor Value[Ionizing Radiation]; Factor Value[Particle Charge],"{""Factor Value[Hindlimb Unloading]"": [""Normally Loaded Control"", ""Hindlimb Unloaded""], ""Factor Value[Ionizing Radiation]"": [""mixed radiation field"", ""sham-irradiated"", ""Cesium-137 gamma radiation""], ""Factor Value[Particle Charge]"": [""NSRL Simplified Galactic Cosmic Ray Simulation"", ""NSRL Solar Particle Event Simulation"", ""Not Applicable""]}"
OSD-336,2,False,80,Mus musculus,Plasma,79,1,a_OSD-336_transcription-profiling_mirna-sequencing_Illumina.txt,Factor Value[Hindlimb Unloading]; Factor Value[Ionizing Radiation]; Factor Value[Particle Charge],"{""Factor Value[Hindlimb Unloading]"": [""Normally Loaded Control"", ""Hindlimb Unloaded""], ""Factor Value[Ionizing Radiation]"": [""mixed radiation field"", ""sham-irradiated"", ""Cesium-137 gamma radiation""], ""Factor Value[Particle Charge]"": [""NSRL Simplified Galactic Cosmic Ray Simulation"", ""NSRL Solar Particle Event Simulation"", ""Not Applicable""]}"
OSD-337,2,False,79,Mus musculus,Soleus,78,1,a_OSD-337_transcription-profiling_mirna-sequencing_Illumina.txt,Factor Value[Hindlimb Unloading]; Factor Value[Ionizing Radiation]; Factor Value[Particle Charge],"{""Factor Value[Hindlimb Unloading]"": [""Normally Loaded Control"", ""Hindlimb Unloaded""], ""Factor Value[Ionizing Radiation]"": [""mixed radiation field"", ""sham-irradiated"", ""Cesium-137 gamma radiation""], ""Factor Value[Particle Charge]"": [""NSRL Simplified Galactic Cosmic Ray Simulation"", ""NSRL Solar Particle Event Simulation"", ""Not Applicable""]}"
OSD-340,2,False,105,Mus musculus,Lymphoma,52,1,a_OSD-340_genome-sequencing_nucleotide-sequencing_Illumina.txt,Factor Value[Absorbed Radiation Dose]; Factor Value[Genotype]; Factor Value[Ionizing Radiation],"{""Factor Value[Genotype]"": [""Mlh1+/+"", ""Mlh1+/-""], ""Factor Value[Ionizing Radiation]"": [""Fe-56 ion radiation"", ""cesium-137 gamma radiation"", ""sham-irradiated""], ""Factor Value[Absorbed Radiation Dose]"": [""0.1"", ""1"", ""2.5"", ""0""]}"
OSD-342,2,False,3,Mus musculus,Plasma,10,1,a_OSD-342_protein-expression-profiling_protein-microarray_SomaScan.txt,Factor Value[Dissection Timeline]; Factor Value[Spaceflight]; Factor Value[Treatment],"{""Factor Value[Spaceflight]"": [""Ground Control"", ""Space Flight"", ""Vivarium Control""], ""Factor Value[Treatment]"": [""Uninjected"", ""Injected with ACVR2B/Fc L-3, L+5, L+11, L+17, L+22, L+28/29"", ""Injected with ACVR2B/Fc L+35 and L+42""], ""Factor Value[Dissection Timeline]"": [""8 hours after completion"", ""8 hours after landing"", ""14 days after landing"", ""7 days after completion"", ""14 days after completion""]}"
OSD-343,2,False,81,Mus musculus,Gastrocnemius; Quadriceps femoris,80,1,a_OSD-343_metabolite-profiling_mass-spectrometry_Xevo QTof MS(Waters).txt,Factor Value[Spaceflight]; Factor Value[Tissue],"{""Factor Value[Tissue]"": [""Gastrocnemius"", ""Quadriceps femoris""], ""Factor Value[Spaceflight]"": [""Ground Control"", ""Space Flight""]}"
OSD-344,3,False,7,Homo sapiens,cardiovascular progenitor cells,24,2,a_OSD-344_transcription-profiling_real-time-pcr_BioRad-1.txt; a_OSD-344_transcription-profiling_real-time-pcr_BioRad.txt,Factor Value[Developmental Stage]; Factor Value[Spaceflight],"{""Factor Value[Developmental Stage]"": [""neonate"", ""adult""], ""Factor Value[Spaceflight]"": [""Ground Control"", ""Space Flight""]}"
OSD-345,2,False,2,Mus musculus,Right femur,13,1,a_OSD-345_protein-expression-profiling_mass-spectrometry_Q Exactive Plus.txt,Factor Value[Spaceflight]; Factor Value[Time],"{""Factor Value[Spaceflight]"": [""Space Flight"", ""Ground Control""], ""Factor Value[Time]"": [""13- 16 h after landing"", ""one-week recovery after landing"", ""13-16 h after end of experiment""]}"
OSD-346,2,True,490,Arabidopsis thaliana,,36,1,a_OSD-346_transcription-profiling_rna-sequencing-(rna-seq)_illumina.txt,Factor Value[Altered Gravity]; Factor Value[Genotype]; Factor Value[Spaceflight]; Factor Value[Treatment],"{""Factor Value[Genotype]"": [""Phytochrome A mutant"", ""Phytochrome B mutant""], ""Factor Value[Spaceflight]"": [""Space Flight""], ""Factor Value[Altered Gravity]"": [""uG"", ""0.1G by centrifugation"", ""0.25G by centrifugation"", ""0.38G by centrifugation"", ""0.65G by centrifugation"", ""1G by centrifugation"", ""0.64G by centrifugation"", ""0.3G by centrifugation""], ""Factor Value[Treatment]"": [""Light Treatment 1"", ""Light Treatment 2"", ""Light Treatment 3"", ""Light Treatment 4""]}"
OSD-347,2,True,268,Drosophila melanogaster,Heart,13,1,a_OSD-347_transcription-profiling_rna-sequencing-(rna-seq).txt,Factor Value[Genotype]; Factor Value[Spaceflight],"{""Factor Value[Genotype]"": [""Wild Type"", ""seizure channel mutant""], ""Factor Value[Spaceflight]"": [""Ground Control"", ""Space Flight""]}"
OSD-350,2,False,91,Aspergillus niger; Aspergillus unguis; Penicillium camemberti; Penicillium chrysogenum; Penicillium dipodomyicola; Penic,Cells,30,1,a_OSD-350_genome-sequencing_nucleotide-sequencing_Illumina.txt,Factor Value[Spaceflight]; Factor Value[Strain],"{""Factor Value[Strain]"": [""F3-1F3-F"", ""F3-4F1-F"", ""F3-4F2-F"", ""IIF6SW-F2"", ""F3-3F1-F"", ""F3-2F3-F"", ""F3-2F4-F"", ""F3-2F5-F""], ""Factor Value[Spaceflight]"": [""Space Flight""]}"
OSD-351,2,False,5,Rattus norvegicus,femur; humerus; lumbar vertebra 2; parietal bone,102,1,a_OSD-351_bone-microstructure_micro-computed-tomography_scanco mct40 scanner.txt,Factor Value[Spaceflight]; Factor Value[Tissue],"{""Factor Value[Spaceflight]"": [""Basal Control"", ""Ground Control"", ""Space Flight""], ""Factor Value[Tissue]"": [""femur"", ""lumbar vertebra 2"", ""Humerus"", ""Parietal Bone""]}"
OSD-352,5,False,184,Mus musculus,Brain,18,4,a_OSD-352_chromatin-accessibility_single-cell-atac-seq_illumina.txt; a_OSD-352_transcription-profiling_rna-sequencing-(rna-seq)_illumina.txt; a_OSD-352_transcription-profiling_single-cell-rna-sequencing_illumina.txt; a_OSD-352_transcription-profiling_spatial-transcriptomics_illumina.txt,Factor Value[Spaceflight],"{""Factor Value[Spaceflight]"": [""Ground Control"", ""Space Flight""]}"
OSD-353,2,False,4,Homo sapiens,blood plasma,46,1,a_OSD-353_protein-expression-profiling_mass-spectrometry_MaXis 4G.txt,Factor Value[Bed Rest]; Factor Value[Dry Immersion]; Factor Value[Spaceflight]; Factor Value[Time],"{""Factor Value[Spaceflight]"": [""Space Flight""], ""Factor Value[Bed Rest]"": [""Bed Rest""], ""Factor Value[Dry Immersion]"": [""Dry Immersion""], ""Factor Value[Time]"": [""before spaceflight"", ""after spaceflight"", ""before bed rest"", ""after bed rest"", ""before dry immersion"", ""after dry immersion""]}"
OSD-354,2,False,231,Homo sapiens,Vastus Lateralis; total RNA,230,1,a_OSD-354_transcription-profiling_microarray_Affymetrix.txt,Factor Value[Age]; Factor Value[Hindlimb Unloading],"{""Factor Value[Age]"": [""18-39"", ""40-60""], ""Factor Value[Hindlimb Unloading]"": [""before training and unloading"", ""after training and before unloading"", ""after training and unloading""]}"
OSD-356,2,False,177,Vibrio fischeri,Cells,88,1,a_OSD-356_transcription-profiling_rna-sequencing-(rna-seq)_Illumina.txt,Factor Value[Genotype]; Factor Value[Microgravity Simulation]; Factor Value[Time],"{""Factor Value[Genotype]"": [""Wild Type"", ""hfq mutant""], ""Factor Value[Microgravity Simulation]"": [""uG by RWV"", ""1G by RWV""], ""Factor Value[Time]"": [""12"", ""24""]}"
OSD-358,2,False,15,Burkholderia contaminans; Fusarium oxysporum; Fusarium sporotrichioides; Zinnia,Cells; leaf; leaf fragments; root; root fragments,7,1,a_glds-358_metagenome_profiling_Whole-Genome-Shotgun-Sequencing.txt,Factor Value[Organism Part]; Factor Value[Spaceflight],"{""Factor Value[Spaceflight]"": [""Space Flight"", ""Control""], ""Factor Value[Organism Part]"": [""root fragments"", ""root"", ""leaf"", ""leaf fragments"", ""Cells""]}"
OSD-359,2,False,3,Homo sapiens,Exhaled Breath Condensate,15,1,a_OSD-359_protein-expression-profiling_mass-spectrometry_timsTOF Pro.txt,Factor Value[Spaceflight]; Factor Value[Time],"{""Factor Value[Spaceflight]"": [""Ground Control"", ""Space Flight""], ""Factor Value[Time]"": [""Launch minus 1"", ""Landing plus 0"", ""Landing plus 7""]}"
OSD-360,2,False,137,Mus musculus,Spleen,136,1,a_OSD-360_metabolite-profiling_mass-spectrometry_Xevo G2 QTOF(Waters).txt,Factor Value[Absorbed Radiation Dose]; Factor Value[Ionizing Radiation]; Factor Value[Time of Sample Collection After Treatment],"{""Factor Value[Ionizing Radiation]"": [""Not Applicable"", ""sham-irradiated"", ""Cesium-137 gamma radiation"", ""Fe-56 ion radiation"", ""O-16 ion radiation""], ""Factor Value[Absorbed Radiation Dose]"": [""0"", ""1"", ""0.2""], ""Factor Value[Time of Sample Collection After Treatment]"": [""1"", ""2"", ""4""]}"
OSD-361,2,False,289,Acinetobacter pittii; Bacillus horneckiae; Kocuria indica; Kocuria palustris; Methylobacterium organophilum; Micrococcus,Cells,96,1,a_OSD-361_genome-sequencing_nucleotide-sequencing_Illumina.txt,Factor Value[Spaceflight]; Factor Value[Strain],"{""Factor Value[Strain]"": [""F4_5S_F1_F"", ""F5_7S_P10A"", ""F5_7S_P10B"", ""F5_7S_P11A"", ""F5_7S_P11B"", ""F5_7S_P11C"", ""F5_7S_P12A"", ""F5_7S_P12B""], ""Factor Value[Spaceflight]"": [""Space Flight""]}"
OSD-362,2,False,33,Aspergillus fumigatus,Mycelium,16,1,a_OSD-362_transcription-profiling_rna-sequencing-(rna-seq)_Illumina.txt,Factor Value[Strain]; Factor Value[Treatment],"{""Factor Value[Strain]"": [""Af293"", ""TSGw4"", ""TSGa17"", ""delAfbrlA7""], ""Factor Value[Treatment]"": [""liquid RPMI"", ""liquid GMM""]}"
OSD-363,3,False,3,Homo sapiens,cerebrospinal fluid,21,2,a_OSD-363_transcription-profiling_real-time-pcr_QuantStudio 12K Flex-1.txt; a_OSD-363_transcription-profiling_real-time-pcr_QuantStudio 12K Flex.txt,Factor Value[Intracranial Pressure],"{""Factor Value[Intracranial Pressure]"": [""high ICP"", ""normal to mild ICP""]}"
OSD-364,3,False,3,Homo sapiens,Plasma,21,2,a_OSD-364_transcription-profiling_real-time-pcr_QuantStudio 12K Flex-1.txt; a_OSD-364_transcription-profiling_real-time-pcr_QuantStudio 12K Flex.txt,Factor Value[Intracranial Pressure],"{""Factor Value[Intracranial Pressure]"": [""high ICP"", ""normal to mild ICP""]}"
OSD-366,3,False,12738,Mus musculus,"Cells, Cultured; Not Applicable",6522,2,a_OSD-366_genome-wide-association-study_genome-wide-association-study_MegaMUGA.txt; a_OSD-366_molecular-cellular-imaging_immunostaining_Zeiss Axiovert 200M.txt,Factor Value[Absorbed Radiation Dose]; Factor Value[Group ID]; Factor Value[Ionizing Radiation]; Factor Value[Strain]; Factor Value[Time of Sample Collection After Treatment],"{""Factor Value[Strain]"": [""B6C3 Mouse"", ""BALB/cByJ"", ""C57BL/6J"", ""CBA/CaJ"", ""C3H/HeMsNsrf "", ""CC002"", ""CC011"", ""CC013""], ""Factor Value[Time of Sample Collection After Treatment]"": [""4"", ""8"", ""24"", ""48""], ""Factor Value[Ionizing Radiation]"": [""Not Applicable"", ""sham-irradiated"", ""Ar-40 ion radiation"", ""Fe-56 ion radiation"", ""Si-28 ion radiation"", ""X-ray radiation""], ""Factor Value[Absorbed Radiation Dose]"": [""0"", ""0.18"", ""0.5"", ""0.3"", ""0.82"", ""0.11"", ""0.41"", ""0.1""], ""Factor Value[Group ID]"": [""Not Applicable"", ""2"", ""3"", ""1"", ""4""]}"
OSD-367,2,False,43,Homo sapiens,3D Cells,16,1,a_OSD-367_transcription-profiling_dna-microarray_Agilent.txt,Factor Value[Ionizing Radiation]; Factor Value[Radiation Distance],"{""Factor Value[Radiation Distance]"": [""125 - 625"", ""625 - 1125""], ""Factor Value[Ionizing Radiation]"": [""sham-irradiated"", ""He-4 ion radiation""]}"
OSD-368,2,False,35,Homo sapiens,3D cells,12,1,a_OSD-368_transcription-profiling_microarray.txt,Factor Value[Ionizing Radiation]; Factor Value[Time of Sample Collection After Treatment],"{""Factor Value[Ionizing Radiation]"": [""sham-irradiated"", ""He-4 ion radiation""], ""Factor Value[Time of Sample Collection After Treatment]"": [""1"", ""16""]}"
OSD-369,2,False,23,Homo sapiens,3D cells,6,1,a_OSD-369_transcription-profiling_microarray.txt,Factor Value[Ionizing Radiation],"{""Factor Value[Ionizing Radiation]"": [""sham-irradiated"", ""He-4 ion radiation""]}"
OSD-370,2,False,71,Homo sapiens,Vastus Lateralis,60,1,a_OSD-370_transcription-profiling_dna-microarray_agilent.txt,Factor Value[Bed Rest]; Factor Value[Time]; Factor Value[Treatment],"{""Factor Value[Bed Rest]"": [""Before Bed Rest"", ""During Bed Rest"", ""After Bed Rest and Retraining""], ""Factor Value[Time]"": [""2 to 4 weeks before Bed Rest"", ""9 days into Bed Rest"", ""4 weeks after Bed Rest stop""], ""Factor Value[Treatment]"": [""baseline"", ""insulin-stimulated""]}"
OSD-372,2,False,115,Burkholderia cepacia; Burkholderia contaminans; Ralstonia insidiosa; Ralstonia pickettii; Staphylococcus aureus; Staphyl,Cells,114,1,a_GLDS-372_genome-sequencing_nucleotide-sequencing.txt,Factor Value[Collection Date]; Factor Value[Sample Location]; Factor Value[Spaceflight],"{""Factor Value[Spaceflight]"": [""Space Flight""], ""Factor Value[Sample Location]"": [""U.S. LAB"", ""Node 2"", ""PMM"", ""Node 1"", ""PWD Hot (bag)"", ""Node 3"", ""U.S. Airlock"", ""PWD Ambient (bag)""], ""Factor Value[Collection Date]"": [""5-Mar-10"", ""9-Mar-15"", ""16-Nov-15"", ""14-Aug-06"", ""15-Jul-09"", ""31-Dec-14"", ""15-Apr-11"", ""12-Aug-11""]}"
OSD-374,3,True,152,Mus musculus,Hippocampus,16,2,a_OSD-374_dna-methylation-profiling_dip-seq_illumina.txt; a_OSD-374_transcription-profiling_rna-sequencing-(rna-seq).txt,Factor Value[Ionizing Radiation],"{""Factor Value[Ionizing Radiation]"": [""sham-irradiated"", ""proton""]}"
OSD-375,2,False,99,Brachypodium distachyon,Plant Roots; Plant Shoots,48,1,a_GLDS-375_transcription-profiling_rna-sequencing-(rna-seq)_illumina.txt,Factor Value[Accession]; Factor Value[Organism Part]; Factor Value[Spaceflight],"{""Factor Value[Accession]"": [""Bd21"", ""Bd21-3"", ""Gaz8""], ""Factor Value[Organism Part]"": [""Plant Roots"", ""Plant Shoots""], ""Factor Value[Spaceflight]"": [""Space Flight"", ""Ground Control""]}"
OSD-379,2,True,2291,Mus musculus,Left Lobe of the Liver,141,1,a_OSD-379_transcription-profiling_rna-sequencing-(rna-seq)_Illumina NovaSeq.txt,Factor Value[Age]; Factor Value[Dissection Condition]; Factor Value[Duration]; Factor Value[Euthanasia Location]; Factor Value[Spaceflight],"{""Factor Value[Spaceflight]"": [""Basal Control"", ""Space Flight"", ""Ground Control"", ""Vivarium Control""], ""Factor Value[Duration]"": [""0"", ""22 to 23"", ""~40"", ""24"", ""23""], ""Factor Value[Euthanasia Location]"": [""On Earth"", ""On ISS""], ""Factor Value[Dissection Condition]"": [""Carcass"", ""Upon euthanasia""], ""Factor Value[Age]"": [""32"", ""10 to 12""]}"
OSD-383,2,False,8,Bacillus pumilus,Cells,6,1,a_OSD-383_genome-sequencing_nucleotide-sequencing_Oxford Nanopore Technologies.txt,Factor Value[Spaceflight],"{""Factor Value[Spaceflight]"": [""Ground Control"", ""Space Flight""]}"
OSD-385,2,False,413,Lactuca sativa; Microbiota,Plant Leaves; Plant Roots; Seeds,100,1,a_OSD-385_amplicon-sequencing_16s_illumina.txt,Factor Value[Organism Part]; Factor Value[Seed Sanitization]; Factor Value[Treatment],"{""Factor Value[Treatment]"": [""Non-treated"", ""Treated with E.coli""], ""Factor Value[Seed Sanitization]"": [""Sanitized"", ""Not Sanitized""], ""Factor Value[Organism Part]"": [""Plant Roots"", ""Seeds"", ""Plant Leaves""]}"
OSD-386,2,False,414,Brassica rapa; Microbiota,Plant Leaves; Plant Roots; Seeds,100,1,a_OSD-386_amplicon-sequencing_16s_illumina.txt,Factor Value[Organism Part]; Factor Value[Seed Sanitization]; Factor Value[Treatment],"{""Factor Value[Treatment]"": [""Non-treated"", ""Treated with E.coli""], ""Factor Value[Seed Sanitization]"": [""Sanitized"", ""Not Sanitized""], ""Factor Value[Organism Part]"": [""Plant Leaves"", ""Plant Roots"", ""Seeds""]}"
OSD-391,2,False,190,Alkalihalobacillus clausii; Alkalihalobacillus gibsonii; Bacillus altitudinis; Bacillus glycinifermentans; Bacillus hayn,Cells,63,1,a_GLDS-391_genome-sequencing_nucleotide-sequencing_illumina.txt,Factor Value[Sample Location],"{""Factor Value[Sample Location]"": [""Location 5"", ""Location 2"", ""Location 11"", ""Location 7"", ""Location 10"", ""Location 1"", ""Location 3"", ""Location 9""]}"
OSD-396,2,False,17,Mus musculus,Callus; Not Available,30,1,a_OSD-396_transcription-profiling_dna-microarray_Agilent.txt,Factor Value[Spaceflight]; Factor Value[Treatment],"{""Factor Value[Treatment]"": [""Segmental Bone Defect (SBD) Surgery with Sham Treatment"", ""Not Applicable"", ""non-surgical control""], ""Factor Value[Spaceflight]"": [""Ground Control"", ""Not Applicable"", ""Space Flight""]}"
OSD-397,3,False,276,Mus musculus,Left retina; Right retina,17,2,a_OSD-397_dna-methylation-profiling_reduced-representation-bisulfite-sequencing_illumina.txt; a_OSD-397_transcription-profiling_rna-sequencing-(rna-seq)_illumina.txt,Factor Value[Spaceflight],"{""Factor Value[Spaceflight]"": [""Space Flight"", ""Ground Control""]}"
OSD-400,2,False,285,Aspergillus unguis; Aureobasidium pullulans; Cladosporium cladosporioides; Cladosporium sphaerospermum; Fusarium annulat,Cells,94,1,a_OSD-400_genome-sequencing_nucleotide-sequencing_Illumina.txt,Factor Value[Spaceflight]; Factor Value[Strain],"{""Factor Value[Strain]"": [""F4_1A_F1_F"", ""F4_7S_F1_F"", ""F5_1S_1A_F"", ""F5_1S_1B_F"", ""F5_8S_1A_F"", ""F5_8S_1B_F"", ""F6_1S_B_1B"", ""F6_1S_P_1A""], ""Factor Value[Spaceflight]"": [""Space Flight""]}"
OSD-401,2,False,180,Mus musculus,Gastrocnemius; Quadriceps femoris,12,1,a_OSD-401_transcription-profiling_rna-sequencing-(rna-seq)_Illumina.txt,Factor Value[Spaceflight]; Factor Value[Tissue],"{""Factor Value[Spaceflight]"": [""Ground Control"", ""Space Flight""], ""Factor Value[Tissue]"": [""Gastrocnemius"", ""Quadriceps femoris""]}"
OSD-402,2,False,165,Mus musculus,Bone marrow of femur,16,1,a_OSD-402_transcription-profiling_single-cell-rna-sequencing.txt,Factor Value[Age]; Factor Value[Spaceflight],"{""Factor Value[Age]"": [""29"", ""12""], ""Factor Value[Spaceflight]"": [""Space Flight"", ""Ground Control""]}"
OSD-403,2,False,165,Mus musculus,Bone marrow of humerus,16,1,a_OSD-403_transcription-profiling_single-cell-rna-sequencing.txt,Factor Value[Age]; Factor Value[Spaceflight],"{""Factor Value[Age]"": [""29"", ""12""], ""Factor Value[Spaceflight]"": [""Space Flight"", ""Ground Control""]}"
OSD-404,2,False,165,Mus musculus,peripheral blood mononuclear cell,16,1,a_OSD-404_transcription-profiling_single-cell-rna-sequencing.txt,Factor Value[Age]; Factor Value[Spaceflight],"{""Factor Value[Age]"": [""29"", ""12""], ""Factor Value[Spaceflight]"": [""Space Flight"", ""Ground Control""]}"
OSD-405,2,False,165,Mus musculus,Spleen,16,1,a_OSD-405_transcription-profiling_single-cell-rna-sequencing.txt,Factor Value[Age]; Factor Value[Spaceflight],"{""Factor Value[Age]"": [""29"", ""12""], ""Factor Value[Spaceflight]"": [""Space Flight"", ""Ground Control""]}"
OSD-406,2,False,380,Arabidopsis thaliana,root,24,1,a_OSD-406_transcription-profiling_rna-sequencing-(rna-seq)_Illumina.txt,Factor Value[Altered Gravity]; Factor Value[Ecotype]; Factor Value[Genotype]; Factor Value[Spacecraft],"{""Factor Value[Ecotype]"": [""Col-0"", ""Wassilewskija ecotype""], ""Factor Value[Genotype]"": [""Wild Type"", ""sku5""], ""Factor Value[Altered Gravity]"": [""Suborbital Flight"", ""Ground Control""], ""Factor Value[Spacecraft]"": [""Virgin Galactic SpaceShipTwo"", ""Blue Origin New Shepard""]}"
OSD-410,2,False,102,Homo sapiens,Blood,100,1,a_OSD-410_transcription-profiling_dna-microarray_Affymetrix.txt,Factor Value[Absorbed Radiation Dose]; Factor Value[Ionizing Radiation]; Factor Value[Time of Sample Collection after Treatment],"{""Factor Value[Ionizing Radiation]"": [""sham-irradiated"", ""Cesium-137 gamma radiation""], ""Factor Value[Absorbed Radiation Dose]"": [""0"", ""0.15"", ""0.3"", ""1.5""], ""Factor Value[Time of Sample Collection after Treatment]"": [""1"", ""2"", ""6""]}"
OSD-412,2,False,89,Brassica rapa; Lactuca sativa; Microbiota; Not Applicable,Swab; leaf; media; root; wick,43,1,a_OSD-412_amplicon-sequencing_16s_illumina.txt,Factor Value[Organism Part]; Factor Value[Spaceflight],"{""Factor Value[Organism Part]"": [""wick"", ""leaf"", ""media"", ""root"", ""Swab""], ""Factor Value[Spaceflight]"": [""Space Flight"", ""Ground Control""]}"
OSD-413,2,False,27,Brassica rapa; Microbiota,Wick; leaf; media; root,12,1,a_OSD-413_amplicon-sequencing_16s_illumina.txt,Factor Value[Organism Part]; Factor Value[Spaceflight],"{""Factor Value[Organism Part]"": [""root"", ""media"", ""Wick"", ""leaf""], ""Factor Value[Spaceflight]"": [""Space Flight""]}"
OSD-414,2,False,23,Lactuca sativa; Microbiota,leaf; media; root; wick,10,1,a_OSD-414_amplicon-sequencing_16s_illumina.txt,Factor Value[Organism Part]; Factor Value[Spaceflight],"{""Factor Value[Spaceflight]"": [""Space Flight""], ""Factor Value[Organism Part]"": [""root"", ""media"", ""wick"", ""leaf""]}"
OSD-416,2,False,97,Arabidopsis thaliana,Plant Roots; leaf,48,1,a_OSD-416_dna-methylation-profiling_bisulfite-sequencing_Illumina.txt,Factor Value[Genotype]; Factor Value[Spaceflight],"{""Factor Value[Genotype]"": [""Wild Type"", ""elp2-5"", ""met1-7""], ""Factor Value[Spaceflight]"": [""Space Flight"", ""Ground Control""]}"
OSD-417,5,False,1157,Microbiota; Mus musculus; Not Applicable,Feces; Serum; oral swab specimen,260,4,a_OSD-417_amplicon-sequencing_16s_illumina hiseq2500.txt; a_OSD-417_amplicon-sequencing_16s_illumina miseq.txt; a_OSD-417_metabolite-profiling_mass-spectrometry_sciex qtrap 6500 triple quadrupole lc-ms ms.txt; a_OSD-417_metagenomic-sequencing_whole-genome-shotgun-sequencing_illumina novaseq 6000.txt,Factor Value[Euthanasia Location]; Factor Value[Spaceflight]; Factor Value[Time],"{""Factor Value[Spaceflight]"": [""Basal Control"", ""Ground Control"", ""Space Flight""], ""Factor Value[Time]"": [""Launch plus 0"", ""Launch plus 4.5"", ""Launch plus 9""], ""Factor Value[Euthanasia Location]"": [""On Earth"", ""On ISS""]}"
OSD-418,2,False,108,Rattus norvegicus,Gastrocnemius,8,1,a_OSD-418_transcription-profiling_rna-sequencing-(rna-seq)_illumina.txt,Factor Value[Partial Weight Bearing],"{""Factor Value[Partial Weight Bearing]"": [""normal loading with full harness (PWB100)"", ""40% of normal loading (PWB40)""]}"
OSD-419,2,True,189,Mus musculus,Right gastrocnemius,12,1,a_OSD-419_transcription-profiling_rna-sequencing-(rna-seq)_illumina.txt,Factor Value[Spaceflight],"{""Factor Value[Spaceflight]"": [""Space Flight"", ""Ground Control""]}"
OSD-420,2,True,293,Mus musculus,Spleen-distal,20,1,a_OSD-420_transcription-profiling_rna-sequencing-(rna-seq)_Illumina.txt,Factor Value[Spaceflight],"{""Factor Value[Spaceflight]"": [""Space Flight"", ""Ground Control""]}"
OSD-421,2,True,294,Mus musculus,thymus,20,1,a_OSD-421_transcription-profiling_rna-sequencing-(rna-seq)_Illumina.txt,Factor Value[Spaceflight],"{""Factor Value[Spaceflight]"": [""Space Flight"", ""Ground Control""]}"
OSD-422,2,True,177,Rattus norvegicus,right lateral gastrocnemius,12,1,a_OSD-422_transcription-profiling_rna-sequencing-(rna-seq)_illumina.txt,Factor Value[Spaceflight],"{""Factor Value[Spaceflight]"": [""Space Flight"", ""Ground Control""]}"
OSD-423,2,False,242,Rattus norvegicus,thymus,20,1,a_OSD-423_transcription-profiling_rna-sequencing-(rna-seq)_Illumina.txt,Factor Value[Spaceflight],"{""Factor Value[Spaceflight]"": [""Space Flight"", ""Ground Control""]}"
OSD-425,2,False,59,Caenorhabditis elegans,Whole Organism,48,1,a_OSD-425_transcription-profiling_dna-microarray_agilent.txt,Factor Value[Altered Gravity]; Factor Value[Generation]; Factor Value[Genotype]; Factor Value[Spaceflight],"{""Factor Value[Genotype]"": [""Wild Type"", ""hda-4 (ok518) mutant"", ""sir-2.1 (ok434) mutant""], ""Factor Value[Spaceflight]"": [""Space Flight""], ""Factor Value[Generation]"": [""1st generation"", ""2nd generation"", ""3rd generation"", ""4th generation""], ""Factor Value[Altered Gravity]"": [""uG"", ""1G by CBEF""]}"
OSD-426,3,False,326,Mus musculus,Cells,18,2,a_OSD-426_transcription-profiling_mirna-sequencing_illumina.txt; a_OSD-426_transcription-profiling_rna-sequencing-(rna-seq)_illumina.txt,Factor Value[Altered Gravity]; Factor Value[Spaceflight]; Factor Value[Treatment],"{""Factor Value[Spaceflight]"": [""Space Flight"", ""Ground Control""], ""Factor Value[Altered Gravity]"": [""uG"", ""1G by centrifugation"", ""1G on Earth""], ""Factor Value[Treatment]"": [""without nanoceria"", ""with nanoceria""]}"
OSD-427,2,False,645,Arabidopsis thaliana,leaf; root,48,1,a_OSD-427_transcription-profiling_rna-sequencing-(rna-seq)_Illumina.txt,Factor Value[Genotype]; Factor Value[Organism part]; Factor Value[Spaceflight],"{""Factor Value[Genotype]"": [""Wild Type"", ""elp2-5"", ""met1-7""], ""Factor Value[Spaceflight]"": [""Space Flight"", ""Ground Control""], ""Factor Value[Organism part]"": [""leaf"", ""root""]}"
OSD-428,2,False,21,Arabidopsis thaliana,root,9,1,a_OSD-428_transcription-profiling_dna-microarray_affymetrix.txt,Factor Value[Altered Gravity]; Factor Value[Time],"{""Factor Value[Time]"": [""ground control KFT was actuated during the flight"", ""actuated immediately after the microgravity exposure "", ""actuated after level flight had been maintained for about a minute and a half after the pa""], ""Factor Value[Altered Gravity]"": [""Ground control"", ""Gravity, Altered""]}"
OSD-430,2,False,10,Rattus norvegicus,Cells,8,1,a_GLDS-430_transcription-profiling_dna-microarray_affymetrix.txt,Factor Value[Spaceflight]; Factor Value[Treatment],"{""Factor Value[Spaceflight]"": [""Space Flight"", ""Ground Control""], ""Factor Value[Treatment]"": [""without nanoceria"", ""with nanoceria""]}"
OSD-431,2,True,125,Homo sapiens,Cells,8,1,a_OSD-431_transcription-profiling_rna-sequencing-(rna-seq)_Illumina.txt,Factor Value[Altered Gravity]; Factor Value[Spaceflight],"{""Factor Value[Spaceflight]"": [""Space Flight"", ""Ground Control""], ""Factor Value[Altered Gravity]"": [""uG"", ""1G by centrifugation"", ""1G on Earth""]}"
OSD-432,2,False,42,Mus musculus,thymic lymphoma,40,1,a_OSD-432_transcription-profiling_dna-microarray_Agilent.txt,Factor Value[Genotype]; Factor Value[Ionizing Radiation]; Factor Value[Treatment],"{""Factor Value[Genotype]"": [""p53+/-Fbxw7+/+"", ""p53+/-Fbxw7+/-""], ""Factor Value[Ionizing Radiation]"": [""x-ray radiation""], ""Factor Value[Treatment]"": [""rapamycin"", ""placebo""]}"
OSD-434,2,False,21,Arabidopsis thaliana,Plant Roots,9,1,a_OSD-434_transcription-profiling_dna-microarray_affymetrix.txt,Factor Value[Altered Gravity]; Factor Value[Time],"{""Factor Value[Altered Gravity]"": [""Ground control"", ""Gravity, Altered""], ""Factor Value[Time]"": [""Ground Control"", ""first-actuated KFT"", ""last-actuated KFT""]}"
OSD-435,3,False,6,Mus musculus,Heart and Abdominal Aorta,1206,2,a_OSD-435_echocardiogram_ultrasonography_vevo 2100 aorta.txt; a_OSD-435_echocardiogram_ultrasonography_vevo 2100 heart.txt,Factor Value[Absorbed Radiation Dose]; Factor Value[Ionizing Radiation]; Factor Value[Time Post-Irradiation],"{""Factor Value[Ionizing Radiation]"": [""O-16 ion radiation"", ""sham-irradiated"", ""proton"", ""Cesium-137 gamma radiation"", ""multiple ion radiation""], ""Factor Value[Absorbed Radiation Dose]"": [""0.1"", ""0.25"", ""1"", ""0"", ""0.5"", ""3"", ""0.5, 1""], ""Factor Value[Time Post-Irradiation]"": [""0"", ""3"", ""7"", ""9"", ""5"", ""2""]}"
OSD-436,2,False,22,Arabidopsis thaliana,Plant Roots,21,1,a_OSD-436_transcription-profiling_dna-microarray_affymetrix.txt,Factor Value[Altered Gravity]; Factor Value[Time],"{""Factor Value[Altered Gravity]"": [""Gravity, Altered""], ""Factor Value[Time]"": [""Fixed at the end of the tenth parabola"", ""Fixed during level flight 1 minute before the beginning of the first parabola"", ""Fixed immediately after pitching up from level flight into a hyper-g climb"", ""Fixed at the peak of the first parabola, at the transition from hyper-g to ug, by member A"", ""Fixed at the peak of the first parabola, at the transition from hyper-g to ug, by member B"", ""Fixed at the end of the first parabola"", ""Fixed at the end of the third parabola""]}"
OSD-437,2,True,268,Arabidopsis thaliana,shoot,19,1,a_OSD-437_transcription-profiling_rna-sequencing-(rna-seq)_Illumina.txt,Factor Value[Age]; Factor Value[Altered Gravity]; Factor Value[Spaceflight],"{""Factor Value[Age]"": [""4"", ""6""], ""Factor Value[Altered Gravity]"": [""1G by centrifugation"", ""uG"", ""1G on Earth""], ""Factor Value[Spaceflight]"": [""Space Flight"", ""Ground Control""]}"
OSD-450,2,False,27,Arabidopsis thaliana,Plant Roots,15,1,a_OSD-450_transcription-profiling_dna-microarray_affymetrix.txt,Factor Value[Altered Gravity]; Factor Value[Time],"{""Factor Value[Altered Gravity]"": [""Level flight"", ""Gravity, Altered""], ""Factor Value[Time]"": [""Roots of seedlings fixed during level flight"", ""Roots of seedlings fixed after the first parabola"", ""Roots of seedlings fixed after the third parabola"", ""Roots of seedlings fixed after the tenth parabola""]}"
OSD-452,2,False,136,Escherichia coli,Cells,135,1,a_GLDS-452_transcription-profiling_rna-sequencing-(rna-seq)_illumina.txt,Factor Value[Treatment],"{""Factor Value[Treatment]"": [""Ampicillin"", ""Bezalkonium chloride and Ampicillin"", ""Bezalkonium chloride and Kanamycin"", ""Bezalkonium chloride and Norfloxacin"", ""Bezalkonium chloride and Rifampicin"", ""Chlorexidine and Ampicillin"", ""Chlorexidine and Kanamycin"", ""Chlorexidine and Norfloxacin""]}"
OSD-457,2,False,2329,Mus musculus,Cerebrum; Kidney; Liver; Mandible; Spleen; Temporal Bone; brown adipose tissue; thymus; white adipose tissue,192,1,a_OSD-457_transcription-profiling_rna-sequencing-(rna-seq)_Illumina.txt,Factor Value[Genotype]; Factor Value[Spaceflight]; Factor Value[Tissue],"{""Factor Value[Genotype]"": [""Nrf2KO"", ""Wild Type""], ""Factor Value[Spaceflight]"": [""Space Flight"", ""Ground control""], ""Factor Value[Tissue]"": [""Temporal Bone"", ""Mandibular bone"", ""Spleen"", ""Liver"", ""white adipose tissue"", ""brown adipose tissue"", ""thymus"", ""Kidney""]}"
OSD-462,11,False,2178,Mus musculus,Left kidney,58,10,a_OSD-462_phosphoprotein-profiling_mass-spectrometry_Orbitrap Eclipse.txt; a_OSD-462_phosphoprotein-profiling_mass-spectrometry_orbitrap-eclipse.txt; a_OSD-462_protein-expression-profiling_mass-spectrometry_Orbitrap Fusion Lumos.txt; a_OSD-462_protein-expression-profiling_mass-spectrometry_orbitrap-,Factor Value[Spaceflight],"{""Factor Value[Spaceflight]"": [""Basal Control"", ""Space Flight"", ""Ground Control"", ""Vivarium Control""]}"
OSD-463,2,True,530,Mus musculus,Left Lobe of the Liver,31,1,a_OSD-463_transcription-profiling_rna-sequencing-(rna-seq)_Illumina.txt,Factor Value[Spaceflight],"{""Factor Value[Spaceflight]"": [""Space Flight"", ""Ground Control"", ""Vivarium Control""]}"
OSD-464,2,True,484,Mus musculus,Left Lung,28,1,a_OSD-464_transcription-profiling_rna-sequencing-(rna-seq)_Illumina.txt,Factor Value[Spaceflight],"{""Factor Value[Spaceflight]"": [""Space Flight"", ""Ground Control"", ""Vivarium Control""]}"
OSD-465,2,False,435,Microbiota; Mus musculus,feces,27,1,a_OSD-465_metagenomic-sequencing_whole-genome-shotgun-sequencing_Illumina.txt,Factor Value[Spaceflight],"{""Factor Value[Spaceflight]"": [""Space Flight"", ""Ground Control"", ""Vivarium Control""]}"
OSD-466,2,False,958,Microbiota; Mus musculus,Feces,62,1,a_OSD-466_metagenomic-sequencing_whole-genome-shotgun-sequencing_Illumina.txt,Factor Value[Genotype]; Factor Value[Spaceflight],"{""Factor Value[Genotype]"": [""Wild Type"", ""p21-null""], ""Factor Value[Spaceflight]"": [""Basal Control"", ""Space Flight"", ""Ground Control"", ""Vivarium Control""]}"
OSD-467,2,True,322,Mus musculus,Cortical Bone,16,1,a_OSD-467_transcription-profiling_rna-sequencing-(rna-seq)_Illumina.txt,Factor Value[Hindlimb Unloading],"{""Factor Value[Hindlimb Unloading]"": [""Normal Loading Control"", ""Hindlimb Unloaded""]}"
OSD-470,2,False,17,Klebsiella quasipneumoniae subsp. similipneumoniae,Bacteria; Not applicable,1,1,a_GLDS-470_genome-sequencing_nucleotide-sequencing_oxford nanopore technologies.txt,Factor Value[Spaceflight],"{""Factor Value[Spaceflight]"": [""Space Flight""]}"
OSD-471,2,False,3,Mus musculus,Caudal Vertebrae 3-4,2,1,"a_OSD-471_bone-microstructure_micro-computed-tomography_mCT 50, Scanco Medical.txt",Factor Value[Spaceflight],"{""Factor Value[Spaceflight]"": [""Space Flight"", ""Vivarium Control""]}"
OSD-476,3,False,346,Arabidopsis thaliana,aboveground biomass,20,2,a_OSD-476_morphometric-analysis_image-analysis_imagej.txt; a_OSD-476_transcription-profiling_rna-sequencing-(rna-seq)_illumina.txt,Factor Value[Treatment],"{""Factor Value[Treatment]"": [""JSC-1A lunar simulant"", ""Apollo 11 regolith"", ""Apollo 12 regolith"", ""Apollo 17 regolith""]}"
OSD-477,4,False,10,Rattus norvegicus,Left Femur; Right Femur,200,3,a_OSD-477_bone-biomechanical-measurement_bone-biomechanical-measurement.txt; a_OSD-477_bone-microstructure_peripheral-quantitative-computed-tomography.txt; a_OSD-477_histological-assay_histomorphometry.txt,Factor Value[Partial Weight Bearing]; Factor Value[Time],"{""Factor Value[Partial Weight Bearing]"": [""normal loading with full harness (PWB100)"", ""40% of normal loading (PWB40)"", ""70% of normal loading (PWB70)"", ""20% of normal loading (PWB20)""], ""Factor Value[Time]"": [""2"", ""1"", ""4""]}"
OSD-478,2,False,4,Mus musculus,Left Fore Limb; Left Hind Limb,212,1,a_OSD-478_behavior_gait_digigait-system-(mouse-specifics).txt,Factor Value[Spaceflight]; Factor Value[Time],"{""Factor Value[Spaceflight]"": [""Space Flight"", ""Vivarium Control"", ""Ground Control""], ""Factor Value[Time]"": [""Launch-8"", ""Launch+36""]}"
OSD-479,6,False,21,Mus musculus,Whole Organism,1649,5,a_OSD-479_behavior_elevated-plus-maze_ethovisionxt_12.txt; a_OSD-479_behavior_novel-object-recognition_ethovisionxt_12.txt; a_OSD-479_behavior_open-field_ethovisionxt_12.txt; a_OSD-479_behavior_rawm_ethovisionxt_12.txt; a_OSD-479_behavior_three-chamber-social-isolation_ethovisionxt_12.txt,Factor Value[Absorbed Radiation Dose]; Factor Value[Ionizing Radiation]; Factor Value[Sex]; Factor Value[Treatment],"{""Factor Value[Sex]"": [""Female"", ""Male""], ""Factor Value[Ionizing Radiation]"": [""non-irradiated"", ""mixed radiation field""], ""Factor Value[Absorbed Radiation Dose]"": [""Not Applicable"", ""50"", ""75"", ""25"", ""100""], ""Factor Value[Treatment]"": [""Normal Chow"", ""Microglia Depletion Chow PLX5622""]}"
OSD-480,2,False,802,Arabidopsis thaliana,cotyledon; hypocotyl; mature root; root tip,400,1,a_OSD-480_transcription-profiling_rna-sequencing-(rna-seq)_Illumina.txt,Factor Value[Altered Gravity]; Factor Value[Genotype]; Factor Value[Organism Part]; Factor Value[Spaceflight]; Factor Value[Treatment],"{""Factor Value[Organism Part]"": [""cotyledon"", ""hypocotyl"", ""mature root"", ""root tip""], ""Factor Value[Altered Gravity]"": [""0.004G by centrifugation"", ""0.006G by centrifugation"", ""0.011G by centrifugation"", ""0.29G by centrifugation"", ""0.38G by centrifugation"", ""0.107G by centrifugation"", ""0.127G by centrifugation"", ""0.166G by centrifugation""], ""Factor Value[Genotype]"": [""Wild Type"", ""pgm-1""], ""Factor Value[Spaceflight]"": [""Space Flight""], ""Factor Value[Treatment]"": [""Light Treatment 1"", ""Light Treatment 2""]}"
OSD-481,2,False,7,Homo sapiens,Peripheral Blood,6,1,a_GLDS-481_transcription-profiling_rna-sequencing-(rna-seq)_illumina.txt,Factor Value[Spaceflight]; Factor Value[Time],"{""Factor Value[Time]"": [""Launch minus 10"", ""Return plus 3""], ""Factor Value[Spaceflight]"": [""Pre-flight"", ""Post-flight""]}"
OSD-483,2,False,43,Homo sapiens,Peripheral Blood,42,1,a_GLDS-483_transcription-profiling_rna-sequencing-(rna-seq)_illumina.txt,Factor Value[Spaceflight]; Factor Value[Time],"{""Factor Value[Spaceflight]"": [""Pre-flight"", ""In-flight"", ""Post-flight""], ""Factor Value[Time]"": [""Launch minus 10"", ""Return minus 0"", ""Return plus 3""]}"
OSD-484,2,False,11,Homo sapiens,Cells,9,1,a_GLDS-484_transcription-profiling_dna-microarray_affymetrix.txt,Factor Value[Treatment],"{""Factor Value[Treatment]"": [""Untreated Control"", ""Treated with Launch-10day exosomes"", ""Treated with Launch+3day exosomes""]}"
OSD-485,2,False,34,Euglena gracilis,Whole Organism,32,1,a_OSD-485_transcription-profiling_dna-microarray_Agilent.txt,Factor Value[Altered Gravity]; Factor Value[Parabola]; Factor Value[Time],"{""Factor Value[Altered Gravity]"": [""1.8G by parabolic flight"", ""1G by horizontal flight"", ""uG by parabolic flight""], ""Factor Value[Parabola]"": [""Parabola 1"", ""Parabola 31""], ""Factor Value[Time]"": [""Day 1"", ""Day 2"", ""Day 3"", ""Day 4""]}"
OSD-486,2,False,3,Mus musculus,Calvariae,2,1,"a_OSD-486_bone-microstructure_micro-computed-tomography_skyscan 1076 micro-computed tomography scanner (kontich, belgium).txt",Factor Value[Spaceflight],"{""Factor Value[Spaceflight]"": [""Space Flight"", ""Ground Control""]}"
OSD-487,2,False,268,Homo sapiens; Microbiota; Not Applicable,Biofilms; Not Applicable; Skin Tissue; Skin swab,42,1,a_GLDS-487_amplicon-sequencing_16s_illumina-1.txt,Factor Value[Sample Condition]; Factor Value[Spaceflight],"{""Factor Value[Spaceflight]"": [""Not Applicable"", ""Space Flight"", ""Ground Control""], ""Factor Value[Sample Condition]"": [""Diabetic foot ulcers"", ""contralateral heathy foot"", ""Negative Control""]}"
OSD-488,12,False,5,Mus musculus,Soleus; tibialis anterior,93,11,a_OSD-488_calcium-uptake_spectrofluorimetric-assay_Molecular Devices M2 plate reader.txt; a_OSD-488_protein-quantification_western-blot_BioRad ChemiDoc-1.txt; a_OSD-488_protein-quantification_western-blot_BioRad ChemiDoc-2.txt; a_OSD-488_protein-quantification_western-blot_BioRad ChemiDoc-3.txt; a_O,Factor Value[Space Mission]; Factor Value[Spaceflight]; Factor Value[Tissue],"{""Factor Value[Spaceflight]"": [""Ground Control"", ""Vivarium Control"", ""Space Flight"", ""Cohort Control #1"", ""Cohort Control #2""], ""Factor Value[Tissue]"": [""Soleus"", ""tibialis anterior""], ""Factor Value[Space Mission]"": [""SpaceX-12 (RR9)"", ""SpaceX-4 (RR1)""]}"
OSD-489,2,False,4,Mus musculus,lumbar vertebra 4,37,1,a_OSD-489_bone-microstructure_micro-computed-tomography_bruker skyscan.txt,Factor Value[Spaceflight],"{""Factor Value[Spaceflight]"": [""Basal Control"", ""Vivarium Control"", ""Space Flight"", ""Ground Control""]}"
OSD-490,2,False,5,Rattus norvegicus,,135,1,a_OSD-490_behavior_elevated-plus-maze_kinder scientific.txt,Factor Value[Ionizing Radiation]; Factor Value[absorbed radiation dose],"{""Factor Value[Ionizing Radiation]"": [""Fe-56 ion radiation"", ""non-irradiated""], ""Factor Value[absorbed radiation dose]"": [""50"", ""150"", ""200"", ""25""]}"
OSD-492,2,False,7,Rattus norvegicus,,129,1,a_OSD-492_behavior_novel-object-recognition_custom plexiglass.txt,Factor Value[Absorbed Radiation Dose]; Factor Value[Ionizing Radiation],"{""Factor Value[Absorbed Radiation Dose]"": [""Not Applicable"", ""50"", ""80"", ""100"", ""150"", ""200""], ""Factor Value[Ionizing Radiation]"": [""non-irradiated"", ""Fe-56 ion radiation""]}"
OSD-496,2,False,7,Arabidopsis thaliana,Seedlings,6,1,a_OSD-496_protein-dna-binding-site-identification_chip-seq_Illumina.txt,Factor Value[Genotype]; Factor Value[Ionizing Radiation]; Factor Value[Time of Sample Collection After Treatment]; Factor Value[antibody],"{""Factor Value[antibody]"": [""Not Applicable"", ""anti-Flag M2""], ""Factor Value[Genotype]"": [""pSOG1::SOG1-3xFLAG"", ""Wild Type""], ""Factor Value[Ionizing Radiation]"": [""Cobalt-60 gamma radiation""], ""Factor Value[Time of Sample Collection After Treatment]"": [""20"", ""60""]}"
OSD-497,2,False,154,Acremonium citrinum; Alternaria angustiovoidea; Aspergillus calidoustus; Aspergillus costaricaensis; Aspergillus pseudog,Cells,51,1,a_GLDS-497_genome-sequencing_nucleotide-sequencing_illumina.txt,Factor Value[Strain],"{""Factor Value[Strain]"": [""FKII-L8-BK-P5"", ""FKII-L8-BK-P2B"", ""FKII-L2-CM-DRAB1"", ""FKII-L2-CM-DR1"", ""FKII-L2-CM-PAB1"", ""FKII-L3-BK-PAB1"", ""FKII-L3-BK-DRAB4"", ""FKI-L3-BK-DRAB1""]}"
OSD-498,2,False,195,Arabidopsis thaliana,Seedlings; Whole Organism,16,1,a_OSD-498_transcription-profiling_rna-sequencing-(rna-seq)_Illumina.txt,Factor Value[Ionizing Radiation]; Factor Value[Time of Sample Collection after Treatment],"{""Factor Value[Time of Sample Collection after Treatment]"": [""10"", ""20"", ""90"", ""1440""], ""Factor Value[Ionizing Radiation]"": [""Cobalt-60 gamma radiation"", ""non-irradiated""]}"
OSD-500,2,False,11,Staphylococcus aureus,Cells,10,1,a_OSD-500_protein-expression-profiling_mass-spectrometry_orbitrap fusion mass spectrometer (thermo scientific).txt,Factor Value[Spaceflight],"{""Factor Value[Spaceflight]"": [""Space Flight"", ""Ground Control""]}"
OSD-502,2,False,99,Arabidopsis thaliana,Seedlings,8,1,a_OSD-502_transcription-profiling_rna-sequencing-(rna-seq)_Illumina.txt,Factor Value[Genotype]; Factor Value[Ionizing Radiation],"{""Factor Value[Genotype]"": [""Wild Type"", ""myb3r135""], ""Factor Value[Ionizing Radiation]"": [""non-irradiated"", ""Cobalt-60 gamma radiation""]}"
OSD-505,2,False,25,Rattus norvegicus,medial prefrontal cortex,12,1,a_OSD-505_protein-expression-profiling_mass-spectrometry_Orbitrap Fusion.txt,Factor Value[Ionizing Radiation],"{""Factor Value[Ionizing Radiation]"": [""sham-irradiated"", ""Si-28 ion radiation""]}"
OSD-506,2,True,483,Mus musculus,Spleen,28,1,a_OSD-506_transcription-profiling_rna-sequencing-(rna-seq)_Illumina.txt,Factor Value[Spaceflight],"{""Factor Value[Spaceflight]"": [""Space Flight"", ""Ground Control"", ""Vivarium Control""]}"
OSD-508,2,False,380,Arabidopsis thaliana,Seedlings; Whole Organism,36,1,a_OSD-508_transcription-profiling_rna-sequencing-(rna-seq)_Illumina.txt,Factor Value[Genotype]; Factor Value[Ionizing Radiation]; Factor Value[Time of Sample Collection After Treatment],"{""Factor Value[Genotype]"": [""Wild Type"", ""sog1-1""], ""Factor Value[Ionizing Radiation]"": [""non-irradiated"", ""Cobalt-60 gamma radiation""], ""Factor Value[Time of Sample Collection After Treatment]"": [""10"", ""20"", ""45"", ""90"", ""180"", ""360"", ""720"", ""1440""]}"
OSD-509,2,False,7,Saccharomyces cerevisiae,Cells,4,1,a_OSD-509_targeted-genome-sequencing_long-read-dna-sequencing_Oxford Nanopore Technologies.txt,Factor Value[Genotype]; Factor Value[Spaceflight],"{""Factor Value[Genotype]"": [""ADE2 mutant"", ""Wild Type""], ""Factor Value[Spaceflight]"": [""Space Flight"", ""Ground Control""]}"
OSD-510,2,False,500,Arabidopsis thaliana,Seedlings; Whole Organism,48,1,a_OSD-510_transcription-profiling_rna-sequencing-(rna-seq)_Illumina.txt,Factor Value[Genotype]; Factor Value[Ionizing Radiation]; Factor Value[Time of Sample Collection After Treatment],"{""Factor Value[Ionizing Radiation]"": [""Cobalt-60 gamma radiation"", ""non-irradiated""], ""Factor Value[Time of Sample Collection After Treatment]"": [""20"", ""90"", ""180"", ""360"", ""720"", ""1440""], ""Factor Value[Genotype]"": [""Wild Type"", ""sog1-1""]}"
OSD-511,2,False,580,Mus musculus,mammary gland,43,1,a_OSD-511_transcription-profiling_rna-sequencing-(rna-seq)_illumina.txt,Factor Value[Age]; Factor Value[Spaceflight],"{""Factor Value[Age]"": [""32"", ""10 to 12""], ""Factor Value[Spaceflight]"": [""Space Flight"", ""Ground Control"", ""Vivarium Control""]}"
OSD-512,2,True,516,Mus musculus,adrenal gland,30,1,a_OSD-512_transcription-profiling_rna-sequencing-(rna-seq)_Illumina.txt,Factor Value[Spaceflight],"{""Factor Value[Spaceflight]"": [""Space Flight"", ""Ground Control"", ""Vivarium Control""]}"
OSD-513,2,True,515,Mus musculus,Left kidney,30,1,a_OSD-513_transcription-profiling_rna-sequencing-(rna-seq)_illumina.txt,Factor Value[Spaceflight],"{""Factor Value[Spaceflight]"": [""Space Flight"", ""Ground Control"", ""Vivarium Control""]}"
OSD-514,3,True,717,Drosophila melanogaster,head,24,2,a_OSD-514_protein-expression-profiling_mass-spectrometry_Orbitrap Fusion.txt; a_OSD-514_transcription-profiling_rna-sequencing-(rna-seq)_Illumina.txt,Factor Value[Altered Gravity]; Factor Value[Sex]; Factor Value[Spaceflight],"{""Factor Value[Sex]"": [""male"", ""female""], ""Factor Value[Spaceflight]"": [""Ground Control"", ""Space Flight""], ""Factor Value[Altered Gravity]"": [""1G"", ""uG"", ""1G in centrifuge""]}"
OSD-515,2,True,515,Mus musculus,thymus,30,1,a_OSD-515_transcription-profiling_rna-sequencing-(rna-seq)_Illumina.txt,Factor Value[Spaceflight],"{""Factor Value[Spaceflight]"": [""Space Flight"", ""Ground Control"", ""Vivarium Control""]}"
OSD-518,2,True,229,Arabidopsis thaliana,shoot tip,21,1,a_OSD-518_transcription-profiling_rna-sequencing-(rna-seq)_illumina.txt,Factor Value[Genotype]; Factor Value[Treatment],"{""Factor Value[Genotype]"": [""Wild Type"", ""lazy1 mutant"", ""tac1 mutant""], ""Factor Value[Treatment]"": [""not gravistimulated"", ""45 minutes after 90 degree gravistimulation""]}"
OSD-519,2,False,488,Arabidopsis thaliana,Lateral root and surrounding tissues at the bend; Root above to the bend,36,1,a_GLDS-519_transcription-profiling_rna-sequencing-(rna-seq)_illumina.txt,Factor Value[Genotype]; Factor Value[Organism Part]; Factor Value[Time]; Factor Value[Treatment],"{""Factor Value[Genotype]"": [""Wild Type"", ""puchi-1 mutant""], ""Factor Value[Organism Part]"": [""Root above to the bend"", ""Lateral root and surrounding tissues at the bend""], ""Factor Value[Treatment]"": [""Non-treated"", ""vertical rotation""], ""Factor Value[Time]"": [""12"", ""18"", ""24"", ""30"", ""36""]}"
OSD-520,2,False,93,Arabidopsis thaliana,rosette,45,1,a_OSD-520_dna-methylation-profiling_whole-genome-bisulfite-sequencing_illumina.txt,Factor Value[Generation]; Factor Value[Ionizing Radiation],"{""Factor Value[Generation]"": [""Parent generation (P0)"", ""First generation (S1)"", ""Second generation (S2)""], ""Factor Value[Ionizing Radiation]"": [""non-irradiated"", ""Cesium-137 gamma radiation""]}"
OSD-522,3,False,274,Arabidopsis thaliana,Plant Roots; Plant Shoots,36,2,a_OSD-522_protein-expression-profiling_mass-spectrometry_ltq orbitrap velos(thermo scientific).txt; a_OSD-522_transcription-profiling_rna-sequencing-(rna-seq)_illumina.txt,Factor Value[Organism Part]; Factor Value[Spaceflight],"{""Factor Value[Organism Part]"": [""Plant Shoots"", ""Plant Roots""], ""Factor Value[Spaceflight]"": [""Space Flight"", ""Ground Control""]}"
OSD-524,2,False,85,Danio rerio,whole embryos,41,1,a_OSD-524_dna-methylation-profiling_bisulfite-sequencing_illumina.txt,Factor Value[Generation]; Factor Value[Ionizing Radiation],"{""Factor Value[Ionizing Radiation]"": [""non-irradiated"", ""Cobalt-60 gamma radiation""], ""Factor Value[Generation]"": [""F1"", ""F2"", ""F3"", ""Not Applicable""]}"
OSD-525,2,True,499,Mus musculus,Cerebellum,29,1,a_OSD-525_transcription-profiling_rna-sequencing-(rna-seq)_illumina.txt,Factor Value[Spaceflight],"{""Factor Value[Spaceflight]"": [""Space Flight"", ""Ground Control"", ""Vivarium Control""]}"
OSD-528,2,False,21,Mycobacterium marinum,Cells,9,1,a_OSD-528_transcription-profiling_rna-sequencing-(rna-seq)_Illumina.txt,Factor Value[Microgravity Simulation],"{""Factor Value[Microgravity Simulation]"": [""1G on Earth"", ""uG by random positioning machine"", ""uG by 3D clinostat""]}"
OSD-530,3,False,8,Homo sapiens,Plasma,64,2,a_OSD-530_transcription-profiling_rna-sequencing-(rna-seq)_illumina-1.txt; a_OSD-530_transcription-profiling_rna-sequencing-(rna-seq)_illumina.txt,Factor Value[Spaceflight]; Factor Value[Time],"{""Factor Value[Spaceflight]"": [""pre-flight"", ""in-flight"", ""post-flight""], ""Factor Value[Time]"": [""L-168(±14d)"", ""L-112(±14d)"", ""L-56(±14d)"", ""L+5(±1d)"", ""L+30(±7d)"", ""L+60(±14d)"", ""L+120(±14d) or R-8(-14d)"", ""R+3(±1d)""]}"
OSD-531,2,False,5,Arabidopsis thaliana,Inflorescence stems,8,1,a_GLDS-531_transcription-profiling_dna-microarray_agilent.txt,Factor Value[Time]; Factor Value[Tissue segment]; Factor Value[Treatment],"{""Factor Value[Treatment]"": [""gravi-stimulation""], ""Factor Value[Time]"": [""10"", ""30""], ""Factor Value[Tissue segment]"": [""Lower flanks"", ""Upper flanks""]}"
OSD-532,2,False,38,Mus musculus,Plasma,17,1,a_OSD-532_transcription-profiling_rna-sequencing-(rna-seq)_Illumina.txt,Factor Value[Altered Gravity]; Factor Value[Spaceflight],"{""Factor Value[Spaceflight]"": [""Space Flight"", ""Ground Control""], ""Factor Value[Altered Gravity]"": [""1G by centrifugation"", ""uG"", ""1G on Earth""]}"
OSD-536,2,False,13,Mus musculus,Brain,12,1,a_OSD-536_transcription-profiling_dna-microarray_ncounter max.txt,Factor Value[Spaceflight],"{""Factor Value[Spaceflight]"": [""Space Flight"", ""Ground Control""]}"
OSD-539,2,True,358,Homo sapiens,human engineered cartilage,18,1,a_OSD-539_transcription-profiling_rna-sequencing-(rna-seq)_illumina.txt,Factor Value[Sex]; Factor Value[Treatment],"{""Factor Value[Sex]"": [""Male"", ""Female""], ""Factor Value[Treatment]"": [""Ground Control"", ""Parabolic Flight"", ""Lab Control""]}"
OSD-540,2,False,423,Homo sapiens,Vastus Lateralis,31,1,a_OSD-540_transcription-profiling_rna-sequencing-(rna-seq)_illumina.txt,Factor Value[Hindlimb Unloading],"{""Factor Value[Hindlimb Unloading]"": [""baseline"", ""unilateral lower limb suspension (ULLS)"", ""active recovery (AR)""]}"
OSD-542,2,False,41,Homo sapiens,Whole Blood,30,1,a_OSD-542_transcription-profiling_dna-microarray_agilent.txt,Factor Value[Time],"{""Factor Value[Time]"": [""pre-confinement"", ""post-confinement for 14 days""]}"
OSD-546,2,False,25,Homo sapiens,Cells,13,1,a_OSD-546_transcription-profiling_dna-microarray_affymetrix.txt,Factor Value[Spaceflight]; Factor Value[Treatment],"{""Factor Value[Spaceflight]"": [""Space Flight"", ""Ground Control""], ""Factor Value[Treatment]"": [""osteogenic"", ""standard""]}"
OSD-548,2,False,17,Mus musculus,cardiac muscle tissue,6,1,a_OSD-548_transcription-profiling_dna-microarray_agilent.txt,Factor Value[Hindlimb Unloading],"{""Factor Value[Hindlimb Unloading]"": [""sham"", ""tail suspension""]}"
OSD-554,2,True,1955,Pseudomonas aeruginosa,Cells,66,1,a_OSD-554_transcription-profiling_rna-sequencing-(rna-seq)_illumina.txt,Factor Value[Growth Environment]; Factor Value[Spaceflight]; Factor Value[Time],"{""Factor Value[Spaceflight]"": [""Space Flight"", ""Ground Control""], ""Factor Value[Growth Environment]"": [""SS316"", ""p-SS316"", ""LIS""], ""Factor Value[Time]"": [""1"", ""2"", ""3""]}"
OSD-557,5,False,62,Mus musculus,Left eye,35,4,a_OSD-557_bone-microstructure_micro-computed-tomography_SkyScan_1272_desktop_micro-CT_system.txt; a_OSD-557_histological-assay_light-microscopy_Inverted fluorescence microscope.txt; a_OSD-557_molecular-cellular-imaging_immunostaining_4-HNE.txt; a_OSD-557_molecular-cellular-imaging_immunostaining_PNA,Factor Value[Spaceflight],"{""Factor Value[Spaceflight]"": [""Space Flight"", ""Ground Control"", ""Cohort Control 1"", ""Cohort Control 2""]}"
OSD-561,3,True,509,Mus musculus,right hemisphere of cerebellum,28,2,a_OSD-561_transcription-profiling_rna-sequencing-(rna-seq)_Illumina.txt; a_OSD-561_transcription-profiling_spatial-transcriptomics_Illumina.txt,Factor Value[Age]; Factor Value[Euthanasia Location]; Factor Value[Spaceflight],"{""Factor Value[Age]"": [""29"", ""12""], ""Factor Value[Spaceflight]"": [""Space Flight"", ""Ground Control""], ""Factor Value[Euthanasia Location]"": [""On Earth"", ""On ISS""]}"
OSD-562,3,True,525,Mus musculus,Right hippocampus,28,2,a_OSD-562_transcription-profiling_rna-sequencing-(rna-seq)_Illumina.txt; a_OSD-562_transcription-profiling_spatial-transcriptomics_Illumina.txt,Factor Value[Age]; Factor Value[Euthanasia Location]; Factor Value[Spaceflight],"{""Factor Value[Age]"": [""29"", ""12""], ""Factor Value[Spaceflight]"": [""Space Flight"", ""Ground Control""], ""Factor Value[Euthanasia Location]"": [""On ISS"", ""On Earth""]}"
OSD-563,3,True,217,Mus musculus,right hemisphere of cerebellum,10,2,a_OSD-563_transcription-profiling_rna-sequencing-(rna-seq)_Illumina.txt; a_OSD-563_transcription-profiling_spatial-transcriptomics_Illumina.txt,Factor Value[Spaceflight],"{""Factor Value[Spaceflight]"": [""Space Flight"", ""Ground Control""]}"
OSD-564,3,True,217,Mus musculus,Right hippocampus,10,2,a_OSD-564_transcription-profiling_rna-sequencing-(rna-seq)_Illumina.txt; a_OSD-564_transcription-profiling_spatial-transcriptomics_Illumina.txt,Factor Value[Spaceflight],"{""Factor Value[Spaceflight]"": [""Space Flight"", ""Ground Control""]}"
OSD-565,2,False,605,Arabidopsis thaliana,Plant Leaves; Plant Roots,45,1,a_OSD-565_transcription-profiling_rna-sequencing-(rna-seq)_illumina.txt,Factor Value[Microgravity Simulation]; Factor Value[Organism Part]; Factor Value[Treatment],"{""Factor Value[Organism Part]"": [""Plant Leaves"", ""Plant Roots""], ""Factor Value[Treatment]"": [""Treatment 1"", ""Treatment 2"", ""Treatment 3"", ""Treatment 4"", ""Treatment 5"", ""Treatment 6""], ""Factor Value[Microgravity Simulation]"": [""Not Applicable"", ""Clinorotated for 4 minutes""]}"
OSD-566,2,True,250,Mus musculus,adrenal gland,12,1,a_OSD-566_transcription-profiling_rna-sequencing-(rna-seq)_illumina.txt,Factor Value[Ionizing Radiation]; Factor Value[Sex],"{""Factor Value[Sex]"": [""Female"", ""Male""], ""Factor Value[Ionizing Radiation]"": [""mixed radiation field"", ""sham-irradiated""]}"
OSD-568,4,False,52,Mus musculus,Left Eye,23,3,a_OSD-568_molecular-cellular-imaging_microscopy_bz-x700 keyence corp (1).txt; a_OSD-568_molecular-cellular-imaging_microscopy_bz-x700 keyence corp (2).txt; a_OSD-568_molecular-cellular-imaging_microscopy_bz-x710-keyance.txt,Factor Value[Spaceflight],"{""Factor Value[Spaceflight]"": [""Space Flight"", ""Ground Control"", ""Cohort Control 2"", ""Vivarium Control""]}"
OSD-569,6,False,11,Homo sapiens,RBC pellet; Whole Blood,81,5,a_OSD-569_complete-blood-count_hematology-analyzer_Quest Diagnostics.txt; a_OSD-569_genome-sequencing_nucleotide-sequencing_Element Biosciences.txt; a_OSD-569_targeted-genome-sequencing_nucleotide-sequencing_Illumina.txt; a_OSD-569_transcription-profiling_long-read-rna-sequencing_Oxford Nanopore Tec,Factor Value[Spaceflight]; Factor Value[Time],"{""Factor Value[Time]"": [""Launch minus 3"", ""Launch minus 44"", ""Launch minus 92"", ""Return plus 1"", ""Return plus 194"", ""Return plus 45"", ""Return plus 82""], ""Factor Value[Spaceflight]"": [""pre-flight"", ""post-flight""]}"
OSD-570,5,False,12,Homo sapiens,Peripheral Blood Mononuclear Cell,24,4,a_OSD-570_chromatin-accessibility_single-cell-atac-seq_illumina.txt; a_OSD-570_transcription-profiling_single-cell-rna-sequencing_illumina-1.txt; a_OSD-570_transcription-profiling_single-cell-rna-sequencing_illumina-2.txt; a_OSD-570_transcription-profiling_single-cell-rna-sequencing_illumina.txt,Factor Value[Spaceflight]; Factor Value[Time],"{""Factor Value[Spaceflight]"": [""pre-flight"", ""post-flight""], ""Factor Value[Time]"": [""Launch minus 92"", ""Launch minus 44"", ""Launch minus 3"", ""Return plus 1"", ""Return plus 45"", ""Return plus 82""]}"
OSD-571,6,False,14,Homo sapiens,Plasma,117,5,a_OSD-571_genome-sequencing_nucleotide-sequencing_element aviti system.txt; a_OSD-571_metabolite-profiling_mass-spectrometry_agilent 6550 ifunnel quadrupole-time-of-flight (q-tof) mass spectrometer.txt; a_OSD-571_protein-expression-profiling_mass-spectrometry_bruker timstof pro.txt; a_OSD-571_protei,Factor Value[Spaceflight]; Factor Value[Time],"{""Factor Value[Spaceflight]"": [""pre-flight"", ""post-flight""], ""Factor Value[Time]"": [""Launch minus 92"", ""Launch minus 44"", ""Launch minus 3"", ""Return plus 1"", ""Return plus 82"", ""Return plus 45"", ""Return plus 194""]}"
OSD-572,3,False,5404,Homo sapiens; Microbiota; Not Applicable,Swab,332,2,a_OSD-572_metagenomic-sequencing_whole-genome-shotgun-sequencing_illumina.txt; a_OSD-572_metatranscriptome-sequencing-assay_rna-sequencing-(rna-seq)_illumina.txt,Factor Value[Sample Location]; Factor Value[Spaceflight]; Factor Value[Time],"{""Factor Value[Spaceflight]"": [""in-flight"", ""pre-flight"", ""post-flight"", ""Not Applicable""], ""Factor Value[Time]"": [""Launch plus 2"", ""Launch plus 3"", ""Launch minus 3"", ""Launch minus 44"", ""Launch minus 92"", ""Return plus 1"", ""Return plus 45"", ""Return plus 82""], ""Factor Value[Sample Location]"": [""Oral"", ""Nasal"", ""Post-Auricular"", ""Axillary Vault"", ""Volar Forearm"", ""Occiput"", ""Umbilicus"", ""Gluteal Crease""]}"
OSD-573,3,False,659,Microbiota,Swab,40,2,a_OSD-573_metagenomic-sequencing_whole-genome-shotgun-sequencing_illumina.txt; a_OSD-573_metatranscriptome-sequencing-assay_rna-sequencing-(rna-seq)_illumina.txt,Factor Value[Sample Location]; Factor Value[Spaceflight]; Factor Value[Time],"{""Factor Value[Spaceflight]"": [""in-flight"", ""pre-flight""], ""Factor Value[Time]"": [""Launch plus 2"", ""Launch plus 3"", ""Launch minus 44"", ""Launch minus 92""], ""Factor Value[Sample Location]"": [""Open Air Control"", ""Execute Button"", ""Viewing Dome"", ""Side Hatch Mobility Aid"", ""Lid of Waste Locker"", ""Seat 2"", ""Commode Panel"", ""Control Touch Screen - Left""]}"
OSD-574,4,False,164,Homo sapiens; Microbiota; Not Applicable,Not Applicable; Skin Biopsy; Swab,105,3,a_OSD-574_metagenomic-sequencing_whole-genome-shotgun-sequencing_illumina.txt; a_OSD-574_metatranscriptome-sequencing-assay_rna-sequencing-(rna-seq)_illumina.txt; a_OSD-574_transcription-profiling_spatial-transcriptomics_illumina.txt,Factor Value[Spaceflight]; Factor Value[Time],"{""Factor Value[Spaceflight]"": [""pre-flight"", ""post-flight"", ""Not Applicable""], ""Factor Value[Time]"": [""Launch minus 44"", ""Return plus 1"", ""Not Applicable""]}"
OSD-575,5,False,9,Homo sapiens,Serum,28,4,a_OSD-575_analytical-chemistry_comprehensive-metabolic-panel_quest diagnostics.txt; a_OSD-575_immunoassay_multiplex_Alamar Biosciences.txt; a_OSD-575_immunoassay_multiplex_Eve Technologies Panel HD71.txt; a_OSD-575_immunoassay_multiplex_Eve Technologies Panel HDCVD9.txt,Factor Value[Spaceflight]; Factor Value[Time],"{""Factor Value[Time]"": [""Launch minus 3"", ""Launch minus 44"", ""Launch minus 92"", ""Return plus 1"", ""Return plus 194"", ""Return plus 45"", ""Return plus 82""], ""Factor Value[Spaceflight]"": [""Pre-flight"", ""Post-flight""]}"
OSD-576,2,True,468,Mus musculus,Right tibialis anterior,27,1,a_OSD-576_transcription-profiling_rna-sequencing-(rna-seq)_illumina.txt,Factor Value[Spaceflight],"{""Factor Value[Spaceflight]"": [""Space Flight"", ""Ground Control"", ""Vivarium Control""]}"
OSD-577,2,True,1132,Homo sapiens,"Cells, Cultured",37,1,a_OSD-577_transcription-profiling_rna-sequencing-(rna-seq)_Illumina.txt,Factor Value[Ionizing Radiation]; Factor Value[Tissue Model]; Factor Value[Treatment],"{""Factor Value[Ionizing Radiation]"": [""sham-irradiated"", ""mixed radiation"", ""Not Applicable""], ""Factor Value[Treatment]"": [""No treatment"", ""Antagomir Treatment"", ""miR-2392 mimic"", ""control for miR-2392 mimic""], ""Factor Value[Tissue Model]"": [""Mature Model"", ""Angiogenesis Model""]}"
OSD-580,2,False,1035,Mus musculus,Heart; heart right ventricle,78,1,a_OSD-580_transcription-profiling_rna-sequencing-(rna-seq)_illumina.txt,Factor Value[Age]; Factor Value[Euthanasia Location]; Factor Value[Spaceflight],"{""Factor Value[Spaceflight]"": [""Basal Control"", ""Space Flight"", ""Ground Control"", ""Vivarium control""], ""Factor Value[Age]"": [""12"", ""29""], ""Factor Value[Euthanasia Location]"": [""On Earth"", ""On ISS""]}"
OSD-581,2,False,14,Lolium multiflorum,Plant Leaves; Plant Roots,12,1,a_OSD-581_protein-expression-profiling_mass-spectrometry_tripletof 6600.txt,Factor Value[Organism Part]; Factor Value[soil environment exposure],"{""Factor Value[soil environment exposure]"": [""Martian regolith simulant (MMS-1)"", ""Normal soil""], ""Factor Value[Organism Part]"": [""Plant Leaves"", ""Plant Roots""]}"
OSD-582,2,False,4,Pseudomonas fulva; Staphylococcus saprophyticus,Cells,2,1,a_OSD-582_genome-sequencing_nucleotide-sequencing_oxford nanopore technologies.txt,Factor Value[Spaceflight],"{""Factor Value[Spaceflight]"": [""Space Flight""]}"
OSD-583,2,False,3,Mus musculus,Both Eyes; Both eyes,100,1,a_OSD-583_intraocular-pressure_tonometry_tonolab-icare.txt,Factor Value[Spaceflight],"{""Factor Value[Spaceflight]"": [""Space Flight"", ""Cohort Control 1"", ""Ground Control"", ""Vivarium Control"", ""Cohort Control 2""]}"
OSD-588,2,True,1714,Drosophila melanogaster,Whole Organism,64,1,a_OSD-588_transcription-profiling_rna-sequencing-(rna-seq)_Illumina.txt,Factor Value[Developmental Stage]; Factor Value[Genotype]; Factor Value[Infection]; Factor Value[Spaceflight],"{""Factor Value[Spaceflight]"": [""Ground Control"", ""Space Flight""], ""Factor Value[Genotype]"": [""y w hopTum-l msn-Gal4; UAS-mCD8-GFP"", ""y w""], ""Factor Value[Developmental Stage]"": [""Adult"", ""Larva""], ""Factor Value[Infection]"": [""uninfected"", ""Infected with Ground Lb17"", ""Infected with Ground Lh14"", ""Infected with Space Lb17"", ""Infected with Space Lh14""]}"
OSD-590,2,True,97,Drosophila melanogaster,Whole Organism,5,1,a_OSD-590_transcription-profiling_rna-sequencing-(rna-seq)_illumina.txt,Factor Value[Ionizing Radiation]; Factor Value[ionizing radiation device or source],"{""Factor Value[Ionizing Radiation]"": [""mixed radiation""], ""Factor Value[ionizing radiation device or source]"": [""Baksan Neutrino Observatory"", ""Deep Underground Low Background laboratory (DULB-4900)""]}"
OSD-591,4,False,9,Mus musculus,Heart,487,3,"a_OSD-591_molecular-cellular-imaging_microscopy_axioskop microscope (carl zeiss).txt; a_OSD-591_molecular-cellular-imaging_microscopy_imagescope 12 (leica biosystems).txt; a_OSD-591_protein-quantification_western-blot_alphaimager gel imaging system, protein simple.txt",Factor Value[Ionizing Radiation]; Factor Value[Time]; Factor Value[absorbed radiation dose],"{""Factor Value[Ionizing Radiation]"": [""O-16 ion radiation"", ""sham irradiated"", ""proton"", ""Cesium-137 gamma radiation"", ""Multiple Ion Radiation""], ""Factor Value[absorbed radiation dose]"": [""0.1"", ""0.25"", ""1"", ""0"", ""0.5"", ""3"", ""0.5, 1""], ""Factor Value[Time]"": [""0.5"", ""9"", ""3""]}"
OSD-592,2,False,3,Drosophila melanogaster,brain,175,1,a_OSD-592_molecular-cellular-imaging_immunohistochemistry_zeiss lsm 880.txt,Factor Value[Altered Gravity]; Factor Value[Sex]; Factor Value[Spaceflight],"{""Factor Value[Altered Gravity]"": [""1G"", ""1G in centrifuge"", ""uG""], ""Factor Value[Sex]"": [""female"", ""male""], ""Factor Value[Spaceflight]"": [""Ground Control"", ""Space Flight""]}"
OSD-594,2,False,12,Lactuca sativa; Microbiota; Pythium aphanidermatum P1717; Solanum lycopersicum,Cells; Plant Roots; leaf; root; stem,9,1,a_OSD-594_metagenomic-sequencing_whole-genome-shotgun-sequencing_oxford nanopore technologies.txt,Factor Value[Organism Part]; Factor Value[Treatment],"{""Factor Value[Treatment]"": [""Not Inoculated"", ""Inoculated with Fusarium oxysporum"", ""Inoculated with Pythium aphanidermatum P1717"", ""Not Applicable""], ""Factor Value[Organism Part]"": [""stem"", ""Plant Roots"", ""root"", ""leaf"", ""Cells""]}"
OSD-595,2,False,15,Drosophila melanogaster,Whole Organism,11,1,a_OSD-595_behavior_video-recording_multi-use variable gravity drosophila hardware (ui-1491le camera).txt,Factor Value[Altered Gravity]; Factor Value[Spaceflight],"{""Factor Value[Spaceflight]"": [""Space Flight""], ""Factor Value[Altered Gravity]"": [""1G in centrifuge"", ""uG""]}"
OSD-596,2,False,3,Drosophila melanogaster,Whole Organism,83,1,a_OSD-596_behavior_locomotory-behavior_manual counting-1.txt,Factor Value[Altered Gravity]; Factor Value[Sex]; Factor Value[Spaceflight],"{""Factor Value[Altered Gravity]"": [""1G"", ""1G in centrifuge"", ""uG""], ""Factor Value[Spaceflight]"": [""Ground Control"", ""Space Flight""], ""Factor Value[Sex]"": [""female"", ""male""]}"
OSD-599,2,True,131,Mus musculus,Heart,6,1,a_OSD-599_transcription-profiling_rna-sequencing-(rna-seq)_Illumina.txt,Factor Value[Spaceflight],"{""Factor Value[Spaceflight]"": [""Ground Control"", ""Space Flight""]}"
OSD-608,2,False,4,Rattus norvegicus,Right Tibia,120,1,a_OSD-608_bone-microstructure_peripheral-quantitative-computed-tomography_xct research sa+(stratec).txt,Factor Value[Partial Weight Bearing]; Factor Value[Time],"{""Factor Value[Partial Weight Bearing]"": [""normal loading with full harness (PWB100)"", ""20% of normal loading (PWB20)"", ""40% of normal loading (PWB40)"", ""70% of normal loading (PWB70)""], ""Factor Value[Time]"": [""1"", ""2"", ""4""]}"
OSD-609,2,False,67,Leptopilina heterotoma,Whole Organism,8,1,a_OSD-609_transcription-profiling_rna-sequencing-(rna-seq)_illumina.txt,Factor Value[Spaceflight],"{""Factor Value[Spaceflight]"": [""Ground Control"", ""Space Flight""]}"
OSD-610,2,False,68,Leptopilina boulardi,Whole Organism,8,1,a_OSD-610_transcription-profiling_rna-sequencing-(rna-seq)_illumina.txt,Factor Value[Spaceflight],"{""Factor Value[Spaceflight]"": [""Ground Control"", ""Space Flight""]}"
OSD-611,4,True,214,Mus musculus,Hippocampus,13,3,a_OSD-611_dna-methylation-profiling_dip-seq_illumina-1.txt; a_OSD-611_dna-methylation-profiling_dip-seq_illumina.txt; a_OSD-611_transcription-profiling_rna-sequencing-(rna-seq)_illumina.txt,Factor Value[Absorbed Radiation Dose]; Factor Value[Ionizing Radiation],"{""Factor Value[Ionizing Radiation]"": [""sham-irradiated"", ""Si-28 ion radiation""], ""Factor Value[Absorbed Radiation Dose]"": [""0"", ""0.6"", ""0.3""]}"
OSD-612,4,True,233,Mus musculus,Left cerebral hemisphere,10,3,a_OSD-612_chromatin-accessibility_single-cell-atac-seq_Illumina.txt; a_OSD-612_transcription-profiling_rna-sequencing-(rna-seq)_Illumina.txt; a_OSD-612_transcription-profiling_single-cell-rna-sequencing_Illumina.txt,Factor Value[Spaceflight],"{""Factor Value[Spaceflight]"": [""Space Flight"", ""Ground Control""]}"
OSD-613,4,True,417,Mus musculus,Left cerebral hemisphere,18,3,a_OSD-613_chromatin-accessibility_single-cell-atac-seq_Illumina.txt; a_OSD-613_transcription-profiling_rna-sequencing-(rna-seq)_Illumina.txt; a_OSD-613_transcription-profiling_single-cell-rna-sequencing_Illumina.txt,Factor Value[Age]; Factor Value[Spaceflight],"{""Factor Value[Spaceflight]"": [""Space Flight"", ""Ground Control""], ""Factor Value[Age]"": [""29"", ""12""]}"
OSD-615,2,False,3,Arabidopsis thaliana,Plant Roots,12,1,a_OSD-615_glycomic-profile_elisa_thermo fisher scientific.txt,Factor Value[Growth Time]; Factor Value[Spaceflight],"{""Factor Value[Spaceflight]"": [""Space Flight"", ""Ground Control""], ""Factor Value[Growth Time]"": [""6"", ""11""]}"
OSD-616,2,False,198,Rattus norvegicus,hindlimb,239,1,a_OSD-616_muscle-force_force-plate_dual mode muscle lever system (aurora scientific).txt,Factor Value[Altered Gravity]; Factor Value[Sex]; Factor Value[Time]; Factor Value[Treatment],"{""Factor Value[Altered Gravity]"": [""0G with hindlimb unloading"", ""1G controls"", ""0.4G with partial weight bearing""], ""Factor Value[Sex]"": [""female"", ""male""], ""Factor Value[Treatment]"": [""OVX"", ""Intact"", ""CAST""], ""Factor Value[Time]"": [""T0"", ""T28""]}"
OSD-617,2,False,3,Rattus norvegicus,Vaginal Specimen,300,1,a_OSD-617_estrous-cycle_cytology_standard white light microscope.txt,Factor Value[Altered Gravity]; Factor Value[Time]; Factor Value[Treatment],"{""Factor Value[Altered Gravity]"": [""0G with hindlimb unloading"", ""1G controls"", ""0.4G with partial weight bearing""], ""Factor Value[Time]"": [""T22-T28"", ""T08-T14"", ""T01-T07"", ""T15-T21"", ""Pre""], ""Factor Value[Treatment]"": [""OVX"", ""Intact""]}"
OSD-618,7,False,19,Mus musculus,Plastic; Whole Organism,590,6,a_OSD-618_behavior_balance_conduct science (me-bb-m01).txt; a_OSD-618_behavior_elevated-plus-maze_elevated plus maze.txt; a_OSD-618_behavior_novel-object-recognition_novel object recognition.txt; a_OSD-618_behavior_open-field_open field.txt; a_OSD-618_behavior_rawm_radial arm water maze.txt; a_OSD-6,Factor Value[Hindlimb Unloading]; Factor Value[Housing Condition]; Factor Value[Ionizing Radiation]; Factor Value[Sex],"{""Factor Value[Sex]"": [""male"", ""female""], ""Factor Value[Hindlimb Unloading]"": [""Normal Loading Control"", ""Hindlimb Unloaded""], ""Factor Value[Ionizing Radiation]"": [""sham-irradiated"", ""mixed radiation field""], ""Factor Value[Housing Condition]"": [""Group Housed"", ""Social Isolation""]}"
OSD-622,2,False,9,Triticum aestivum,Not Available; shoot,11,1,a_OSD-622_transcription-profiling_dna-microarray_genepix.txt,Factor Value[Age at sample harvest]; Factor Value[Gravity environment at imbibition]; Factor Value[Spaceflight]; Factor Value[duration],"{""Factor Value[Spaceflight]"": [""Space Flight"", ""Ground Control"", ""Chamber Control""], ""Factor Value[Age at sample harvest]"": [""21"", ""20"", ""23"", ""14"", ""24""], ""Factor Value[Gravity environment at imbibition]"": [""1g"", ""ug""], ""Factor Value[duration]"": [""11"", ""16"", ""18"", ""23"", ""21"", ""14"", ""24""]}"
OSD-624,2,False,674,Arabidopsis thaliana,Plant Leaves; Plant Roots,36,1,a_OSD-624_transcription-profiling_rna-sequencing-(rna-seq)_Illumina.txt,Factor Value[Altered Gravity]; Factor Value[Organism Part]; Factor Value[Time],"{""Factor Value[Time]"": [""G1"", ""G2"", ""G3"", ""F1"", ""F2"", ""F3""], ""Factor Value[Organism Part]"": [""Plant Roots"", ""Plant Leaves""], ""Factor Value[Altered Gravity]"": [""Ground Control"", ""Suborbital Flight""]}"
OSD-625,2,False,19,Arabidopsis thaliana,Plant Roots,16,1,a_OSD-625_targeted-dna-methylation-profiling_ccs-long-read-dna-enzymatic-methyl-sequencing_pacific biosciences.txt,Factor Value[Genotype]; Factor Value[Spaceflight],"{""Factor Value[Genotype]"": [""Wild Type"", ""elp2-5"", ""Col-0""], ""Factor Value[Spaceflight]"": [""Ground Control"", ""Space Flight""]}"
OSD-627,2,False,483,Pseudomonas aeruginosa,Cells,476,1,a_OSD-627_molecular-cellular-imaging_confocal_nikon sim a1 laser scanning confocal microscope-inverted.txt,Factor Value[Growth Environment]; Factor Value[Spaceflight]; Factor Value[Time],"{""Factor Value[Spaceflight]"": [""Ground"", ""Space Flight""], ""Factor Value[Growth Environment]"": [""SS316"", ""Passivated SS316"", ""Lubricant Impregnated Surface (LIS)"", ""Cellulose Membrane"", ""Silicone"", ""Silicone with Direct Laser Interference Patterning""], ""Factor Value[Time]"": [""1"", ""2"", ""3""]}"
OSD-628,2,False,215,Penicillium rubens,Cells,211,1,a_OSD-628_molecular-cellular-imaging_confocal_nikon sim a1 laser scanning confocal microscope.txt,Factor Value[Growth Environment]; Factor Value[Spaceflight]; Factor Value[Time],"{""Factor Value[Spaceflight]"": [""Space Flight"", ""Ground""], ""Factor Value[Growth Environment]"": [""Carbon Fiber"", ""Quartz"", ""SS316"", ""Silicone"", ""MIT Grass"", ""AL6061"", ""Titanium""], ""Factor Value[Time]"": [""10"", ""15"", ""20""]}"
OSD-630,2,False,150,Homo sapiens; Microbiota,Stool Sample,8,1,a_OSD-630_metagenomic-sequencing_whole-genome-shotgun-sequencing_illumina.txt,Factor Value[Spaceflight]; Factor Value[Time],"{""Factor Value[Spaceflight]"": [""pre-flight"", ""post-flight""], ""Factor Value[Time]"": [""Launch minus 44"", ""Launch minus 92"", ""Return plus 45"", ""Return plus 82""]}"
OSD-635,2,True,131,Homo sapiens,Cells,6,1,a_OSD-635_transcription-profiling_rna-sequencing-(rna-seq)_illumina.txt,Factor Value[Spaceflight],"{""Factor Value[Spaceflight]"": [""Space Flight"", ""Ground Control""]}"
OSD-652,2,False,4,Rattus norvegicus,Rear Paw,595,1,a_OSD-652_muscle-force_force-transducer_50-n-capacity force transducer (chatillon).txt,Factor Value[Altered Gravity]; Factor Value[Sex]; Factor Value[Time]; Factor Value[Treatment],"{""Factor Value[Sex]"": [""female"", ""male""], ""Factor Value[Treatment]"": [""OVX"", ""Intact"", ""CAST""], ""Factor Value[Time]"": [""T0"", ""T07"", ""T14"", ""T21"", ""T28""], ""Factor Value[Altered Gravity]"": [""0G with hindlimb unloading"", ""1G controls"", ""0.4G with partial weight bearing""]}"
OSD-653,2,False,3,Rattus norvegicus,Tibia,238,1,a_OSD-653_bone-microstructure_peripheral-quantitative-computed-tomography_stratec (xct research sa+).txt,Factor Value[Altered Gravity]; Factor Value[Sex]; Factor Value[Time]; Factor Value[Treatment],"{""Factor Value[Altered Gravity]"": [""0G with hindlimb unloading"", ""1G controls"", ""0.4G with partial weight bearing""], ""Factor Value[Sex]"": [""female"", ""male""], ""Factor Value[Treatment]"": [""OVX"", ""Intact"", ""CAST""], ""Factor Value[Time]"": [""T0"", ""T28""]}"
OSD-654,3,False,5,Mus musculus,Tibia,35,2,a_OSD-654_bone-microstructure_dual-energy-x-ray-absorptiometry_osteosys insight.txt; a_OSD-654_bone-microstructure_micro-computed-tomography_skyscan 1176 v1 build 12.txt,Factor Value[Genotype]; Factor Value[Space Mission]; Factor Value[Spaceflight],"{""Factor Value[Genotype]"": [""GSK3floxed"", ""GSK3mKD"", ""Wild Type""], ""Factor Value[Spaceflight]"": [""Hindlimb Unloaded"", ""Cohort Control 1"", ""Cohort Control 2"", ""Ground Control"", ""Vivarium Control"", ""Space Flight""], ""Factor Value[Space Mission]"": [""Not Applicable (Ground Study)"", ""SpaceX-12 (RR9)""]}"
OSD-655,4,False,22,Brassica rapa,leaf,37,3,a_OSD-655_chemical-methods_oxygen-radical-absorbance-capacity_biotek_synergy_hybrid.txt; a_OSD-655_chemical-methods_phenolic-compound-content_biotek_synergy_hybrid.txt; a_OSD-655_spectrochemical-analysis_inductively-coupled-plasma-optical-emission-spectroscopy_icap_7000_series.txt,Factor Value[Harvest]; Factor Value[Payload]; Factor Value[Spaceflight]; Factor Value[Treatment],"{""Factor Value[Treatment]"": [""Red-rich light"", ""Blue-rich light""], ""Factor Value[Payload]"": [""VEG-04A"", ""VEG-04B""], ""Factor Value[Harvest]"": [""1"", ""Not Available""], ""Factor Value[Spaceflight]"": [""Ground Control"", ""Space Flight""]}"
OSD-656,2,False,4,Homo sapiens,Urine,22,1,a_OSD-656_immunoassay_multiplex_alamar biosciences.txt,Factor Value[Spaceflight]; Factor Value[Time],"{""Factor Value[Time]"": [""Launch minus 92"", ""Launch minus 44"", ""Launch minus 3"", ""Return plus 1"", ""Return plus 45"", ""Return plus 82""], ""Factor Value[Spaceflight]"": [""pre-flight"", ""post-flight""]}"
OSD-658,2,True,202,Arabidopsis thaliana,Whole Organism,14,1,a_OSD-658_transcription-profiling_rna-sequencing-(rna-seq)_illumina.txt,Factor Value[Absorbed Radiation Dose]; Factor Value[Ionizing Radiation],"{""Factor Value[Ionizing Radiation]"": [""non-irradiated"", ""mixed radiation""], ""Factor Value[Absorbed Radiation Dose]"": [""40"", ""80""]}"
OSD-660,2,False,3,Mus musculus,tibialis anterior,40,1,a_OSD-660_protein-quantification_western-blot_BioRad ChemiDoc.txt,Factor Value[Spaceflight],"{""Factor Value[Spaceflight]"": [""Ground Control"", ""Vivarium Control"", ""Space Flight"", ""Cohort Control 1"", ""Cohort Control 2""]}"
OSD-661,2,False,3,Mus musculus,Lumbar Spine,10,1,a_OSD-661_bone-microstructure_dual-energy-x-ray-absorptiometry_osteosys insight.txt,Factor Value[Genotype]; Factor Value[Hindlimb Unloading],"{""Factor Value[Genotype]"": [""GSK3floxed"", ""GSK3mKD""], ""Factor Value[Hindlimb Unloading]"": [""Hindlimb Unloaded""]}"
OSD-662,4,False,8,Mus musculus,Soleus,101,3,a_OSD-662_molecular-cellular-imaging_microscopy_Nikon inverted microscope.txt; a_OSD-662_muscle-contraction_contractility_Aurora Scientific.txt; a_OSD-662_protein-quantification_western-blot_BioRad ChemiDoc.txt,Factor Value[Genotype]; Factor Value[Space Mission]; Factor Value[Spaceflight]; Factor Value[Treatment],"{""Factor Value[Spaceflight]"": [""Ground Control"", ""Vivarium Control"", ""Space Flight"", ""Not Applicable (Ground Study)""], ""Factor Value[Space Mission]"": [""SpaceX-4 (RR1)"", ""SpaceX-12 (RR9)"", ""SpaceX-24 (RR18)"", ""Bion-M1"", ""Ground""], ""Factor Value[Genotype]"": [""Wild Type"", ""GSK3floxed"", ""GSK3mKD""], ""Factor Value[Treatment]"": [""Not Applicable"", ""Saline Injection"", ""superoxide dismutase mimic, MnTnBuOE-2-PyP 5+ (BuOE) Injection""]}"
OSD-663,3,False,5,Mus musculus,Femur,39,2,a_OSD-663_bone-microstructure_dual-energy-x-ray-absorptiometry_osteosys insight.txt; a_OSD-663_protein-quantification_western-blot_BioRad ChemiDoc.txt,Factor Value[Space Mission]; Factor Value[Spaceflight],"{""Factor Value[Spaceflight]"": [""Hindlimb Unloaded"", ""Cohort Control 1"", ""Cohort Control 2"", ""Ground Control"", ""Vivarium Control"", ""Space Flight""], ""Factor Value[Space Mission]"": [""Not Applicable (Ground Study)"", ""SpaceX-12 (RR9)""]}"
OSD-664,2,False,4,Mus musculus,Extensor Digitorum Longus,14,1,a_OSD-664_protein-quantification_western-blot_biorad chemidoc.txt,Factor Value[Spaceflight],"{""Factor Value[Spaceflight]"": [""Ground Control"", ""Vivarium Control"", ""Space Flight""]}"
OSD-665,2,True,515,Mus musculus,Right extensor digitorum longus,30,1,a_OSD-665_transcription-profiling_rna-sequencing-(rna-seq)_Illumina.txt,Factor Value[Spaceflight],"{""Factor Value[Spaceflight]"": [""Space Flight"", ""Ground Control"", ""Vivarium Control""]}"
OSD-666,2,True,498,Mus musculus,Right quadriceps femoris,29,1,a_OSD-666_transcription-profiling_rna-sequencing-(rna-seq)_Illumina.txt,Factor Value[Spaceflight],"{""Factor Value[Spaceflight]"": [""Space Flight"", ""Ground Control"", ""Vivarium Control""]}"
OSD-667,2,True,659,Mus musculus,Colon,39,1,a_OSD-667_transcription-profiling_rna-sequencing-(rna-seq)_illumina.txt,Factor Value[Genotype]; Factor Value[Spaceflight],"{""Factor Value[Genotype]"": [""Wild Type"", ""p21-null""], ""Factor Value[Spaceflight]"": [""Basal Control"", ""Space Flight"", ""Ground Control"", ""Vivarium Control""]}"
OSD-670,2,False,20,Capsicum annuum; Lactuca sativa; Raphanus sativus,Plants,83,1,a_OSD-670_image-analysis_photography_camera.txt,Factor Value[Substrate Type],"{""Factor Value[Substrate Type]"": [""100% peat moss"", ""75% peat moss / 25% simulant"", ""50% peat moss / 50% simulant"", ""25% peat moss / 75% simulant"", ""100% simulant"", ""Topsoil-Vermiculite Mixture"", ""100% Perlite (control)"", ""50% Simulant / 50% Perlite""]}"
OSD-678,2,True,682,Arabidopsis thaliana,Plant Leaves,36,1,a_OSD-678_transcription-profiling_rna-sequencing-(rna-seq)_illumina.txt,Factor Value[Ecotype]; Factor Value[Genotype]; Factor Value[Spaceflight]; Factor Value[Treatment],"{""Factor Value[Ecotype]"": [""Col-0"", ""Wassilewskija ecotype""], ""Factor Value[Genotype]"": [""Wild Type"", ""phyD mutant""], ""Factor Value[Spaceflight]"": [""Ground Control"", ""Space Flight""], ""Factor Value[Treatment]"": [""Dark Treatment"", ""Light Treatment""]}"
OSD-679,5,False,20,Rattus norvegicus,Left Eye; Right Eye,644,4,a_OSD-679_intraocular-pressure_tonometry_tonolab.txt; a_OSD-679_ophthalmologic-diagnostic-technique_optical-coherence-tomography_bioptigen.txt; a_OSD-679_ophthalmologic-diagnostic-technique_ultrasonography_sonomed.txt; a_OSD-679_tomography_magnetic-resonance-imaging_bruker biospec 7t.txt,Factor Value[Age]; Factor Value[Carbon Dioxide Treatment]; Factor Value[Hindlimb Reloading Duration]; Factor Value[Hindlimb Unloading Duration]; Factor Value[Hindlimb Unloading]; Factor Value[Sex],"{""Factor Value[Age]"": [""3"", ""9""], ""Factor Value[Sex]"": [""Male"", ""Female""], ""Factor Value[Hindlimb Unloading]"": [""Hindlimb Unloaded"", ""Normally Loaded Control"", ""Baseline"", ""Not Available""], ""Factor Value[Hindlimb Unloading Duration]"": [""28"", ""90"", ""Not Applicable"", ""7"", ""14"", ""Not Available""], ""Factor Value[Hindlimb Reloading Duration]"": [""Not Applicable"", ""28"", ""90"", ""14"", ""7"", ""Not Available""], ""Factor Value[Carbon Dioxide Treatment]"": [""Ambient Air"", ""elevated carbon dioxide treatment""]}"
OSD-680,2,False,7,Rattus norvegicus,Left Optic Nerve; Right Optic Nerve,68,1,a_OSD-680_tomography_magnetic-resonance-imaging_bruker biospec 7t.txt,Factor Value[Age]; Factor Value[Hindlimb Unloading]; Factor Value[Sex],"{""Factor Value[Age]"": [""9"", ""3""], ""Factor Value[Sex]"": [""Male"", ""Female""], ""Factor Value[Hindlimb Unloading]"": [""Hindlimb Unloaded"", ""Normally Loaded Control""]}"
OSD-681,3,False,8,Rattus norvegicus,Subcutaneous Tissue; Subdural Space,67,2,a_OSD-681_body-temperature_biotelemetry_data sciences.txt; a_OSD-681_intracranial-pressure_biotelemetry_data sciences.txt,Factor Value[Age]; Factor Value[Carbon Dioxide Treatment]; Factor Value[Hindlimb Unloading]; Factor Value[Sex],"{""Factor Value[Age]"": [""3"", ""9""], ""Factor Value[Sex]"": [""Male"", ""Female""], ""Factor Value[Hindlimb Unloading]"": [""Hindlimb Unloaded"", ""Normally Loaded Control""], ""Factor Value[Carbon Dioxide Treatment]"": [""Ambient Air"", ""elevated carbon dioxide treatment""]}"
OSD-682,2,False,27,Mus musculus,CA1 field of hippocampus,12,1,a_OSD-682_transcription-profiling_spatial-transcriptomics_nanostring geomx digital spatial profiling (dsp) platform.txt,Factor Value[Spaceflight]; Factor Value[Treatment],"{""Factor Value[Treatment]"": [""BuOE treated"", ""saline treated control""], ""Factor Value[Spaceflight]"": [""Space Flight"", ""Ground Control""]}"
OSD-683,2,False,13,Staphylococcus aureus,Cells,12,1,a_OSD-683_protein-expression-profiling_mass-spectrometry_uhplc orbitrap fusion mass spectrometer (thermo scientific).txt,Factor Value[Growth Environment]; Factor Value[Microgravity Simulation],"{""Factor Value[Microgravity Simulation]"": [""uG by HARV"", ""1G by HARV""], ""Factor Value[Growth Environment]"": [""HARV with vertical base"", ""HARV inverted 180 degrees"", ""HARV in standard orientation""]}"
OSD-684,2,True,227,Homo sapiens,Myoblasts,12,1,a_OSD-684_transcription-profiling_rna-sequencing-(rna-seq)_illumina.txt,Factor Value[Donor Age]; Factor Value[Spaceflight],"{""Factor Value[Donor Age]"": [""21-40"", ""65-80""], ""Factor Value[Spaceflight]"": [""Ground Control"", ""Space Flight""]}"
OSD-685,2,False,27,Mus musculus,dentate gyrus of hippocampal formation,12,1,a_OSD-685_transcription-profiling_spatial-transcriptomics_nanostring geomx digital spatial profiling (dsp) platform.txt,Factor Value[Spaceflight]; Factor Value[Treatment],"{""Factor Value[Treatment]"": [""BuOE treated"", ""saline treated control""], ""Factor Value[Spaceflight]"": [""Space Flight"", ""Ground Control""]}"
OSD-686,2,True,178,Mus musculus,Liver,9,1,a_OSD-686_transcription-profiling_rna-sequencing-(rna-seq)_illumina novaseq 6000.txt,Factor Value[Altered Gravity]; Factor Value[Spaceflight],"{""Factor Value[Spaceflight]"": [""Ground Control"", ""Space Flight""], ""Factor Value[Altered Gravity]"": [""1G on Earth"", ""1G by centrifugation"", ""uG""]}"
OSD-687,2,False,87,Homo sapiens,T cell,42,1,a_OSD-687_protein-dna-binding-site-identification_chic-seq-(chromatin-immunocleavage-sequencing)_illumina.txt,Factor Value[Histone Modification Target]; Factor Value[Input Cell Count]; Factor Value[Spaceflight]; Factor Value[Vendor],"{""Factor Value[Spaceflight]"": [""post-flight""], ""Factor Value[Input Cell Count]"": [""10000"", ""5000""], ""Factor Value[Histone Modification Target]"": [""H3K27ac"", ""H3K4me1"", ""H3K4me3"", ""IgG""], ""Factor Value[Vendor]"": [""Abcam/ab245911"", ""ActiveMotif/39034"", ""EpiCypher/13-0040"", ""ActiveMotif/39635"", ""Invitrogen/710795"", ""EpiCypher/13-0041"", ""EpiCypher/13-0042""]}"
OSD-689,3,True,245,Homo sapiens,isolated cells,20,2,a_OSD-689_transcription-profiling_rna-sequencing-(rna-seq)_illumina.txt; a_OSD-689_transcription-profiling_single-cell-rna-sequencing_illumina.txt,Factor Value[Microgravity Simulation]; Factor Value[Sex]; Factor Value[Treatment],"{""Factor Value[Treatment]"": [""Quercetin"", ""Resiquimod""], ""Factor Value[Sex]"": [""Male"", ""Female""], ""Factor Value[Microgravity Simulation]"": [""1G on Earth"", ""uG by centrifugation""]}"
OSD-690,2,True,419,Mus musculus,Bone Marrow,24,1,a_OSD-690_transcription-profiling_rna-sequencing-(rna-seq)_dnbseq-g400 (mgi).txt,Factor Value[Genotype]; Factor Value[Spaceflight],"{""Factor Value[Genotype]"": [""Wild Type"", ""Nrf2KO""], ""Factor Value[Spaceflight]"": [""Ground Control"", ""Space Flight""]}"
OSD-691,11,False,18,Mus musculus,Soleus,990,10,a_OSD-691_atpase-activity_spectrophotometry_molecular devices spectramax m2.txt; a_OSD-691_protein-quantification_western-blot_biorad chemidoc-1.txt; a_OSD-691_protein-quantification_western-blot_biorad chemidoc-2.txt; a_OSD-691_protein-quantification_western-blot_biorad chemidoc-3.txt; a_OSD-691_pr,Factor Value[Spaceflight]; Factor Value[Treatment],"{""Factor Value[Spaceflight]"": [""Ground Control"", ""Vivarium Control"", ""Space Flight""], ""Factor Value[Treatment]"": [""Saline Injection"", ""superoxide dismutase mimic, MnTnBuOE-2-PyP 5+ (BuOE) Injection""]}"
OSD-694,3,False,1082,Microbiota,Dust,359,2,a_OSD-694_amplicon-sequencing_16s_illumina.txt; a_OSD-694_amplicon-sequencing_its_illumina.txt,Factor Value[Relative Humidity]; Factor Value[Spaceflight]; Factor Value[Treatment],"{""Factor Value[Spaceflight]"": [""Space Flight""], ""Factor Value[Treatment]"": [""Varying Relative Humidity"", ""Original Dust"", ""Constant Relative Humidity"", ""Frozen""], ""Factor Value[Relative Humidity]"": [""100"", ""85"", ""50"", ""60"", ""70"", ""80"", ""90""]}"
OSD-698,2,False,27,Mus musculus,frontal cortex,12,1,a_OSD-698_transcription-profiling_spatial-transcriptomics_nanostring geomx digital spatial profiling (dsp) platform.txt,Factor Value[Spaceflight]; Factor Value[Treatment],"{""Factor Value[Spaceflight]"": [""Space Flight"", ""Ground Control""], ""Factor Value[Treatment]"": [""BuOE treated"", ""saline treated control""]}"
OSD-699,2,False,27,Mus musculus,Cerebral Cortex,12,1,a_OSD-699_transcription-profiling_spatial-transcriptomics_nanostring geomx digital spatial profiling (dsp) platform.txt,Factor Value[Spaceflight]; Factor Value[Treatment],"{""Factor Value[Treatment]"": [""BuOE treated"", ""saline treated control""], ""Factor Value[Spaceflight]"": [""Space Flight"", ""Ground Control""]}"
OSD-701,2,False,66,Fungi; Microbiota,Dust,20,1,a_OSD-701_metatranscriptome-sequencing-assay_rna-sequencing-(rna-seq)_Illumina.txt,Factor Value[Relative Humidity],"{""Factor Value[Relative Humidity]"": [""50"", ""85"", ""100""]}"
OSD-702,2,False,20,Mus musculus,Quadriceps femoris,38,1,a_OSD-702_mechanical-tests_atomic-force-microscopy_JPK NanoWizard 4a NanoScience Atomic Force Microscope (Bruker).txt,Factor Value[Spaceflight],"{""Factor Value[Spaceflight]"": [""Space Flight"", ""Ground Control""]}"
OSD-714,2,True,370,Mus musculus,Soleus,21,1,a_OSD-714_transcription-profiling_rna-sequencing-(rna-seq)_Illumina.txt,Factor Value[Altered Gravity]; Factor Value[Space Mission]; Factor Value[Spaceflight],"{""Factor Value[Spaceflight]"": [""Ground Control"", ""Space Flight""], ""Factor Value[Altered Gravity]"": [""1G on Earth"", ""1G with centrifugation"", ""uG"", ""1/6G with centrifugation""], ""Factor Value[Space Mission]"": [""Mouse Habitat Unit 1 (MHU-1)"", ""Mouse Habitat Unit 4 (MHU-4)"", ""Mouse Habitat Unit 5 (MHU-5)""]}"
OSD-715,2,False,15,Mus musculus,Right retina,12,1,a_OSD-715_protein-expression-profiling_mass-spectrometry_orbitrap fusion(thermo scientific).txt,Factor Value[Spaceflight],"{""Factor Value[Spaceflight]"": [""Space Flight"", ""Ground Control""]}"
OSD-718,2,False,14,Mus musculus,Gastrocnemius – left,17,1,a_OSD-718_mechanical-tests_atomic-force-microscopy_JPK NanoWizard 4a NanoScience Atomic Force Microscope (Bruker).txt,Factor Value[Spaceflight],"{""Factor Value[Spaceflight]"": [""Space Flight"", ""Ground Control""]}"
OSD-719,2,True,226,Mus musculus,Blood,12,1,a_OSD-719_transcription-profiling_rna-sequencing-(rna-seq)_illumina.txt,Factor Value[Ionizing Radiation]; Factor Value[Sex],"{""Factor Value[Sex]"": [""Female"", ""Male""], ""Factor Value[Ionizing Radiation]"": [""mixed radiation field"", ""sham-irradiated""]}"
OSD-720,2,True,1114,Mus musculus,Left ventricle,60,1,a_OSD-720_transcription-profiling_rna-sequencing-(rna-seq)_Illumina.txt,Factor Value[Ionizing Radiation]; Factor Value[Sex]; Factor Value[Time of Sample Collection After Treatment],"{""Factor Value[Sex]"": [""Male"", ""Female""], ""Factor Value[Ionizing Radiation]"": [""mixed radiation"", ""sham-irradiated"", ""cesium-137 gamma radiation""], ""Factor Value[Time of Sample Collection After Treatment]"": [""440"", ""660"", ""550""]}"
OSD-722,2,False,195,Euprymna scolopes,Light Organ,96,1,a_OSD-722_transcription-profiling_dna-microarray_nanostring ncounter max system.txt,Factor Value[Microgravity Simulation]; Factor Value[Time]; Factor Value[Treatment],"{""Factor Value[Microgravity Simulation]"": [""1G by RWV"", ""uG by RWV"", ""Not Applcable""], ""Factor Value[Treatment]"": [""Non-treated"", ""Inoculated with V. fischeri.""], ""Factor Value[Time]"": [""2"", ""6"", ""8"", ""10"", ""12"", ""16"", ""18"", ""24""]}"
OSD-723,2,False,621,Lactuca sativa; Microbiota,Plant Roots; irrigation water; shoot,309,1,a_OSD-723_metagenomic-sequencing_whole-genome-shotgun-sequencing_Illumina.txt,Factor Value[Growth Medium]; Factor Value[Growth Time]; Factor Value[Organism Part]; Factor Value[Treatment],"{""Factor Value[Organism Part]"": [""irrigation water"", ""shoot"", ""Plant Roots""], ""Factor Value[Growth Time]"": [""28"", ""21"", ""7"", ""14"", ""0""], ""Factor Value[Treatment]"": [""500"", ""125"", ""0"", ""31""], ""Factor Value[Growth Medium]"": [""amended autoclaved arcillite"", ""rockwool cube""]}"
OSD-728,3,False,285,Escherichia coli,"Cells, Cultured",140,2,a_OSD-728_genome-sequencing_nucleotide-sequencing_Illumina.txt; a_OSD-728_transcription-profiling_rna-sequencing-(rna-seq)_Illumina.txt,Factor Value[Growth Medium]; Factor Value[Microgravity Simulation]; Factor Value[Time],"{""Factor Value[Microgravity Simulation]"": [""Baseline Control"", ""1G by static RWV"", ""1G in incubator"", ""uG by RWV""], ""Factor Value[Time]"": [""0"", ""6.5"", ""24"", ""4.5"", ""7"", ""14"", ""21"", ""28""], ""Factor Value[Growth Medium]"": [""DM2000"", ""DM25""]}"
OSD-734,5,False,5689,Microbiota; Not Applicable,Positive Control; Surface swab; blank control; solvent control,1056,4,a_OSD-734_amplicon-sequencing_16s_Illumina MiSeq.txt; a_OSD-734_metabolite-profiling_mass-spectrometry_Q Exactive(Thermo Scientific) (negative ion).txt; a_OSD-734_metabolite-profiling_mass-spectrometry_Q Exactive(Thermo Scientific) (positive ion).txt; a_OSD-734_metagenomic-sequencing_whole-genome-sh,Factor Value[Sample Location]; Factor Value[Spaceflight],"{""Factor Value[Spaceflight]"": [""Space Flight"", ""Not Applicable""], ""Factor Value[Sample Location]"": [""LAB1P1"", ""NOD3O4"", ""Not Applicable"", ""LAB1S6"", ""Air Sample"", ""NOD2S4"", ""PMM1D1"", ""JPM1A5""]}"
OSD-738,6,False,19,Mus musculus,Brain,20,5,a_OSD-738_immunoassay_eclia_MESO-QuickPlex SQ-120MM.txt; a_OSD-738_protein-quantification_western-blot_BioRad ChemiDoc-1.txt; a_OSD-738_protein-quantification_western-blot_BioRad ChemiDoc-2.txt; a_OSD-738_protein-quantification_western-blot_BioRad ChemiDoc-3.txt; a_OSD-738_protein-quantification_wes,Factor Value[Spaceflight],"{""Factor Value[Spaceflight]"": [""Basal Control"", ""Vivarium Control"", ""Space Flight"", ""Ground Control""]}"
OSD-742,2,False,293,Microbiota; Mus musculus,Feces,145,1,a_OSD-742_metagenomic-sequencing_whole-genome-shotgun-sequencing_illumina.txt,Factor Value[Age]; Factor Value[Dissection Condition]; Factor Value[Duration]; Factor Value[Euthanasia Location]; Factor Value[Spaceflight],"{""Factor Value[Age]"": [""32"", ""10 to 12""], ""Factor Value[Spaceflight]"": [""Basal Control"", ""Space Flight"", ""Ground Control"", ""Vivarium Control""], ""Factor Value[Duration]"": [""0"", ""23"", ""40""], ""Factor Value[Euthanasia Location]"": [""On Earth"", ""On ISS""], ""Factor Value[Dissection Condition]"": [""Carcass"", ""Upon euthanasia""]}"
OSD-745,6,False,55,Lactuca sativa,leaf,60,5,a_OSD-745_chemical-methods_anthocyanin-content_Beckman_DU_700.txt; a_OSD-745_chemical-methods_oxygen-radical-absorbance-capacity_biotek_synergy_hybrid.txt; a_OSD-745_chemical-methods_phenolic-compound-content_biotek_synergy_hybrid.txt; a_OSD-745_image-analysis_photography_NIKON_D4S.txt; a_OSD-745_sp,Factor Value[Payload]; Factor Value[Spaceflight],"{""Factor Value[Spaceflight]"": [""Space Flight"", ""Ground Control""], ""Factor Value[Payload]"": [""VEG-01A"", ""VEG-01B"", ""VEG-03A""]}"
OSD-751,2,False,4,Mus musculus,Cortex,8,1,a_OSD-751_immunoassay_eclia_MESO-QuickPlex SQ-120MM.txt,Factor Value[Spaceflight],"{""Factor Value[Spaceflight]"": [""Basal Control"", ""Vivarium Control"", ""Space Flight"", ""Ground Control""]}"
OSD-752,2,False,4,Mus musculus,Hippocampus,8,1,a_OSD-752_immunoassay_eclia_MESO-QuickPlex SQ-120MM.txt,Factor Value[Spaceflight],"{""Factor Value[Spaceflight]"": [""Basal Control"", ""Vivarium Control"", ""Space Flight"", ""Ground Control""]}"
OSD-758,2,True,601,Mus musculus,Right retina,35,1,a_OSD-758_transcription-profiling_rna-sequencing-(rna-seq)_Illumina.txt,Factor Value[Altered Gravity]; Factor Value[Spaceflight],"{""Factor Value[Spaceflight]"": [""Space Flight"", ""Ground Control""], ""Factor Value[Altered Gravity]"": [""0.33G by centrifugation"", ""0.66G by centrifugation"", ""1G by centrifugation"", ""uG"", ""1G on Earth""]}"
OSD-759,2,True,601,Mus musculus,Right optic nerve,35,1,a_OSD-759_transcription-profiling_rna-sequencing-(rna-seq)_Illumina.txt,Factor Value[Altered Gravity]; Factor Value[Spaceflight],"{""Factor Value[Spaceflight]"": [""Space Flight"", ""Ground Control""], ""Factor Value[Altered Gravity]"": [""0.33G by centrifugation"", ""0.66G by centrifugation"", ""1G by centrifugation"", ""uG"", ""1G on Earth""]}"
OSD-766,3,False,571,Microbiota; Solanum lycopersicum,Fruit; Plant Leaves; Plant Roots; Swab; leaf; root; soil; water; wick,142,2,a_OSD-766_amplicon-sequencing_16s_Illumina.txt; a_OSD-766_amplicon-sequencing_its_Illumina.txt,Factor Value[Organism Part]; Factor Value[Spaceflight]; Factor Value[light regimen],"{""Factor Value[Spaceflight]"": [""Space Flight"", ""Ground Control""], ""Factor Value[light regimen]"": [""red-rich"", ""blue-rich""], ""Factor Value[Organism Part]"": [""Plant Leaves"", ""Fruit"", ""water"", ""soil"", ""Swab"", ""Plant Roots"", ""wick"", ""leaf""]}"
OSD-767,2,False,638,Solanum lycopersicum,Plant Leaves; Plant Roots,36,1,a_OSD-767_transcription-profiling_rna-sequencing-(rna-seq)_novaseq x plus.txt,Factor Value[Organism Part]; Factor Value[Spaceflight]; Factor Value[light regimen],"{""Factor Value[Spaceflight]"": [""Space Flight"", ""Ground Control""], ""Factor Value[light regimen]"": [""red-rich"", ""blue-rich""], ""Factor Value[Organism Part]"": [""Plant Leaves"", ""Plant Roots""]}"
OSD-770,2,True,515,Mus musculus,Right soleus,30,1,a_OSD-770_transcription-profiling_rna-sequencing-(rna-seq)_Illumina.txt,Factor Value[Spaceflight],"{""Factor Value[Spaceflight]"": [""Space Flight"", ""Ground Control"", ""Vivarium Control""]}"
OSD-771,2,True,1316,Mus musculus,Right kidney,80,1,a_OSD-771_transcription-profiling_rna-sequencing-(rna-seq)_Illumina.txt,Factor Value[Age]; Factor Value[Euthanasia Location]; Factor Value[Spaceflight],"{""Factor Value[Spaceflight]"": [""Basal Control"", ""Space Flight"", ""Ground Control"", ""Vivarium Control""], ""Factor Value[Age]"": [""12"", ""29""], ""Factor Value[Euthanasia Location]"": [""On Earth"", ""On ISS""]}"
OSD-772,2,False,221,Capsicum annuum; Microbiota; Not Applicable,Arcillite; Foam; Plant Roots; Rhizosphere; Swab; Water; Wick; fruit; leaf; seed; stem,109,1,a_OSD-772_amplicon-sequencing_16s_Illumina.txt,Factor Value[Organism Part]; Factor Value[Sample Location]; Factor Value[Spaceflight],"{""Factor Value[Spaceflight]"": [""Space Flight"", ""Ground Control""], ""Factor Value[Organism Part]"": [""fruit"", ""leaf"", ""seed"", ""stem"", ""Arcillite"", ""Rhizosphere"", ""Plant Roots"", ""Water""], ""Factor Value[Sample Location]"": [""Science Carrier Quadrant 1"", ""Science Carrier Quadrant 2"", ""Science Carrier Quadrant 3"", ""Science Carrier Quadrant 4"", ""Not Applicable""]}"
OSD-773,3,False,315,Brassica rapa; Lactuca sativa; Microbiota; Not Applicable; Pisum sativum; Raphanus sativus; Solanum lycopersicum; Tritic,Nutrient solution; Plant Leaves; Swab; Wick; fruit; root,156,2,a_OSD-773_amplicon-sequencing_16s_Illumina.txt; a_OSD-773_amplicon-sequencing_its_Illumina.txt,Factor Value[Spaceflight],"{""Factor Value[Spaceflight]"": [""Space Flight""]}"
OSD-776,2,False,4,Mus musculus,Blood,154,1,a_OSD-776_flow-cytometry_flow-cytometry_bd_lsrii.txt,Factor Value[Ionizing Radiation]; Factor Value[Sex]; Factor Value[Time of Sample Collection After Irradiation]; Factor Value[Treatment],"{""Factor Value[Sex]"": [""Female"", ""Male""], ""Factor Value[Ionizing Radiation]"": [""non-irradiated"", ""mixed radiation field""], ""Factor Value[Treatment]"": [""Normal Chow"", ""Microglia Depletion Chow PLX5622""], ""Factor Value[Time of Sample Collection After Irradiation]"": [""1"", ""24""]}"
OSD-777,2,False,5,Mus musculus,Microglia,50,1,a_OSD-777_flow-cytometry_flow-cytometry_bd_lsrii.txt,Factor Value[Ionizing Radiation]; Factor Value[Sex]; Factor Value[Treatment],"{""Factor Value[Sex]"": [""Male"", ""Female""], ""Factor Value[Ionizing Radiation]"": [""mixed radiation field"", ""non-irradiated""], ""Factor Value[Treatment]"": [""Normal Chow"", ""Microglia Depletion Chow PLX5622""]}"
OSD-778,2,False,5,Mus musculus,Hippocampus,20,1,a_OSD-778_flow-cytometry_flow-cytometry_bd_lsrii.txt,Factor Value[Ionizing Radiation]; Factor Value[Time of Sample Collection After Irradiation]; Factor Value[Treatment],"{""Factor Value[Ionizing Radiation]"": [""non-irradiated"", ""Mixed Radiation Field""], ""Factor Value[Treatment]"": [""Normal Chow"", ""Microglia Depletion Chow PLX5622""], ""Factor Value[Time of Sample Collection After Irradiation]"": [""24"", ""32""]}"
OSD-780,3,False,5,Brassica rapa; Microbiota,Water; Wick; leaf; root; soil; swab,207,2,a_OSD-780_microbiology-procedure_plate-count-assay_inhibitory mold agar.txt; a_OSD-780_microbiology-procedure_plate-count-assay_tryptic soy agar.txt,Factor Value[Cleaning Treatment]; Factor Value[Harvest]; Factor Value[Organism Part]; Factor Value[Payload]; Factor Value[Spaceflight]; Factor Value[Treatment],"{""Factor Value[Treatment]"": [""red-rich light"", ""blue-rich light"", ""Not Applicable""], ""Factor Value[Payload]"": [""VEG-04A"", ""VEG-04B""], ""Factor Value[Harvest]"": [""1"", ""2"", ""3""], ""Factor Value[Organism Part]"": [""leaf"", ""swab"", ""soil"", ""Wick"", ""root"", ""Water""], ""Factor Value[Spaceflight]"": [""Ground Control"", ""Space Flight""], ""Factor Value[Cleaning Treatment]"": [""Clean"", ""Unclean"", ""Not Applicable""]}"
OSD-781,2,True,162,Homo sapiens,primary cell,8,1,a_OSD-781_transcription-profiling_rna-sequencing-(rna-seq)_Illumina.txt,Factor Value[Spaceflight]; Factor Value[Treatment],"{""Factor Value[Spaceflight]"": [""Space Flight"", ""Ground Control""], ""Factor Value[Treatment]"": [""Insulin-Like Growth Factor I"", ""SW033291""]}"
OSD-782,2,True,554,Arabidopsis thaliana,rosette,36,1,a_OSD-782_transcription-profiling_rna-sequencing-(rna-seq)_Illumina.txt,Factor Value[Absorbed Radiation Dose]; Factor Value[Ionizing Radiation]; Factor Value[Time of Sample Collection After Treatment],"{""Factor Value[Ionizing Radiation]"": [""non-irradiated"", ""cesium-137 gamma radiation""], ""Factor Value[Absorbed Radiation Dose]"": [""0"", ""10"", ""100""], ""Factor Value[Time of Sample Collection After Treatment]"": [""1"", ""3"", ""24"", ""72""]}"
OSD-783,2,True,272,Homo sapiens,Soleus,20,1,a_OSD-783_transcription-profiling_rna-sequencing-(rna-seq)_Illumina.txt,Factor Value[Treatment],"{""Factor Value[Treatment]"": [""before treatment"", ""6-day dry immersion + NMES""]}"
OSD-784,2,True,272,Homo sapiens,Vastus Lateralis,20,1,a_OSD-784_transcription-profiling_rna-sequencing-(rna-seq)_Illumina.txt,Factor Value[Treatment],"{""Factor Value[Treatment]"": [""before treatment"", ""6-day dry immersion + NMES""]}"
OSD-787,2,True,162,Homo sapiens,Vastus Lateralis,8,1,a_OSD-787_transcription-profiling_rna-sequencing-(rna-seq)_Illumina.txt,Factor Value[Disease State]; Factor Value[Sex],"{""Factor Value[Sex]"": [""Female"", ""Male""], ""Factor Value[Disease State]"": [""Sarcopenia"", ""Normal""]}"
OSD-788,2,False,19,Enterobacter cloacae,Cells,9,1,a_OSD-788_protein-expression-profiling_mass-spectrometry_Orbitrap Fusion(Thermo Scientific).txt,Factor Value[Growth Environment]; Factor Value[Microgravity Simulation],"{""Factor Value[Microgravity Simulation]"": [""uG by RWV"", ""1G by RWV""], ""Factor Value[Growth Environment]"": [""HARV with vertical base"", ""HARV in standard orientation"", ""HARV inverted 180 degrees""]}"
OSD-792,2,True,226,Mus musculus,Cells,12,1,a_OSD-792_transcription-profiling_rna-sequencing-(rna-seq)_illumina.txt,Factor Value[Ionizing Radiation]; Factor Value[Microgravity Simulation],"{""Factor Value[Ionizing Radiation]"": [""proton"", ""non-irradiated""], ""Factor Value[Microgravity Simulation]"": [""1G on Earth"", ""uG by 3D clinostat""]}"
OSD-793,3,False,69,Mus musculus,femoral skin,16,2,a_OSD-793_dna-methylation-profiling_reduced-representation-bisulfite-sequencing_Illumina.txt; a_OSD-793_targeted-transcriptome-sequencing_rna-sequencing-(rna-seq)_Illumina.txt,Factor Value[Dissection Condition]; Factor Value[Duration]; Factor Value[Euthanasia Location]; Factor Value[Spaceflight],"{""Factor Value[Spaceflight]"": [""Ground Control"", ""Space Flight""], ""Factor Value[Euthanasia Location]"": [""On Earth"", ""On ISS""], ""Factor Value[Dissection Condition]"": [""Carcass"", ""Upon euthanasia""], ""Factor Value[Duration]"": [""23"", ""40""]}"
OSD-794,2,False,195,Homo sapiens; Microbiota,Swab,96,1,a_OSD-794_metagenomic-sequencing_whole-genome-shotgun-sequencing_illumina.txt,Factor Value[Sample Location]; Factor Value[Treatment],"{""Factor Value[Sample Location]"": [""EMU - Right wrist joint"", ""EMU - Left outer glove gauntlet"", ""EMU - Left inner glove gauntlet"", ""EMU - Left wrist joint"", ""MACES - Left wrist joint"", ""MACES/OCCS - Control - Do not remove from canister"", ""EMU - Control - Do not remove from canister"", ""EMU - Right outer glove gauntlet""], ""Factor Value[Treatment]"": [""No treatment"", ""PMA-treated""]}"
OSD-804,2,False,4,Mus musculus,Femur; Vertebrae,170,1,a_OSD-804_bone-microstructure_micro-computed-tomography_bruker skyscan 1272.txt,Factor Value[Spaceflight],"{""Factor Value[Spaceflight]"": [""Basal Control"", ""Vivarium Control"", ""Space Flight"", ""Ground Control""]}"
OSD-809,2,False,27,Microbiota,Attached Biofilms; Cells,12,1,a_OSD-809_metagenomic-sequencing_whole-genome-shotgun-sequencing_illumina.txt,Factor Value[Time],"{""Factor Value[Time]"": [""101"", ""0 (Mother Culture)"", ""161""]}"
OSD-810,2,False,9,Paraburkholderia phymatum,"Cells, Cultured",6,1,a_OSD-810_transcription-profiling_rna-sequencing-(rna-seq)_Illumina.txt,Factor Value[Microgravity Simulation],"{""Factor Value[Microgravity Simulation]"": [""uG by random positioning machine"", ""1G on Earth""]}"
OSD-811,2,True,110,Homo sapiens,"Cells, Cultured",6,1,a_OSD-811_transcription-profiling_rna-sequencing-(rna-seq)_Illumina.txt,Factor Value[Altered Gravity]; Factor Value[Spaceflight],"{""Factor Value[Spaceflight]"": [""Space Flight""], ""Factor Value[Altered Gravity]"": [""uG"", ""1G by centrifugation""]}"
OSD-812,2,False,7,Homo sapiens,"Cells, Cultured",4,1,a_OSD-812_transcription-profiling_rna-sequencing-(rna-seq)_Illumina.txt,Factor Value[Microgravity Simulation],"{""Factor Value[Microgravity Simulation]"": [""1G by RWV"", ""uG by RWV""]}"
OSD-813,2,True,574,Mus musculus,Placenta,30,1,a_OSD-813_transcription-profiling_rna-sequencing-(rna-seq)_Illumina.txt,Factor Value[Ionizing Radiation],"{""Factor Value[Ionizing Radiation]"": [""neutron"", ""non-irradiated""]}"
OSD-815,2,False,74,Homo sapiens,Left Eye; Right Eye,44,1,a_OSD-815_image-analysis_photography_iPhone X.txt,Factor Value[Optic Nerve Tilt]; Factor Value[Pre- or Post- Treatment]; Factor Value[Treatment Pressure (ICP:IOP)],"{""Factor Value[Pre- or Post- Treatment]"": [""Pre-Treatment"", ""Post-Treatment""], ""Factor Value[Treatment Pressure (ICP:IOP)]"": [""15:16"", ""12:16"", ""12:21 for 7 days, then 12:16 for 7 days"", ""21:16"", ""Not Available""], ""Factor Value[Optic Nerve Tilt]"": [""10"", ""0"", ""6"", ""Not Available""]}"
OSD-816,3,False,67,Homo sapiens,Left retina; Right retina,25,2,a_OSD-816_electrophysiology_electroretinography_OcuScience.txt; a_OSD-816_transcription-profiling_real-time-pcr_Thermo Fisher Scientific.txt,Factor Value[Optic Nerve Tilt]; Factor Value[Treatment Pressure (ICP:IOP)],"{""Factor Value[Treatment Pressure (ICP:IOP)]"": [""15:16"", ""12:16"", ""12:21_for 7 days, then 12:16 for 7 days"", ""21:16""], ""Factor Value[Optic Nerve Tilt]"": [""10"", ""0"", ""6""]}"
OSD-817,5,False,116,Homo sapiens,Optic Nerve,36,4,a_OSD-817_histological-assay_light-microscopy_PPD.txt; a_OSD-817_molecular-cellular-imaging_immunohistochemistry_Nikon Eclipse Ti2.txt; a_OSD-817_molecular-cellular-imaging_immunostaining_CTB.txt; a_OSD-817_molecular-cellular-imaging_immunostaining_TUNEL.txt,Factor Value[Optic Nerve Tilt]; Factor Value[Treatment Pressure (ICP:IOP)],"{""Factor Value[Treatment Pressure (ICP:IOP)]"": [""15:16"", ""12:16"", ""12:21_for 7 days, then 12:16 for 7 days"", ""21:16""], ""Factor Value[Optic Nerve Tilt]"": [""10"", ""0"", ""6""]}"
OSD-818,3,False,65,Homo sapiens,Culture Media,48,2,a_OSD-818_protein-quantification_western-blot_ChemiDoc MP-1.txt; a_OSD-818_protein-quantification_western-blot_ChemiDoc MP.txt,Factor Value[Optic Nerve Tilt]; Factor Value[Treatment Pressure (ICP:IOP)],"{""Factor Value[Treatment Pressure (ICP:IOP)]"": [""15:16"", ""12:16"", ""12:21_for 7 days, then 12:16 for 7 days"", ""21:16""], ""Factor Value[Optic Nerve Tilt]"": [""10"", ""0"", ""6""]}"
OSD-824,2,False,3,Adineta vaga,Whole Organism,16,1,a_OSD-824_transcription-profiling_rna-sequencing-(rna-seq)_Illumina.txt,Factor Value[Space Flight],"{""Factor Value[Space Flight]"": [""Space Flight"", ""Ground Control""]}"
OSD-825,2,True,754,Mus musculus,Left ventricle,40,1,a_OSD-825_transcription-profiling_rna-sequencing-(rna-seq)_Illumina.txt,Factor Value[Age]; Factor Value[Diet]; Factor Value[Sex],"{""Factor Value[Sex]"": [""Male"", ""Female""], ""Factor Value[Age]"": [""530"", ""750"", ""640""], ""Factor Value[Diet]"": [""Normal Diet"", ""Western Diet""]}"
OSD-832,2,False,268,Homo sapiens; Not Applicable; Rattus norvegicus,Not Applicable; Plasma,67,1,a_OSD-832_metabolite-profiling_mass-spectrometry_TripleTOF 5600(AB Sciex).txt,Factor Value[Hindlimb Unloading]; Factor Value[Ionizing Radiation],"{""Factor Value[Hindlimb Unloading]"": [""Normally Loaded Control"", ""Hindlimb Unloaded"", ""Not Applicable""], ""Factor Value[Ionizing Radiation]"": [""sham-irradiated"", ""mixed radiation field"", ""Not Applicable""]}"
OSD-833,2,False,330,Homo sapiens; Not Applicable; Rattus norvegicus,Cortex; Hippocampus; Hippocampus and Cortex; Not Applicable; Plasma,82,1,a_OSD-833_metabolite-profiling_mass-spectrometry_TripleTOF 5600(AB Sciex).txt,Factor Value[Hindlimb Unloading]; Factor Value[Ionizing Radiation],"{""Factor Value[Hindlimb Unloading]"": [""Normally Loaded Control"", ""Hindlimb Unloaded"", ""Not Applicable""], ""Factor Value[Ionizing Radiation]"": [""sham-irradiated"", ""mixed radiation field"", ""Not Applicable""]}"
OSD-834,2,False,330,Homo sapiens; Not Applicable; Rattus norvegicus,Cortex; Hippocampus; Hippocampus and Cortex; Not Applicable; Plasma,82,1,a_OSD-834_metabolite-profiling_mass-spectrometry_TripleTOF 5600(AB Sciex).txt,Factor Value[Hindlimb Unloading]; Factor Value[Ionizing Radiation],"{""Factor Value[Ionizing Radiation]"": [""sham-irradiated"", ""mixed radiation field"", ""Not Applicable""], ""Factor Value[Hindlimb Unloading]"": [""Normally Loaded Control"", ""Hindlimb Unloaded"", ""Not Applicable""]}"
OSD-835,4,False,11,Rattus norvegicus,Whole Organism,57,3,a_OSD-835_behavior_forced-swim-test_forced swim.txt; a_OSD-835_behavior_novel-object-recognition_noldus ethovision xt13.txt; a_OSD-835_behavior_open-field_noldus ethovision xt13.txt,Factor Value[Absorbed Radiation Dose]; Factor Value[Hindlimb Unloading]; Factor Value[Ionizing Radiation],"{""Factor Value[Hindlimb Unloading]"": [""Normally Loaded Control"", ""Hindlimb Unloaded""], ""Factor Value[Ionizing Radiation]"": [""mixed radiation"", ""sham-irradiated"", ""mixed radiation field""], ""Factor Value[Absorbed Radiation Dose]"": [""0.75"", ""0"", ""1.5""]}"
OSD-836,5,False,10,Rattus norvegicus,Whole Organism,97,4,a_OSD-836_behavior_anhedonia_ Candy Test.txt; a_OSD-836_behavior_elevated-plus-maze_AnyMaze.txt; a_OSD-836_behavior_novel-object-recognition_AnyMaze.txt; a_OSD-836_behavior_open-field_AnyMaze.txt,Factor Value[Absorbed Radiation Dose]; Factor Value[Hindlimb Unloading]; Factor Value[Ionizing Radiation],"{""Factor Value[Hindlimb Unloading]"": [""Normally Loaded Control"", ""Hindlimb Unloaded""], ""Factor Value[Ionizing Radiation]"": [""X-ray radiation"", ""sham-irradiated""], ""Factor Value[Absorbed Radiation Dose]"": [""8"", ""10"", ""3"", ""0""]}"
OSD-837,3,False,6,Rattus norvegicus,Whole Organism,132,2,a_OSD-837_behavior_novel-object-recognition_anymaze.txt; a_OSD-837_behavior_open-field_anymaze.txt,Factor Value[Absorbed Radiation Dose]; Factor Value[Hindlimb Unloading]; Factor Value[Ionizing Radiation],"{""Factor Value[Hindlimb Unloading]"": [""Normally Loaded Control"", ""Hindlimb Unloaded"", ""Sham Hindlimb Unloading Control""], ""Factor Value[Ionizing Radiation]"": [""sham-irradiated"", ""mixed radiation field""], ""Factor Value[Absorbed Radiation Dose]"": [""0"", ""0.75"", ""1.5""]}"
OSD-856,2,False,2,Lactuca sativa,"Cells, Cultured",12,1,a_OSD-856_germination-and-growth-assesment_plant-material-biomass_lunar receiving laboratory.txt,Factor Value[Strain]; Factor Value[Treatment],"{""Factor Value[Strain]"": [""Grand Rapids"", ""Ford Hook"", ""Oak Leaf"", ""Prize Head""], ""Factor Value[Treatment]"": [""100"", ""500"", ""2000""]}"
OSD-863,2,True,338,Homo sapiens,"Cells, Cultured",19,1,a_OSD-863_transcription-profiling_rna-sequencing-(rna-seq)_Illumina.txt,Factor Value[Co-culture]; Factor Value[Donor Medical History]; Factor Value[Spaceflight],"{""Factor Value[Donor Medical History]"": [""no known diseases"", ""primary progressive multiple sclerosis""], ""Factor Value[Spaceflight]"": [""Ground Control"", ""Space Flight""], ""Factor Value[Co-culture]"": [""without microglia"", ""with microglia""]}"
OSD-867,2,True,251,Homo sapiens,"Cells, Cultured",12,1,a_OSD-867_transcription-profiling_rna-sequencing-(rna-seq)_Illumina.txt,Factor Value[Spaceflight]; Factor Value[Time],"{""Factor Value[Spaceflight]"": [""Ground Control"", ""Space Flight""], ""Factor Value[Time]"": [""1"", ""2""]}"
OSD-871,2,True,402,Homo sapiens,"Cells, Cultured",23,1,a_OSD-871_transcription-profiling_rna-sequencing-(rna-seq)_Illumina.txt,Factor Value[Co-culture]; Factor Value[Donor Medical History]; Factor Value[Spaceflight],"{""Factor Value[Donor Medical History]"": [""no known diseases"", ""Sporadic Parkinson disease""], ""Factor Value[Spaceflight]"": [""Ground Control"", ""Space Flight""], ""Factor Value[Co-culture]"": [""without microglia"", ""with microglia""]}"
OSD-876,2,True,196,Mus musculus,Gastrocnemius,9,1,a_OSD-876_transcription-profiling_rna-sequencing-(rna-seq)_Illumina.txt,Factor Value[Hindlimb Unloading],"{""Factor Value[Hindlimb Unloading]"": [""Normally Loaded Control"", ""Hindlimb Unloaded and Reloaded"", ""Hindlimb Unloaded""]}"
OSD-877,2,False,4,Brassica oleracea; Citrus limonia; Glycine max; Lactuca sativa; Marchantia; Raphanus sativus,Not Available; Plant Leaves; Plant Roots; Plant Stems; Seedlings; seed,30,1,a_OSD-877_spectrochemical-analysis_atomic-absorption-spectroscopy_unknown.txt,Factor Value[Growth Medium Provenance]; Factor Value[Treatment],"{""Factor Value[Treatment]"": [""Untreated"", ""Lunar"", ""Basalt"", ""Earth"", ""Simulated Lunar"", ""Iowa Soil"", ""Control"", ""Terrestrial Basalt""], ""Factor Value[Growth Medium Provenance]"": [""Earth surface"", ""lunar surface""]}"
OSD-880,2,True,358,Mus musculus,Gastrocnemius,18,1,a_OSD-880_transcription-profiling_rna-sequencing-(rna-seq)_Illumina.txt,Factor Value[Genotype]; Factor Value[Hindlimb Unloading],"{""Factor Value[Genotype]"": [""Control"", ""Zfp697 mKO""], ""Factor Value[Hindlimb Unloading]"": [""Normally Loaded Control"", ""Hindlimb Unloaded"", ""Hindlimb Unloaded and Reloaded""]}"
OSD-881,2,True,1403,Mus musculus,Right ventricle,76,1,a_OSD-881_transcription-profiling_rna-sequencing-(rna-seq)_Illumina.txt,Factor Value[Age at Sample Collection]; Factor Value[Diet]; Factor Value[Ionizing Radiation]; Factor Value[Sex],"{""Factor Value[Sex]"": [""Male"", ""Female""], ""Factor Value[Ionizing Radiation]"": [""mixed radiation"", ""sham-irradiated"", ""cesium-137 gamma radiation""], ""Factor Value[Diet]"": [""Normal Diet"", ""Western Diet""], ""Factor Value[Age at Sample Collection]"": [""530"", ""750"", ""640""]}"
OSD-883,4,False,2,Brassica oleracea; Daucus carota; Lactuca sativa; Raphanus sativus,Seedlings,24,3,a_OSD-883_germination-and-growth-assesment_plant-material-biomass_lunar receiving laboratory.txt; a_OSD-883_spectrochemical-analysis_atomic-absorption-spectroscopy_lunar receiving laboratory.txt; a_OSD-883_spectrochemical-analysis_optical-emission-spectroscopy_lunar receiving laboratory.txt,Factor Value[Growth Medium Provenance]; Factor Value[Treatment],"{""Factor Value[Treatment]"": [""LunarA"", ""LunarB"", ""Terrestrial"", ""Untreated""], ""Factor Value[Growth Medium Provenance]"": [""lunar surface"", ""Earth surface""]}"
OSD-888,2,False,15,Mus musculus,"Cells, Cultured",6,1,a_OSD-888_dna-methylation-profiling_reduced-representation-bisulfite-sequencing_Illumina.txt,Factor Value[Spaceflight],"{""Factor Value[Spaceflight]"": [""Space Flight"", ""Ground Control""]}"
OSD-890,5,False,508,Microbiota; Not Applicable,DNA; Not Applicable,39,4,a_OSD-890_metagenomic-sequencing_long-read-low-biomass-dna-sequencing_Oxford Nanopore Technologies-1.txt; a_OSD-890_metagenomic-sequencing_long-read-low-biomass-dna-sequencing_Oxford Nanopore Technologies-2.txt; a_OSD-890_metagenomic-sequencing_long-read-low-biomass-dna-sequencing_Oxford Nanopore Te,Factor Value[Input DNA Mass]; Factor Value[Lambda Spike-In]; Factor Value[Organism Distribution],"{""Factor Value[Organism Distribution]"": [""Even Distribution"", ""Log Distribution"", ""Not Applicable""], ""Factor Value[Input DNA Mass]"": [""5"", ""11"", ""0"", ""0.1"", ""0.5"", ""0.001"", ""0.01"", ""0.005""], ""Factor Value[Lambda Spike-In]"": [""0"", ""0.1""]}"
OSD-896,5,False,7,Rattus norvegicus,frontal cortex,37,4,a_OSD-896_protein-quantification_western-blot_ChemiDoc_AKTpAKT.txt; a_OSD-896_protein-quantification_western-blot_ChemiDoc_DAT.txt; a_OSD-896_protein-quantification_western-blot_ChemiDoc_TH.txt; a_OSD-896_protein-quantification_western-blot_ChemiDoc_pCREB.txt,Factor Value[Absorbed Radiation Dose]; Factor Value[Ionizing Radiation]; Factor Value[Strain],"{""Factor Value[Strain]"": [""Fischer 344"", ""Lewis""], ""Factor Value[Ionizing Radiation]"": [""sham irradiation"", ""proton""], ""Factor Value[Absorbed Radiation Dose]"": [""0"", ""25"", ""100""]}"
OSD-897,3,False,5,Rattus norvegicus,parietal cortex,37,2,a_OSD-897_protein-quantification_western-blot_ChemiDoc_AKTpAKT.txt; a_OSD-897_protein-quantification_western-blot_ChemiDoc_TH.txt,Factor Value[Absorbed Radiation Dose]; Factor Value[Ionizing Radiation]; Factor Value[Strain],"{""Factor Value[Strain]"": [""Fischer 344"", ""Lewis""], ""Factor Value[Ionizing Radiation]"": [""sham irradiation"", ""proton""], ""Factor Value[Absorbed Radiation Dose]"": [""0"", ""25"", ""100""]}"
OSD-898,6,False,13,Mus musculus,Cerebral Cortex; Hippocampus,172,5,a_OSD-898_molecular-cellular-imaging_immunohistochemistry_4-hne.txt; a_OSD-898_molecular-cellular-imaging_immunohistochemistry_aqp4-gfap.txt; a_OSD-898_molecular-cellular-imaging_immunohistochemistry_pecam-1.txt; a_OSD-898_molecular-cellular-imaging_immunohistochemistry_zo-1.txt; a_OSD-898_molecular,Factor Value[Spaceflight],"{""Factor Value[Spaceflight]"": [""Space Flight"", ""Ground Control""]}"
OSD-899,2,True,1186,Mus musculus,Cecum,64,1,a_OSD-899_transcription-profiling_rna-sequencing-(rna-seq)_Illumina.txt,Factor Value[Genotype]; Factor Value[Spaceflight],"{""Factor Value[Genotype]"": [""Wild Type"", ""p21-null""], ""Factor Value[Spaceflight]"": [""Basal Control"", ""Space Flight"", ""Ground Control"", ""Vivarium Control""]}"
OSD-900,2,True,791,Mus musculus,Right Lung,42,1,a_OSD-900_transcription-profiling_rna-sequencing-(rna-seq)_illumina.txt,Factor Value[Genotype]; Factor Value[Spaceflight],"{""Factor Value[Spaceflight]"": [""Basal Control"", ""Space Flight"", ""Ground Control"", ""Vivarium Control""], ""Factor Value[Genotype]"": [""Wild Type"", ""p21-null""]}"
OSD-901,2,True,142,Mus musculus,"Cells, Cultured",6,1,a_OSD-901_transcription-profiling_rna-sequencing-(rna-seq)_Illumina.txt,Factor Value[Spaceflight],"{""Factor Value[Spaceflight]"": [""Ground Control"", ""Space Flight""]}"
OSD-904,3,False,79,Mus musculus,subcutaneous adipose tissue,66,2,a_OSD-904_transcription-profiling_mirna-sequencing_BGISEQ-500.txt; a_OSD-904_transcription-profiling_single-cell-rna-sequencing_Illumina.txt,Factor Value[Age]; Factor Value[Dissection Condition]; Factor Value[Euthanasia Location]; Factor Value[Spaceflight],"{""Factor Value[Age]"": [""3"", ""8""], ""Factor Value[Spaceflight]"": [""Vivarium Control"", ""Ground Control"", ""Space Flight""], ""Factor Value[Euthanasia Location]"": [""On Earth"", ""On ISS""], ""Factor Value[Dissection Condition]"": [""Carcass"", ""Upon euthanasia""]}"
OSD-905,3,False,79,Mus musculus,Liver,66,2,a_OSD-905_transcription-profiling_mirna-sequencing_BGISEQ-500.txt; a_OSD-905_transcription-profiling_single-cell-rna-sequencing_Illumina.txt,Factor Value[Age]; Factor Value[Dissection Condition]; Factor Value[Euthanasia Location]; Factor Value[Spaceflight],"{""Factor Value[Spaceflight]"": [""Ground Control"", ""Space Flight"", ""Vivarium Control""], ""Factor Value[Euthanasia Location]"": [""On Earth"", ""On ISS""], ""Factor Value[Dissection Condition]"": [""Upon euthanasia"", ""Carcass""], ""Factor Value[Age]"": [""3"", ""8""]}"
OSD-906,3,False,81,Mus musculus,Brown Adipose Tissue,68,2,a_OSD-906_transcription-profiling_mirna-sequencing_BGISEQ-500.txt; a_OSD-906_transcription-profiling_single-cell-rna-sequencing_Illumina.txt,Factor Value[Age]; Factor Value[Dissection Condition]; Factor Value[Euthanasia Location]; Factor Value[Spaceflight],"{""Factor Value[Age]"": [""3"", ""8""], ""Factor Value[Spaceflight]"": [""Ground Control"", ""Space Flight"", ""Vivarium Control""], ""Factor Value[Euthanasia Location]"": [""On Earth"", ""On ISS""], ""Factor Value[Dissection Condition]"": [""Upon euthanasia"", ""Carcass""]}"
OSD-907,2,False,61,Mus musculus,thymus,58,1,a_OSD-907_transcription-profiling_mirna-sequencing_BGISEQ-500.txt,Factor Value[Age]; Factor Value[Dissection Condition]; Factor Value[Euthanasia Location]; Factor Value[Spaceflight],"{""Factor Value[Age]"": [""8"", ""3""], ""Factor Value[Spaceflight]"": [""Ground Control"", ""Space Flight"", ""Vivarium Control""], ""Factor Value[Euthanasia Location]"": [""On Earth"", ""On ISS""], ""Factor Value[Dissection Condition]"": [""Upon euthanasia"", ""Carcass""]}"
OSD-908,2,False,53,Mus musculus,Heart,50,1,a_OSD-908_transcription-profiling_mirna-sequencing_BGISEQ-500.txt,Factor Value[Age]; Factor Value[Dissection Condition]; Factor Value[Euthanasia Location]; Factor Value[Spaceflight],"{""Factor Value[Age]"": [""3"", ""8""], ""Factor Value[Spaceflight]"": [""Ground Control"", ""Vivarium Control"", ""Space Flight""], ""Factor Value[Dissection Condition]"": [""Carcass"", ""Upon euthanasia""], ""Factor Value[Euthanasia Location]"": [""On Earth"", ""On ISS""]}"
OSD-909,3,False,60,Mus musculus,Pancreas,47,2,a_OSD-909_transcription-profiling_mirna-sequencing_BGISEQ-500.txt; a_OSD-909_transcription-profiling_single-cell-rna-sequencing_Illumina.txt,Factor Value[Age]; Factor Value[Dissection Condition]; Factor Value[Euthanasia Location]; Factor Value[Spaceflight],"{""Factor Value[Age]"": [""3"", ""8""], ""Factor Value[Spaceflight]"": [""Ground Control"", ""Space Flight"", ""Vivarium Control""], ""Factor Value[Euthanasia Location]"": [""On Earth"", ""On ISS""], ""Factor Value[Dissection Condition]"": [""Upon euthanasia"", ""Carcass""]}"
OSD-910,2,False,50,Mus musculus,Spleen,47,1,a_OSD-910_transcription-profiling_mirna-sequencing_BGISEQ-500.txt,Factor Value[Age]; Factor Value[Dissection Condition]; Factor Value[Euthanasia Location]; Factor Value[Spaceflight],"{""Factor Value[Age]"": [""3"", ""8""], ""Factor Value[Spaceflight]"": [""Space Flight"", ""Ground Control"", ""Vivarium Control""], ""Factor Value[Euthanasia Location]"": [""On ISS"", ""On Earth""], ""Factor Value[Dissection Condition]"": [""Carcass"", ""Upon euthanasia""]}"
OSD-911,3,False,81,Mus musculus,gonadal adipose tissue,68,2,a_OSD-911_transcription-profiling_mirna-sequencing_BGISEQ-500.txt; a_OSD-911_transcription-profiling_single-cell-rna-sequencing_Illumina.txt,Factor Value[Age]; Factor Value[Dissection Condition]; Factor Value[Euthanasia Location]; Factor Value[Spaceflight],"{""Factor Value[Age]"": [""3"", ""8""], ""Factor Value[Spaceflight]"": [""Ground Control"", ""Space Flight"", ""Vivarium Control""], ""Factor Value[Euthanasia Location]"": [""On Earth"", ""On ISS""], ""Factor Value[Dissection Condition]"": [""Upon euthanasia"", ""Carcass""]}"
OSD-912,3,False,78,Mus musculus,mesenteric adipose tissue,65,2,a_OSD-912_transcription-profiling_mirna-sequencing_BGISEQ-500.txt; a_OSD-912_transcription-profiling_single-cell-rna-sequencing_Illumina.txt,Factor Value[Age]; Factor Value[Dissection Condition]; Factor Value[Euthanasia Location]; Factor Value[Spaceflight],"{""Factor Value[Spaceflight]"": [""Ground Control"", ""Space Flight"", ""Vivarium Control""], ""Factor Value[Euthanasia Location]"": [""On Earth"", ""On ISS""], ""Factor Value[Age]"": [""3"", ""8""], ""Factor Value[Dissection Condition]"": [""Upon euthanasia"", ""Carcass""]}"
OSD-913,2,False,60,Mus musculus,Kidney,57,1,a_OSD-913_transcription-profiling_mirna-sequencing_BGISEQ-500.txt,Factor Value[Age]; Factor Value[Dissection Condition]; Factor Value[Euthanasia Location]; Factor Value[Spaceflight],"{""Factor Value[Age]"": [""8"", ""3""], ""Factor Value[Spaceflight]"": [""Space Flight"", ""Ground Control"", ""Vivarium Control""], ""Factor Value[Euthanasia Location]"": [""On ISS"", ""On Earth""], ""Factor Value[Dissection Condition]"": [""Carcass"", ""Upon euthanasia""]}"
OSD-914,3,False,80,Mus musculus,Diaphragm,67,2,a_OSD-914_transcription-profiling_mirna-sequencing_BGISEQ-500.txt; a_OSD-914_transcription-profiling_single-cell-rna-sequencing_Illumina.txt,Factor Value[Age]; Factor Value[Dissection Condition]; Factor Value[Euthanasia Location]; Factor Value[Spaceflight],"{""Factor Value[Age]"": [""8"", ""3""], ""Factor Value[Spaceflight]"": [""Ground Control"", ""Space Flight"", ""Vivarium Control""], ""Factor Value[Euthanasia Location]"": [""On Earth"", ""On ISS""], ""Factor Value[Dissection Condition]"": [""Upon euthanasia"", ""Carcass""]}"
OSD-915,3,False,77,Mus musculus,Lung,65,2,a_OSD-915_transcription-profiling_mirna-sequencing_BGISEQ-500.txt; a_OSD-915_transcription-profiling_single-cell-rna-sequencing_Illumina.txt,Factor Value[Age]; Factor Value[Dissection Condition]; Factor Value[Euthanasia Location]; Factor Value[Spaceflight],"{""Factor Value[Age]"": [""3"", ""8""], ""Factor Value[Spaceflight]"": [""Ground Control"", ""Space Flight"", ""Vivarium Control""], ""Factor Value[Euthanasia Location]"": [""On Earth"", ""On ISS""], ""Factor Value[Dissection Condition]"": [""Upon Euthanasia"", ""Carcass""]}"
OSD-916,2,False,28,Mus musculus,brain,25,1,a_OSD-916_transcription-profiling_mirna-sequencing_BGISEQ-500.txt,Factor Value[Age]; Factor Value[Dissection Condition]; Factor Value[Euthanasia Location]; Factor Value[Spaceflight],"{""Factor Value[Age]"": [""3"", ""8""], ""Factor Value[Spaceflight]"": [""Ground Control"", ""Vivarium Control"", ""Space Flight""], ""Factor Value[Euthanasia Location]"": [""On Earth"", ""On ISS""], ""Factor Value[Dissection Condition]"": [""Upon euthanasia"", ""Carcass""]}"
OSD-918,2,False,19,Mus musculus,Blood,8,1,a_OSD-918_transcription-profiling_single-cell-rna-sequencing_Illumina.txt,Factor Value[Age]; Factor Value[Spaceflight],"{""Factor Value[Spaceflight]"": [""Ground Control"", ""Space Flight""], ""Factor Value[Age]"": [""3"", ""8""]}"
OSD-919,2,False,19,Mus musculus,"femurs, hip bones and vertebral columns",8,1,a_OSD-919_transcription-profiling_single-cell-rna-sequencing_Illumina.txt,Factor Value[Age]; Factor Value[Spaceflight],"{""Factor Value[Spaceflight]"": [""Ground Control"", ""Space Flight""], ""Factor Value[Age]"": [""3"", ""8""]}"
OSD-920,2,False,19,Mus musculus,eye,8,1,a_OSD-920_transcription-profiling_single-cell-rna-sequencing_Illumina.txt,Factor Value[Age]; Factor Value[Spaceflight],"{""Factor Value[Spaceflight]"": [""Ground Control"", ""Space Flight""], ""Factor Value[Age]"": [""3"", ""8""]}"
OSD-921,2,False,19,Mus musculus,Heart Atria,8,1,a_OSD-921_transcription-profiling_single-cell-rna-sequencing_Illumina.txt,Factor Value[Age]; Factor Value[Spaceflight],"{""Factor Value[Spaceflight]"": [""Ground Control"", ""Space Flight""], ""Factor Value[Age]"": [""3"", ""8""]}"
OSD-922,2,False,19,Mus musculus,Heart Ventricles,8,1,a_OSD-922_transcription-profiling_single-cell-rna-sequencing_Illumina.txt,Factor Value[Age]; Factor Value[Spaceflight],"{""Factor Value[Spaceflight]"": [""Ground Control"", ""Space Flight""], ""Factor Value[Age]"": [""3"", ""8""]}"
OSD-923,2,False,19,Mus musculus,"Intestine, Large",8,1,a_OSD-923_transcription-profiling_single-cell-rna-sequencing_Illumina.txt,Factor Value[Age]; Factor Value[Spaceflight],"{""Factor Value[Spaceflight]"": [""Ground Control"", ""Space Flight""], ""Factor Value[Age]"": [""3"", ""8""]}"
OSD-924,2,False,19,Mus musculus,limb muscle,8,1,a_OSD-924_transcription-profiling_single-cell-rna-sequencing_Illumina.txt,Factor Value[Age]; Factor Value[Spaceflight],"{""Factor Value[Spaceflight]"": [""Ground Control"", ""Space Flight""], ""Factor Value[Age]"": [""3"", ""8""]}"
OSD-926,2,False,17,Mus musculus,Bone Marrow,7,1,a_OSD-926_transcription-profiling_single-cell-rna-sequencing_Illumina.txt,Factor Value[Age]; Factor Value[Spaceflight],"{""Factor Value[Spaceflight]"": [""Ground Control"", ""Space Flight""], ""Factor Value[Age]"": [""3"", ""8""]}"
OSD-927,2,False,17,Mus musculus,myeloid cerebellum,7,1,a_OSD-927_transcription-profiling_single-cell-rna-sequencing_Illumina.txt,Factor Value[Age]; Factor Value[Spaceflight],"{""Factor Value[Spaceflight]"": [""Ground Control"", ""Space Flight""], ""Factor Value[Age]"": [""8"", ""3""]}"
OSD-928,2,False,19,Mus musculus,myeloid forebrain,8,1,a_OSD-928_transcription-profiling_single-cell-rna-sequencing_Illumina.txt,Factor Value[Age]; Factor Value[Spaceflight],"{""Factor Value[Spaceflight]"": [""Ground Control"", ""Space Flight""], ""Factor Value[Age]"": [""3"", ""8""]}"
OSD-929,2,False,19,Mus musculus,myeloid hippocampus,8,1,a_OSD-929_transcription-profiling_single-cell-rna-sequencing_Illumina.txt,Factor Value[Age]; Factor Value[Spaceflight],"{""Factor Value[Spaceflight]"": [""Ground Control"", ""Space Flight""], ""Factor Value[Age]"": [""3"", ""8""]}"
OSD-930,2,False,19,Mus musculus,non-myeloid cerebellum,8,1,a_OSD-930_transcription-profiling_single-cell-rna-sequencing_Illumina.txt,Factor Value[Age]; Factor Value[Spaceflight],"{""Factor Value[Spaceflight]"": [""Ground Control"", ""Space Flight""], ""Factor Value[Age]"": [""3"", ""8""]}"
OSD-931,2,False,19,Mus musculus,non-myeloid forebrain,8,1,a_OSD-931_transcription-profiling_single-cell-rna-sequencing_Illumina.txt,Factor Value[Age]; Factor Value[Spaceflight],"{""Factor Value[Spaceflight]"": [""Ground Control"", ""Space Flight""], ""Factor Value[Age]"": [""3"", ""8""]}"
OSD-932,2,False,19,Mus musculus,non-myeloid hippocampus,8,1,a_OSD-932_transcription-profiling_single-cell-rna-sequencing_Illumina.txt,Factor Value[Age]; Factor Value[Spaceflight],"{""Factor Value[Spaceflight]"": [""Ground Control"", ""Space Flight""], ""Factor Value[Age]"": [""3"", ""8""]}"
OSD-933,2,False,19,Mus musculus,skeletal stem cells,8,1,a_OSD-933_transcription-profiling_single-cell-rna-sequencing_Illumina.txt,Factor Value[Age]; Factor Value[Spaceflight],"{""Factor Value[Spaceflight]"": [""Ground Control"", ""Space Flight""], ""Factor Value[Age]"": [""3"", ""8""]}"
OSD-935,2,True,394,Mus musculus,Soleus,20,1,a_OSD-935_transcription-profiling_rna-sequencing-(rna-seq)_Illumina.txt,Factor Value[Hindlimb Unloading]; Factor Value[Ionizing Radiation]; Factor Value[Treatment],"{""Factor Value[Hindlimb Unloading]"": [""Normally Loaded Control"", ""Hindlimb Unloaded""], ""Factor Value[Ionizing Radiation]"": [""sham irradiation"", ""x-ray radiation""], ""Factor Value[Treatment]"": [""Non-treated"", ""corticosterone""]}"
OSD-936,5,False,362,Homo sapiens,Cultured Cells,16,4,a_OSD-936_transcription-profiling_rna-sequencing-(rna-seq)_Illumina HiSeq 4000.txt; a_OSD-936_transcription-profiling_rna-sequencing-(rna-seq)_Illumina HiSeq X.txt; a_OSD-936_translation-profiling_ribo-seq-(ribosome-profiling)_Illumina HiSeq 4000.txt; a_OSD-936_translation-profiling_ribo-seq-(riboso,Factor Value[Altered Gravity Duration]; Factor Value[Altered Gravity]; Factor Value[Coating]; Factor Value[Spaceflight],"{""Factor Value[Spaceflight]"": [""Space Flight"", ""Not Applicable""], ""Factor Value[Altered Gravity]"": [""1G by centrifugation"", ""uG"", ""1G on Earth"", ""uG by random positioning machine""], ""Factor Value[Altered Gravity Duration]"": [""24"", ""48"", ""1""], ""Factor Value[Coating]"": [""Not Applicable"", ""Non-coated"", ""Laminin coated""]}"
OSD-937,2,True,575,Homo sapiens,"Cells, Cultured",30,1,a_OSD-937_transcription-profiling_rna-sequencing-(rna-seq)_Illumina.txt,Factor Value[Donor Age]; Factor Value[Spaceflight]; Factor Value[Time]; Factor Value[Treatment],"{""Factor Value[Spaceflight]"": [""Ground Control"", ""Space Flight""], ""Factor Value[Donor Age]"": [""young"", ""old""], ""Factor Value[Treatment]"": [""Electric Stimulation"", ""No Electric Stimulation""], ""Factor Value[Time]"": [""21"", ""2""]}"
OSD-939,2,False,4,Rattus norvegicus,Whole Organism,899,1,a_OSD-939_behavior_psychomotor-vigilance-test_medpc.txt,Factor Value[Absorbed Radiation Dose]; Factor Value[Assay Time Post-Irradiation]; Factor Value[Ionizing Radiation]; Factor Value[Strain],"{""Factor Value[Strain]"": [""Fischer 344"", ""Lewis""], ""Factor Value[Ionizing Radiation]"": [""proton"", ""sham irradiation""], ""Factor Value[Absorbed Radiation Dose]"": [""100"", ""25"", ""0""], ""Factor Value[Assay Time Post-Irradiation]"": [""Not Applicable"", ""5"", ""6"", ""7"", ""8"", ""9"", ""10"", ""11""]}"
OSD-940,2,True,178,Homo sapiens,"Cells, Cultured",8,1,a_OSD-940_transcription-profiling_rna-sequencing-(rna-seq)_Illumina.txt,Factor Value[Microgravity Simulation],"{""Factor Value[Microgravity Simulation]"": [""uG by 3D clinostat"", ""1G in 3D clinostat""]}"
OSD-942,2,False,45,Homo sapiens,Vastus Lateralis,44,1,a_OSD-942_transcription-profiling_dna-microarray_Agilent.txt,Factor Value[Bed Rest]; Factor Value[Time]; Factor Value[Treatment],"{""Factor Value[Bed Rest]"": [""After Bed Rest"", ""Before Bed Rest""], ""Factor Value[Time]"": [""plus 64"", ""minus 1""], ""Factor Value[Treatment]"": [""No treatment"", ""Baseline"", ""traditional exercise"", ""Flywheel Exercise""]}"
OSD-944,4,False,993,Microbiota,DNA; Not Applicable,38,3,a_OSD-944_metagenomic-sequencing_long-read-low-biomass-dna-sequencing_Oxford Nanopore Technologies-1.txt; a_OSD-944_metagenomic-sequencing_long-read-low-biomass-dna-sequencing_Oxford Nanopore Technologies.txt; a_OSD-944_metagenomic-sequencing_short-read-low-biomass-dna-sequencing_Illumina.txt,Factor Value[Collection Date]; Factor Value[Sample Location],"{""Factor Value[Sample Location]"": [""Floor by gowning room"", ""Floor by airlock"", ""Floor by main door"", ""Floor by cabinets"", ""Field Control"", ""Floor mid room"", ""Field control"", ""Floor by spacecraft""], ""Factor Value[Collection Date]"": [""27-May-2025"", ""13-Aug-2025"", ""Not Applicable""]}"
OSD-946,2,False,45,Homo sapiens,Vastus Lateralis,44,1,a_OSD-946_transcription-profiling_mirna-microarray_Agilent.txt,Factor Value[Bed Rest]; Factor Value[Time]; Factor Value[Treatment],"{""Factor Value[Bed Rest]"": [""After Bed Rest"", ""Before Bed Rest""], ""Factor Value[Time]"": [""plus 64"", ""minus 1""], ""Factor Value[Treatment]"": [""No treatment"", ""Baseline"", ""traditional exercise"", ""Flywheel Exercise""]}"
OSD-949,2,True,574,Mus musculus,Soleus,30,1,a_OSD-949_transcription-profiling_rna-sequencing-(rna-seq)_Illumina.txt,Factor Value[Genotype]; Factor Value[Hindlimb Unloading]; Factor Value[Sex],"{""Factor Value[Genotype]"": [""Control"", ""AMPKalpha mKO""], ""Factor Value[Sex]"": [""Male"", ""Female""], ""Factor Value[Hindlimb Unloading]"": [""Normally Loaded Control"", ""Hindlimb Unloaded""]}"
OSD-952,3,False,19,Mus musculus,Whole Organism,177,2,a_OSD-952_behavior_behavioral-segmentation_deepethogram.txt; a_OSD-952_behavior_pose-estimation_SLEAP.txt,Factor Value[Mission Time]; Factor Value[Spaceflight],"{""Factor Value[Mission Time]"": [""1"", ""0"", ""2"", ""3"", ""4"", ""5"", ""6"", ""7""], ""Factor Value[Spaceflight]"": [""Space Flight""]}"
OSD-956,3,False,25,Caenorhabditis elegans,Whole Organism,4,2,a_OSD-956_transcription-profiling_rna-sequencing-(rna-seq)_Illumina.txt; a_OSD-956_translation-profiling_ribo-seq-(ribosome-profiling)_Illumina.txt,Factor Value[Altered Gravity]; Factor Value[Spaceflight],"{""Factor Value[Spaceflight]"": [""Space Flight""], ""Factor Value[Altered Gravity]"": [""1G by centrifugation"", ""uG""]}"
OSD-961,2,False,67,Euprymna scolopes,Light Organ,32,1,a_OSD-961_transcription-profiling_rna-sequencing-(rna-seq)_illumina.txt,Factor Value[Spaceflight]; Factor Value[Time]; Factor Value[Treatment],"{""Factor Value[Spaceflight]"": [""Space Flight"", ""Ground Control""], ""Factor Value[Treatment]"": [""Inoculated with filtered seawater"", ""Inoculated with V. fischeri""], ""Factor Value[Time]"": [""0"", ""12"", ""2"", ""6""]}"
OSD-964,3,False,13,Saccharomyces cerevisiae,Cells,912,2,a_OSD-964_cell-viability_alamarblue_GSE Reader.txt; a_OSD-964_cell-viability_alamarblue_SpectraMax.txt,Factor Value[Absorbed Radiation Dose]; Factor Value[Growth Condition Design]; Factor Value[Ionizing Radiation]; Factor Value[Ploidy]; Factor Value[Strain],"{""Factor Value[Ionizing Radiation]"": [""non-irradiated"", ""Cesium-137 Gamma Radiation"", ""Fe-56 ion radiation"", ""mixed radiation"", ""proton""], ""Factor Value[Absorbed Radiation Dose]"": [""0.01"", ""0.05"", ""0.1"", ""0.35"", ""0.5"", ""1"", ""2.5"", ""5""], ""Factor Value[Ploidy]"": [""diploid"", ""haploid""], ""Factor Value[Growth Condition Design]"": [""Liquid"", ""Dry""], ""Factor Value[Strain]"": [""YBS72-1"", ""YBS71-1"", ""YBS17-15Da"", ""YBS48-10D""]}"
OSD-968,2,False,27,Rattus norvegicus,hippocampal neuron,8,1,a_OSD-968_electrophysiology_extracellular-electrophysiology-recording_CFP-1020 Preamplifier.txt,Factor Value[Spaceflight]; Factor Value[Time],"{""Factor Value[Spaceflight]"": [""in-flight"", ""pre-flight""], ""Factor Value[Time]"": [""Launch plus 4"", ""Launch plus 9"", ""Launch minus 3"", ""Launch minus 4""]}"
OSD-969,2,False,2,Mus musculus,Brown Adipose Tissue,16,1,a_OSD-969_transcription-profiling_real-time-pcr_Applied Biosystems 7900HT Fast Real-Time PCR System.txt,Factor Value[Spaceflight],"{""Factor Value[Spaceflight]"": [""Ground Control"", ""Space Flight""]}"
OSD-970,2,False,2,Mus musculus,White Adipose Tissue,16,1,a_OSD-970_transcription-profiling_real-time-pcr_Applied Biosystems 7900HT Fast Real-Time PCR System.txt,Factor Value[Spaceflight],"{""Factor Value[Spaceflight]"": [""Ground Control"", ""Space Flight""]}"
OSD-972,2,False,49,Mus musculus,Whole Blood,48,1,a_OSD-972_transcription-profiling_dna-microarray_Agilent.txt,Factor Value[Absorbed Radiation Dose]; Factor Value[Ionizing Radiation]; Factor Value[Time of Sample Collection After Treatment],"{""Factor Value[Ionizing Radiation]"": [""sham-irradiated"", ""x-ray radiation""], ""Factor Value[Absorbed Radiation Dose]"": [""0"", ""2"", ""4"", ""8"", ""1"", ""12""], ""Factor Value[Time of Sample Collection After Treatment]"": [""24"", ""48"", ""6"", ""16""]}"
OSD-973,2,False,2,Mus musculus,Kidney,12,1,a_OSD-973_transcription-profiling_dna-microarray_Sentrix.txt,Factor Value[Absorbed Radiation Dose]; Factor Value[Ionizing Radiation],"{""Factor Value[Ionizing Radiation]"": [""non-irradiated"", ""cesium-137 gamma radiation""], ""Factor Value[Absorbed Radiation Dose]"": [""21"", ""420"", ""8000""]}"
OSD-974,2,False,2,Mus musculus,testis,12,1,a_OSD-974_transcription-profiling_dna-microarray_Sentrix.txt,Factor Value[Absorbed Radiation Dose]; Factor Value[Ionizing Radiation],"{""Factor Value[Ionizing Radiation]"": [""non-irradiated"", ""cesium-137 gamma radiation""], ""Factor Value[Absorbed Radiation Dose]"": [""21"", ""420"", ""8000""]}"
OSD-977,2,False,4,Rattus norvegicus,Femur Head; diaphysis of femur,120,1,a_OSD-977_bone-microstructure_micro-computed-tomography_scanco medical ag.txt,Factor Value[Material Type]; Factor Value[Sex]; Factor Value[Spaceflight]; Factor Value[Treatment],"{""Factor Value[Treatment]"": [""Not Applicable"", ""Ovariectomy""], ""Factor Value[Sex]"": [""Male"", ""Female""], ""Factor Value[Material Type]"": [""Femur Head"", ""diaphysis of femur""], ""Factor Value[Spaceflight]"": [""Basal Control"", ""Ground Control"", ""Space Flight""]}"
OSD-979,3,False,7,Mus musculus,Caudal Vertebra; Femur; Lumbar Vertebra; diaphysis of femur; epiphysis of femur; metaphysis of femur,240,2,a_OSD-979_bone-microstructure_dual-energy-x-ray-absorptiometry_piximus - lunar corporation.txt; a_OSD-979_bone-microstructure_micro-computed-tomography_scanco medical ag.txt,Factor Value[Housing Condition]; Factor Value[Housing Temperature]; Factor Value[Material Type],"{""Factor Value[Material Type]"": [""Femur"", ""diaphysis of femur"", ""metaphysis of femur"", ""epiphysis of femur"", ""Lumbar Vertebra"", ""Caudal Vertebra""], ""Factor Value[Housing Condition]"": [""Not Applicable"", ""Single Housed"", ""Group Housed""], ""Factor Value[Housing Temperature]"": [""22"", ""26""]}"
OSD-980,2,False,4,Mus musculus,diaphysis of femur; diaphysis of humerus; epiphysis of femur; epiphysis of humerus; metaphysis of femur; metaphysis of humerus,300,1,a_OSD-980_bone-microstructure_micro-computed-tomography_36584865.txt,Factor Value[Hindlimb Unloading]; Factor Value[Housing Temperature]; Factor Value[Material Type],"{""Factor Value[Hindlimb Unloading]"": [""Baseline Control"", ""Normally Loaded Control"", ""Hindlimb Unloaded""], ""Factor Value[Material Type]"": [""diaphysis of femur"", ""metaphysis of femur"", ""epiphysis of femur"", ""diaphysis of humerus"", ""metaphysis of humerus"", ""epiphysis of humerus""], ""Factor Value[Housing Temperature]"": [""22"", ""32""]}"
OSD-981,4,False,10,Mus musculus,Femur; Lumbar Vertebra; diaphysis of femur; diaphysis of humerus; epiphysis of femur; epiphysis of humerus; metaphysis of femur,140,3,a_OSD-981_bone-microstructure_dual-energy-x-ray-absorptiometry_piximus 2 - lunar corporation.txt; a_OSD-981_bone-microstructure_micro-computed-tomography_scanco uct40 scanner - scanco medical ag.txt; a_OSD-981_histological-assay_histomorphometry_osteomeasure system - osteometrics.txt,Factor Value[Genotype]; Factor Value[Hematopoietic Stem Cell Donor Strain]; Factor Value[Material Type],"{""Factor Value[Genotype]"": [""Wild Type"", ""Kit^(W/(W-v))""], ""Factor Value[Material Type]"": [""Femur"", ""diaphysis of femur"", ""metaphysis of femur"", ""epiphysis of femur"", ""diaphysis of humerus"", ""epiphysis of humerus"", ""Lumbar Vertebra""], ""Factor Value[Hematopoietic Stem Cell Donor Strain]"": [""GFP"", ""Wild Type""]}"
OSD-990,2,False,123,Homo sapiens,"Cells, Cultured",60,1,a_OSD-990_transcription-profiling_rna-sequencing-(rna-seq)_Illumina.txt,Factor Value[Hypergravity Duration]; Factor Value[Hypergravity]; Factor Value[Total Incubation Time],"{""Factor Value[Hypergravity]"": [""1G Control"", ""9G by centrifugation""], ""Factor Value[Hypergravity Duration]"": [""20"", ""75"", ""5"", ""7"", ""9"", ""60"", ""3"", ""15""], ""Factor Value[Total Incubation Time]"": [""15"", ""60""]}"
OSD-992,2,False,15,Homo sapiens,"Cells, Cultured",6,1,a_OSD-992_transcription-profiling_single-cell-rna-sequencing_Illumina.txt,Factor Value[Ionizing Radiation]; Factor Value[Treatment Group],"{""Factor Value[Ionizing Radiation]"": [""non-irradiated"", ""cesium-137 gamma radiation"", ""Si-28 ion radiation"", ""Fe-56 ion radiation"", ""proton""], ""Factor Value[Treatment Group]"": [""non-irradiated control for charged particle irradiation"", ""charged particle irradiation group"", ""low passage and non-shipped group""]}"
OSD-993,2,True,412,Homo sapiens,"Cells, Cultured",21,1,a_OSD-993_transcription-profiling_rna-sequencing-(rna-seq)_Illumina.txt,Factor Value[Ionizing Radiation]; Factor Value[Treatment Group],"{""Factor Value[Ionizing Radiation]"": [""non-irradiated"", ""Si-28 ion radiation"", ""Fe-56 ion radiation"", ""proton"", ""cesium-137 gamma radiation""], ""Factor Value[Treatment Group]"": [""charged particle irradiation group"", ""low passage and non-shipped group"", ""gamma irradiation group""]}"
OSD-998,2,False,43,Homo sapiens,"Cells, Cultured",20,1,a_OSD-998_transcription-profiling_rna-sequencing-(rna-seq)_Illumina.txt,Factor Value[Hypergravity]; Factor Value[Time of Sample Collection After Treatment],"{""Factor Value[Hypergravity]"": [""1G Control"", ""300G by centrifugation"", ""Heat Stress Control""], ""Factor Value[Time of Sample Collection After Treatment]"": [""1"", ""4"", ""15""]}"
OSD-999,2,False,99,Homo sapiens,"Cells, Cultured",48,1,a_OSD-999_transcription-profiling_rna-sequencing-(rna-seq)_Illumina.txt,Factor Value[Ionizing Radiation]; Factor Value[Sex],"{""Factor Value[Sex]"": [""Male"", ""Female""], ""Factor Value[Ionizing Radiation]"": [""non-irradiated"", ""mixed radiation""]}"
OSD-1000,2,False,21,Homo sapiens,"Cells, Cultured",18,1,a_OSD-1000_transcription-profiling_rna-sequencing-(rna-seq)_Illumina.txt,Factor Value[Genotype]; Factor Value[Ionizing Radiation],"{""Factor Value[Genotype]"": [""Mock Control"", ""AAVS1:opto-FGFR""], ""Factor Value[Ionizing Radiation]"": [""non-irradiated"", ""mixed radiation""]}"
OSD-1005,2,False,49,Homo sapiens,"Cells, Cultured",23,1,a_OSD-1005_transcription-profiling_rna-sequencing-(rna-seq)_Illumina.txt,Factor Value[Altered Gravity]; Factor Value[Spaceflight]; Factor Value[Treatment],"{""Factor Value[Spaceflight]"": [""Space Flight"", ""Ground Control""], ""Factor Value[Altered Gravity]"": [""uG"", ""1G by random positioning machine"", ""1G on Earth"", ""uG by random positioning machine""], ""Factor Value[Treatment]"": [""without nanoceria"", ""with nanoceria""]}"
