query,accession,title,organism,type,n_samples,platform,pubmed,summary
SCN_circadian,GSE150770,Suprachiasmatic VIP neurons are required for normal circadian rhythmicity with a subset expressing a molecularly distinct pacemaker profile,Mus musculus,Expression profiling by high throughput sequencing,192,19057,,The hypothalamic suprachiasmatic (SCN) clock contains several neurochemically defined cell groups that contribute to the genesis of circadian rhythms. Using cell specific and genetically-targeted approaches we have confirmed an indispensable role for vasoactive intestinal polypeptide expressing SCN 
SCN_circadian,GSE266472,Transcriptomic Plasticity of the Circadian Clock in Response to Photoperiod: A Study in Male Melatonin-Competent Mice,Mus musculus,Expression profiling by high throughput sequencing,123,24247,39096022,"Seasonal daylength, or circadian photoperiod, is a pervasive environmental signal that profoundly influences physiology and behavior. In mammals, the central circadian clock resides in the suprachiasmatic nuclei (SCN) of the hypothalamus where it receives retinal input and synchronizes, or entrains,"
SCN_circadian,GSE212079,Mice with humanized livers reveal the involvement of hepatocyte circadian clocks in the phase entrainment of rhythmic behavior and physiology,Mus musculus,Expression profiling by high throughput sequencing,98,21103,37196091,"The circadian clock represents an evolutionarily acquired gene network that synchronizes physiology to anticipate environmental changes caused by the succession of day and night. While most mammalian cells have a circadian clock, their synchronization depends on a central pacemaker located in the su"
SCN_circadian,GSE118404,Spatiotemporal single-cell analysis of gene expression in the mouse suprachiasmatic nucleus,Mus musculus,Expression profiling by high throughput sequencing,96,19057;21273,32066983,This SuperSeries is composed of the SubSeries listed below.
SCN_circadian,GSE126851,Regulation of the circadian clock by the metabolic enzyme AHCY,Mus musculus,Expression profiling by high throughput sequencing,79,21103,33328229,Mammalian circadian rhythms are based on coupled transcriptional-translational feedback loops driven by the transcription factors CLOCK and BMAL1. Chromatin remodeling mechanisms are essential for the proper timing and extent of circadian gene expression. We report that the S-adenosylhomocysteine (S
SCN_circadian,GSE222744,The clock gene Per1 may exert diurnal control over hippocampal memory consolidation,Mus musculus,Expression profiling by high throughput sequencing,72,30172,,"The circadian system influences many different biological processes, including memory performance. While the suprachiasmatic nucleus (SCN) functions as the brain’s central pacemaker, downstream “satellite clocks” may also regulate local functions based on the time of day. Within the dorsal hippocamp"
SCN_circadian,GSE252364,Effect of methionine/choline deficient diet on liver and suprachiasmatic nucleus circadian transcriptome.,Mus musculus,Expression profiling by high throughput sequencing,72,21103,,"The feeding/fasting cycles controlled by our circadian clock impose great daily metabolic and physiological changes, and yet investigations into the consequences of metabolic deficiencies, either dietary or genetic, have often ignored the time of day or the circadian time of the animals or subjects."
SCN_circadian,GSE186242,Dietary tryptophan and circadian rhythms,Mus musculus,Expression profiling by high throughput sequencing,72,24247,35914650,Mice were fed a normal chow diet or a tryptophan depleted diet for two weeks under normal 12-hr light/dark cycles (LD) or in constant darkness (DD). Mice were sacrificed every 4th hour over the 24-hr circadian cycle. The suprachiasmatic nucleus (SCN) was harvested and RNA was isolated using a standa
SCN_circadian,GSE261429,Zinc finger homeobox-3 (ZFHX3) exerts genome-wide regulation of dailygene expression in the suprachiasmatic nucleus [RNA-seq],Mus musculus,Expression profiling by high throughput sequencing,62,24247,40117332,"The mammalian suprachiasmatic nucleus (SCN), situated in the ventral hypothalamus, directs daily cellular and physiological 24-hr rhythms across the body. The cell-autonomous timing mechanism is based on a self-sustaining transcriptional-translational feedback loop (TTFL) that in turn co-ordinates t"
SCN_circadian,GSE282275,Adolescent circadian rhythm disruption increases reward and risk-taking,Mus musculus,Expression profiling by high throughput sequencing,62,19057,39737435,"Circadian rhythm disturbances have long been associated with the development of psychiatric disorders, including mood and substance use disorders. Adolescence is a particularly vulnerable time for the onset of psychiatric disorders and for circadian rhythm and sleep disruptions. Preclinical studies "
SCN_circadian,GSE196430,The central clock suffices to drive the majority of circulatory metabolic rhythms,Mus musculus,Expression profiling by high throughput sequencing,54,24247,35767612,This dataset was generated to investigate the independence of the central clock in regulating hepatic transcriptional rhythms.
SCN_circadian,GSE72095,Temporal transcriptomics suggest that twin-peaking genes reset the clock,Mus musculus,Expression profiling by high throughput sequencing,54,13112,26523393,"The mammalian suprachiasmatic nucleus (SCN) drives daily rhythmic behavior and physiology, yet a detailed understanding of its coordinated transcriptional programmes is lacking. To reveal the true nature of circadian variation in the mammalian SCN transcriptome we combined laser-capture microdissect"
SCN_circadian,GSE148252,NPAS4 regulates the transcriptional response of suprachiasmatic nucleus neurons to photic input,Mus musculus,Expression profiling by high throughput sequencing; Genome b,52,24247;19057,34416169,"In mammals, the hypothalamic suprachiasmatic nucleus (SCN) is the master circadian pacemaker. It is primarily entrained by environmental photic stimuli. However, the molecular bases of the response of heterogeneous cells in the SCN to photic stimuli is not fully understood. In this study, we combine"
SCN_circadian,GSE218242,Circadian rhythm-dependent programs control inflammatory responses and drug metabolism in primary human hepatocytes I.,Homo sapiens; Mus musculus,Expression profiling by high throughput sequencing,49,25526,38657074,"Various aspects of physiology and cell function present self-sustained ~24h variations termed circadian rhythms, enabling anticipation and adaptation to the 24-h cycle produced by the Earth’s rotation. The circadian clock system consists of a central clock located in the suprachiasmatic nucleus in t"
SCN_circadian,GSE165799,Light-induced Changes in the Suprachiasmatic Nucleus Transcriptome Regulated by the ERK/MAPK Pathway,Mus musculus,Expression profiling by array,36,20775,34191798,"The mammalian master circadian pacemaker within the suprachiasmatic nucleus (SCN) maintains tight entrainment to the 24 hr light/dark cycle via a sophisticated clock-gated rhythm in the responsiveness of the oscillator to light. Intriguingly, entrainment is not merely a passive response, instead the"
SCN_circadian,GSE157077,Reshaping Circadian Metabolism in the Suprachiasmatic Nucleus and Prefrontal Cortex by Nutritional Challenge,Mus musculus,Expression profiling by high throughput sequencing,36,21103,,We compared the transcriptome of Suprachiasmatic Nucleus in C57BL/6J mice fed a high-fat diet or normal chow through an entire circadian cycle: 6 time points (TP) every four hours.
SCN_circadian,GSE88954,Identification of glucocorticoid-dependent circadian genes in the cochlea,Mus musculus,Expression profiling by high throughput sequencing,36,17021,31353184,The cochlea possesses a robust circadian clock machinery that regulates auditory function. How the cochlear clock is influenced by the circadian system remains unknown. Here we show that cochlear rhythms are system-driven and require local Bmal1 as well as central input from the suprachiasmatic nucl
SCN_circadian,GSE11516,Circadian Rhythm of Gene Expression Patterns in Liver of Mouse,Mus musculus,Expression profiling by array,36,6880,19478556,"Genes encoding the circadian pacemaker in the hypothalamic suprachiasmatic nuclei (SCN) of mammals have recently been identified, but the molecubasis of circadian timing in peripheral tissue is not well understood. We used a bead-based microarray to identify mouse liver transcripts that show circadi"
SCN_circadian,GSE70392,Circadian regulation of gene expression in the SCN,Mus musculus,Expression profiling by array; Expression profiling by high ,32,13112;6246,,This SuperSeries is composed of the SubSeries listed below.
SCN_circadian,GSE133051,Comprehensive and cell-type-based analysis of microRNA profiles and functions in mouse suprachiasmatic nucleus,Mus musculus,Non-coding RNA profiling by high throughput sequencing,27,13112,,"Circadian rhythm governs a variety of biological processes in essentially all living organisms and microRNAs have been found to play important roles in the post-transcriptional regulation of circadian clocks. However, the microRNA expression profile in mouse central circadian clock – suprachiasmatic"
SCN_circadian,GSE5810,Circadian Profiling of NIH3T3 Fibroblasts: Comparison with Rhythmic Gene Expression in SCN2.2 Cells and the Rat SCN,Mus musculus,Expression profiling by array,27,81,17284666,"To screen for specific circadian outputs that may distinguish the pacemaker in the mammalian suprachiasmatic nucleus (SCN) from peripheral-type oscillators in which the canonical clockworks are similarly regulated in a circadian manner, the rhythmic behavior of the transcriptome in forskolin-stimula"
SCN_circadian,GSE243858,Circadian rhythms in mouse choroid plexus identified by time-resolved RNAseq require clock in the suprachiasmatic nucleus,Mus musculus,Expression profiling by high throughput sequencing,26,30172,38802875,The aim of our study was to investigate the circadian regulation of cellular processes in mouse choroid plexus (ChP) and to determine their dependence on signals from the clock in the suprachiasmatic nuclei (SCN). We performed time-resolved transcriptomics of ChP samples from C57Bl6J mice with intac
SCN_circadian,GSE300640,Suprachiasmatic nucleus regulation of brown fat thermogenesis via ADRB3-S100B axis,Mus musculus,Expression profiling by high throughput sequencing,24,24247,41343575,"The suprachiasmatic nucleus (SCN), the central circadian pacemaker, orchestrates daily metabolic rhythms, yet its role in substrate selection and thermogenic adaptation remains insufficiently understood. Here, we show that SCN lesioning abolishes the adaptive suppression of brown adipose tissue (BAT"
SCN_circadian,GSE107086,Endogenous glucocorticoid rhythms regulate the circadian sensitivity to noise,Mus musculus,Expression profiling by high throughput sequencing,24,17021,31353184,The cochlea possesses a robust circadian clock machinery that regulates auditory function. How the cochlear clock is influenced by the circadian system remains unknown. Here we show that cochlear rhythms are system-driven and require local Bmal1 as well as central input from the suprachiasmatic nucl
SCN_circadian,GSE81532,Diurnal transcriptome rhythms in mice with genetically ablated clock function in the suprachiasmatic nucleus (SCN),Mus musculus,Expression profiling by array,24,16570,27650461,"Male KO (Syt10-Cre/Cre x Bmal1-flox/-) and CON (Syt10-Cre/Cre x Bmal1-+/-) mice were entrained to 12h:12h light:dark conditions for two weeks and sacrificed at 4 different time points (CT1, 7, 13, 19) on the second day after release into constant darkness conditions. Total RNA was isolated from epid"
SCN_circadian,GSE70384,Circadian regulation of gene expression in the SCN (gene expression),Mus musculus,Expression profiling by array,24,6246,,"We performed a circadian RNA expression profile of the mammalian biological clock, the suprachiasmatic nucleus (SCN) in C57/BL6 mice, at 2-hour resolution using microarrays, and at 6-hour resolution using RNA-seq."
SCN_circadian,GSE154038,Circadian VIPergic neurons of the suprachiasmatic nuclei sculpt the sleep-wake cycle,Mus musculus,Expression profiling by high throughput sequencing,20,19057,32916091,"Although the mammalian rest-activity cycle is controlled by a ""master clock"" in the suprachiasmatic nuclei (SCN) of the hypothalamus, it is unclear how firing of individual SCN neurons gates individual features of daily activity. Here, we demonstrate that a specific transcriptomically identified pop"
SCN_circadian,GSE287917,Pde10a gates light responses in the SCN to regulate circadian photoentrainment,Mus musculus,Expression profiling by high throughput sequencing,18,19057,,"Earth's rotation around its axis provides the principal cue for synchronizing the circadian clock with environmental light. A common feature of the clock is the lack of responsiveness to light during the daytime hours. To investigate the interaction between the circadian clock and light, we analyzed"
SCN_circadian,GSE132659,Defining the Independence of the Liver Circadian Clock,Mus musculus,Genome binding/occupancy profiling by high throughput sequen,18,13112,31150621,"Mammals rely on a network of circadian clocks to control daily systemic metabolism and physiology. The central pacemaker in the suprachiasmatic nucleus (SCN) is considered hierarchically dominant over peripheral clocks, whose degree of independence, or tissue-level autonomy, has never been ascertain"
SCN_circadian,GSE218243,Circadian rhythm-dependent programs control inflammatory responses and drug metabolism in primary human hepatocytes II.,Homo sapiens; Mus musculus,Expression profiling by high throughput sequencing,16,25526,38657074,"Various aspects of physiology and cell function present self-sustained ~24h variations termed circadian rhythms, enabling anticipation and adaptation to the 24-h cycle produced by the Earth’s rotation. The circadian clock system consists of a central clock located in the suprachiasmatic nucleus in t"
SCN_circadian,GSE113797,DUSP4 regulates input to the suprachiasmatic circadian network via VIP-induced activation of the ERK1/2 pathway,Mus musculus,Expression profiling by array,16,17543,30710088,Analysis of the genes and cellular signalling cascades mediating the response of SCN slices to vasoactive intestinal peptide (VIP). Primary goal was to find novel genes that may be involved in circadian phase shifting for further study. Promoter analysis of significantly regulated genes and gene ont
SCN_circadian,GSE152919,REV-ERB nuclear receptors in the suprachiasmatic nucleus control circadian period and restrict diet-induced obesity,Mus musculus,Expression profiling by high throughput sequencing,15,21103,34705514,"Circadian disruption, as shift work, is associated with metabolic diseases, including obesity and fatty liver, often attributed to discordance between internal clocks and environmental timekeepers1-5. However, this desynchrony hypothesis has not been rigorously tested. The body’s master clock, locat"
SCN_circadian,GSE207992,Timed Exercise and Clocks: Does a Minimally Functional Suprachiasmatic Clock Support 24h Behavioral Rhythms?,Mus musculus,Expression profiling by high throughput sequencing,14,21103,36866044,"The brain’s suprachiasmatic nucleus (SCN) is the master clock driving circadian rhythms in mammals. Vasoactive intestinal polypeptide (VIP) and its cognate receptor, VPAC2, are expressed in SCN neurons and mice with genetically targeted deletion of VPAC2 (Vipr2 -/-animals) show aberrant resetting to"
SCN_circadian,GSE117295,Spatiotemporal single-cell analysis of gene expression in the mouse suprachiasmatic nucleus,Mus musculus,Expression profiling by high throughput sequencing,13,19057,32066983,"Mammalian circadian behaviors are orchestrated by suprachiasmatic nucleus (SCN) in the hypothalamus. Yet basic SCN cell types and their roles in circadian pacemaking are still unclear. In this study, we comprehensively characterized the basic cell types of SCN and their circadian and light-induced g"
SCN_circadian,GSE211757,Leptin-responsive dorsomedial hypothalamic neurons link circadian and metabolic systems to govern food anticipation [snRNA-seq],Mus musculus,Expression profiling by high throughput sequencing,12,30172,36865258,"In contrast to light-dependent entrainment of the central circadian pacemaker, the molecular and neural underpinnings of entrainment by non-photic cues, such as food, remain unclear. Using single-nucleus RNA-sequencing, we identified a leptin receptor (LepR) positive neuronal population in the dorso"
SCN_circadian,GSE89255,Network dynamics mediate circadian clock plasticity,Mus musculus,Methylation profiling by high throughput sequencing,11,17021,28065650,Purpose: Alteration in light dark cycle leads to changes in daily behavior in mammals. We have previously demonstrated that different light:dark cycle lengths result in dynamic changes in DNA methylation within the suprachiasmatic nuclei (SCN) that globally alter transcription of both clock genes an
SCN_circadian,GSE184440,Transcriptome profiling of circadian day and night gene expression in the suprachiasmatic nucleus of wild-type and Gpr176-deficient mice,Mus musculus,Expression profiling by array,8,6246,35908898,This array set was used to identify gene expressions that are affected by the absence of the orphan G-protein-coupled receptor Gpr176 in the mouse suprachiasmatic nuclei (SCN).
SCN_circadian,GSE70391,Circadian regulation of gene expression in the SCN (RNA-seq),Mus musculus,Expression profiling by high throughput sequencing,8,13112,,"We performed a circadian RNA expression profile of the mammalian biological clock, the suprachiasmatic nucleus (SCN) in C57/BL6 mice, at 2-hour resolution using microarrays, and at 6-hour resolution using RNA-seq. "
SCN_circadian,GSE268323,Glaucoma Inducing Retinal Ganglion Cell Degeneration Alters Diurnal Rhythm of Key Molecular Components of the Central Clock and Locomotor Activity in Mice,Mus musculus,Expression profiling by high throughput sequencing,7,24247,39441606,"Glaucoma is a chronic optic neuropathy characterized by the progressive de- generation of retinal ganglion cells (RGC). These cells play a crucial role in transmitting visual and non-visual information to brain regions, including the su- prachiasmatic nucleus (SCN), responsible for synchronizing bio"
SCN_circadian,GSE240803,A developmental shift in glucocorticoid receptor expression preserves glucocorticoid sensitivity in the adult suprachiasmatic nucleus.,Mus musculus,Expression profiling by high throughput sequencing,6,30172,42412749,"The circadian system synchronizes physiology, improving the adaptation to daily environmental changes. In mammals, the master pacemaker, in the suprachiasmatic nuclei (SCN) of the hypothalamus, coordinates “wake” functions by inducing the circadian release of glucocorticoids (GCs). GCs entrain the c"
SCN_circadian,GSE189289,Disruption of circadian rhythms by ambient light during neu-rodevelopment leads to autistic-like molecular and behavioral alterations in adult mice,Mus musculus,Expression profiling by high throughput sequencing,6,21493,34943821,"Although circadian rhythms are thought to be essential for maintaining body health, the effects of chronic circadian disruption during neurodevelopment remain elusive. Here, using the “Short Day” (SD) mouse model, in which an 8h/8h Light/Dark (LD) cycle was applied during E1-P42, we investigated mol"
SCN_circadian,GSE6904,Expression data from mouse SCN after 30-min light pulse,Mus musculus,Expression profiling by array,6,8321,18021443,"The transmission of information about the photic environment to the circadian clock involves a complex array of neurotransmitters, receptors, and second messenger systems.  Using laser capture microscopy and microarray analysis, a population of genes rapidly induced by light in the suprachiasmatic n"
SCN_circadian,GSE167927,Transcriptome profiling of the mouse suprachiasmatic nucleus at single cell resolution,Mus musculus,Expression profiling by high throughput sequencing,5,21103,34487375;37186824;40171808,"Circadian rhythms are governed by the hypothalamic suprachiasmatic nucleus (SCN) which consists of ca. 20,000 cellular oscillators bound together in a powerful time-keeping network. The goal of this study was to characterise its component cells and network structure by conducting single-cell sequenc"
SCN_circadian,GSE226929,Transcriptome profiling of circadian day and night gene expression in the suprachiasmatic nucleus of hypophysectomized (HPX) and control (non-HPX) mice,Mus musculus,Expression profiling by array,4,16570,37844254,"HPX mice show enhanced re-entrainment after jet lag; it isimportant to investigate whether HPX affects gene expression in the SCN, the center of the circadian clock. We used microarrays to study the effects of HPX on gene expression in the SCN."
SCN_circadian,GSE37685,"CIRP, a cold-inducible RNA-binding protein, modulates circadian gene expression posttranscriptionally",Mus musculus,Expression profiling by high throughput sequencing,4,9250,22923437,"In mammalian tissues circadian gene expression can be driven by local oscillators or systemic signals controlled by the master pacemaker in the suprachiasmatic nucleus. Here we show that simulated body temperature cycles, but not peripheral oscillators, can control the rhythmic expression of Cold-In"
SCN_circadian,GSE261430,Zinc finger homeobox-3 (ZFHX3) exerts genome-wide regulation of dailygene expression in the suprachiasmatic nucleus [ChIP-seq],Mus musculus,Genome binding/occupancy profiling by high throughput sequen,3,19057,40117332,"The mammalian suprachiasmatic nucleus (SCN), situated in the ventral hypothalamus, directs daily cellular and physiological 24-hr rhythms across the body. The cell-autonomous timing mechanism is based on a self-sustaining transcriptional-translational feedback loop (TTFL) that in turn co-ordinates t"
SCN_circadian,GSE54124,Circadian behavior is light-reprogrammed by plastic DNA methylation (sequencing),Mus musculus,Expression profiling by high throughput sequencing,2,13112,24531307,"The timing of daily “circadian” behavior can be highly variable among different individuals, and twin studies suggest that about half of this variability is environmentally controlled.  Similar plasticity can be seen in mice exposed to an altered lighting environment – for example, 22-hour days inst"
SCN_circadian,GSE54021,Circadian behavior is light-reprogrammed by plastic DNA methylation,Mus musculus,Methylation profiling by genome tiling array,2,18163,,"The timing of daily “circadian” behavior can be highly variable among different individuals, and twin studies suggest that about half of this variability is environmentally controlled.  Similar plasticity can be seen in mice exposed to an altered lighting environment – for example, 22-hour days inst"
SCN_circadian,GSE132608,Spatiotemporal single-cell analysis of gene expression in the mouse suprachiasmatic nucleus,Mus musculus,Expression profiling by high throughput sequencing,1,21273,32066983,"Mammalian circadian behaviors are orchestrated by suprachiasmatic nucleus (SCN) in the hypothalamus. Yet basic SCN cell types and their roles in circadian pacemaking are still unclear. In this study, we comprehensively characterized the basic cell types of SCN and their circadian and light-induced g"
circadian_atlas,GSE190939,Circadian alignment of early onset caloric restriction promotes longevity in male C57BL/6J mice,Mus musculus,Expression profiling by high throughput sequencing,288,19057,35511946,"Caloric restriction (CR) prolongs lifespan, yet the mechanisms by which it does so remain poorly understood. Under CR, mice self-impose chronic cycles of 2-hour-feeding and 22-hour-fasting, raising the question whether calories, fasting, or time of day are causal. We show that 30%-CR is sufficient t"
circadian_atlas,GSE297702,"Light and sex modify Snord116 genotype effects on metabolism, behavior, and imprinted gene networks following circadian entrainment",Mus musculus,Expression profiling by high throughput sequencing,219,24247,,"Mammals utilize imprinted and X-linked epigenetic mechanisms in development, metabolism, and behavior. Imprinted genes, including Prader-Willi syndrome Snord116 noncoding RNAs, are implicated in the regulation of sleep and circadian rhythms through poorly understood mechanisms. Utilizing mouse model"
circadian_atlas,GSE176095,Chronic inflammatory arthritis drives systemic changes in circadian energy metabolism,Mus musculus,Expression profiling by high throughput sequencing,180,21103,35482925;38981514,"Chronic inflammation underpins many human diseases. The morbidity and mortality of chronic inflammation is often mediated through metabolic dysfunction. Inflammatory and metabolic processes vary through circadian time, suggesting an important temporal cross-talk between these systems. Here, we show "
circadian_atlas,GSE261698,A glial circadian gene expression atlas reveals cell type and disease-specific reprogramming in response to amyloid pathology or aging,Mus musculus,Expression profiling by high throughput sequencing,165,21493;24247,38853870,"While circadian rhythm disruption may promote neurodegenerative disease, how aging and neurodegenerative pathology impact circadian gene expression patterns in different brain cell types is unknown. Here, we used translating ribosome affinity purification methods to define the circadian translatomes"
circadian_atlas,GSE283483,Novel environment exposure drives temporally defined and region-specific chromatin accessibility and gene expression programs in the hippocampus,Mus musculus,Genome binding/occupancy profiling by high throughput sequen,160,34328,40841540,"Curiosity-driven interactions with novel cues in our environment represent a common behavioral trait across the animal kingdom. Exposure to a novel environment (NE) reshapes the brain via structural and functional changes in multiple brain areas, including the hippocampus. This experience-dependent "
circadian_atlas,GSE266543,Misaligned feeding uncouples daily rhythms within brown adipose tissue and between peripheral clocks,Mus musculus,Expression profiling by high throughput sequencing,144,19057,39046875,"Extended consumption of food into the rest period perturbs the phase relationship between circadian clocks in the periphery and the brain and has deleterious effects on health through mechanisms that remain incompletely understood. Beyond the liver, how other metabolic organs respond to hypocaloric "
circadian_atlas,GSE171975,Ultradian Molecular Rhythms Emerge in the Absence of a Circadian Clock,Mus musculus,Expression profiling by high throughput sequencing,140,21626,34968386,"In the chronobiology field, a fundamental dichotomy exists to explain daily rhythmicity of biological processes: these can be elicited in response to cyclic extrinsic/environmental signals such as light, or driven endogenously by the circadian clock. In mammals, the circadian clock ticks in almost e"
circadian_atlas,GSE278523,Systems biology mapping of rBCG-LTAK63-induced protection against tuberculosis reveals the significance of autophagy and circadian rhythm regulation by cAMP,Mus musculus,Expression profiling by high throughput sequencing,126,23479,41208953;41859094,"Using systems biology and RNA sequencing data from lung cells, we investigated the immune mechanisms of protection induced by this vaccine in mice, both after immunization and following challenge. The RNA-seq data were analyzed using IPA (Ingenuity Pathways Analysis), CEMiTools (modular co-expressio"
circadian_atlas,GSE167763,RNA-SEQ OF 24H TIME COURSE OF MOUSE FIBROBLASTS ENTRAINED WITH DIFFERENT CYCLIC METABOLIC  ENTRAINMENTS,Mus musculus,Expression profiling by high throughput sequencing,121,24247,,"In our daily routine we are continually exposed to feeding ang fasting cycles, and it is important to take into consideration the overall coherence between metabolism and circadian rhythms. The loss of such a coherence, translating in a misalignment, may contribute to the weakening or desynchronizat"
circadian_atlas,GSE150890,"Time course Total RNA-Seq and XBP1s ChIP-Seq in Xbp1 flx/flx (WT, wild-type) mice and AlbCre;Xbp1 flx/flx (XBP1 LKO, liver-specific knockout) mice",Mus musculus,Expression profiling by high throughput sequencing; Genome b,113,24247;19057,33277471,This SuperSeries is composed of the SubSeries listed below.
circadian_atlas,GSE132667,Clonal Cell Lines with Different Circadian Period,Mus musculus,Expression profiling by high throughput sequencing; Methylat,108,19057;17021,32459177,This SuperSeries is composed of the SubSeries listed below.
circadian_atlas,GSE189527,Distinct translatome changes in specific neural populations precede electroencephalographic changes in prion-infected mice,Mus musculus,Expression profiling by high throughput sequencing,98,17021,35960762,"Selective vulnerability is an enigmatic feature of neurodegenerative diseases (NDs), whereby a widely expressed protein causes lesions in specific cell types and brain regions. Using the RiboTag method in mice, translational responses of five neural subtypes to acquired prion disease (PrD) were meas"
circadian_atlas,GSE135898,"Temporal profiles of gene expression in Cry1/2 KO, Bmal1 KO under night restricted feeding and ad libitum feeding regimen",Mus musculus,Expression profiling by high throughput sequencing,96,17021,33452134,"The circadian clock and rhythmic food intake are both important regulators of rhythmic gene expression in the liver. It remains, however, elusive to which extent the circadian clock network and natural feeding rhythms contribute to rhythmic gene expression. To systematically address this question, w"
circadian_atlas,GSE150888,"Time course Total RNA-Seq in Xbp1 flx/flx (WT, wild-type) mice and AlbCre;Xbp1 flx/flx (XBP1 LKO, liver-specific knockout) mice",Mus musculus,Expression profiling by high throughput sequencing,96,24247,33277471,We reported the hepatic total gene expression (starting at CT0 and proceeding every two hours for four complete 12-hour cycles) in the liver of wild-type mice and XBP1 liver-specific knockout mice.
circadian_atlas,GSE132663,Transcriptional Profiling of Clonal Cell Lines with Different Circadian Period,Mus musculus,Expression profiling by high throughput sequencing,88,17021,32459177,"Composed of negative feedback loops, circadian oscillations are thought to be noise-resistant. Yet, individual cells in culture are remarkably heterogenous, oscillating independently and with different period lengths. To investigate the mechanisms underlying this heterogeneity, we generated and char"
circadian_atlas,GSE266938,Deletion of SWI/SNF ATPase activity in hepatocytes of adult liver disrupts circadian gene expression and central liver functions [RNAseq],Mus musculus,Expression profiling by high throughput sequencing,82,24247,,"The circadian rhythm in the murine liver governs the activity of numerous enhancers which in turn coordinates diurnal gene expression. This process is controlled by oscillating activities of specific transcription factors (TFs) and recruitment of co-regulators, including histone modifying enzymes an"
circadian_atlas,GSE328655,"A high-resolution, sex-stratified atlas of transcriptional and alternative splicing dynamics in the fasting mouse liver.",Mus musculus,Expression profiling by high throughput sequencing,80,21103,,"The liver's response to fasting is a fundamental adaptive mechanism, yet its temporal complexity, circadian dimension and sexual dimorphism remain incompletely understood. Here we present a high-resolution transcriptomic atlas of the fasting mouse liver, profiling both male and female C57BL/6 mice e"
circadian_atlas,GSE184303,Next Generation RNA Sequencing - Delineation of Hepatic Transcriptome Governed by Liver Clock and Gut Microbes over Time,Mus musculus,Expression profiling by high throughput sequencing,72,21103,37712426,We report the application of bulk RNA-sequencing-based technology for high-throughput profiling to examine the individual and combinatorial effects of the liver circadian clock and gut microbes on the liver transcriptome over 24-hours. Principle Component Analysis demonstrated that functionality of 
circadian_atlas,GSE157878,Circadian Profiling of the Bone Marrow Derived Macrophage Transcriptome,Mus musculus,Expression profiling by high throughput sequencing,72,21103,33436377,Investigation of Circadianly Expressed Transcripts in Murine BMDMs
circadian_atlas,GSE302874,HFD-inducued metabolic syndrome is promoted by JNK7b isoform.,Mus musculus,Expression profiling by high throughput sequencing,69,24247,41843681,JNK7b isoform promotes metabolic syndrome in a mouse model of obesity
circadian_atlas,GSE330452,Diurnal regulation of Acyl-CoA synthetase 3 (ACSF3) governs rhythmic mitochondrial lysine-malonylation and daily hepatic metabolism,Mus musculus,Expression profiling by high throughput sequencing,64,24247,,"Hepatic daily rhythms are coordinated by feeding and the molecular circadian clock, ensuring metabolic homeostasis. Disrupted feeding schedules promote circadian misalignment and metabolic diseases but the underlying mechanisms remain scarce. Post-translational modifications have emerged as key regu"
circadian_atlas,GSE240149,Novel Roles for the Transcriptional Repressor E4BP4 in Both Cardiac Physiology and Pathophysiology,Mus musculus,Expression profiling by high throughput sequencing,64,19057,,"Circadian clocks temporally orchestrate biological processes critical for cellular/organ function. For example, the cardiomyocyte circadian clock modulates cardiac metabolism, signaling, and electrophysiology over the course of the day, such that, disruption of the clock leads to age-onset cardiomyo"
circadian_atlas,GSE184233,Consequences of collagen induced inflammatory arthritis on circadian regulation of the gut microbiome.,Mus musculus,Expression profiling by high throughput sequencing,60,21103,36520064,"Autoimmune diseases, such as rheumatoid arthritis, are associated with significant gut microbiota dysbiosis.  Here we show that remodelling of 24h rhythms within the gut during inflammatory joint disease drives profound changes in the microbiome and gut permeability."
circadian_atlas,GSE194106,Global circadian transcript profile of mouse gastrocnemius muscle entrained by inverted feeding,Mus musculus,Expression profiling by high throughput sequencing,56,23479,37365376,"Circadian clocks in peripheral organs are entrained by feeding. Eating in the right time is crucial to maintain metabolic health, whereas eating in the wrong time increases the susceptibility to metabolic diseases. It is unknown how change of mealtime impacts circadian transcriptomes in peripheral o"
circadian_atlas,GSE151228,Global circadian transcript profile of mouse viceral adipose entrained by inverted feeding,Mus musculus,Expression profiling by high throughput sequencing,56,24247,33889826,"Circadian clocks in peripheral organs are entrained by feeding. Eating in the right time is crucial to maintain metabolic health, whereas eating in the wrong time increases the susceptibility to metabolic diseases. It is unknown how change of mealtime impacts circadian transcriptomes in peripheral o"
circadian_atlas,GSE151221,Global circadian transcript profile of mouse kidney entrained by inverted feeding,Mus musculus,Expression profiling by high throughput sequencing,56,23479,33889826,"Circadian clocks in peripheral organs are entrained by feeding. Eating in the right time is crucial to maintain metabolic health, whereas eating in the wrong time increases the susceptibility to metabolic diseases. It is unknown how change of mealtime impacts circadian transcriptomes in peripheral o"
circadian_atlas,GSE150958,Global circadian transcript profile of mouse anterior hypothalamus entrained by inverted feeding,Mus musculus,Expression profiling by high throughput sequencing,56,23479,36531263,"Circadian clocks in peripheral organs are entrained by feeding. Eating in the right time is crucial to maintain metabolic health, whereas eating in the wrong time increases the susceptibility to metabolic diseases. It is unknown how change of mealtime impacts circadian transcriptomes in peripheral o"
circadian_atlas,GSE150381,Global circadian transcript profile of mouse heart entrained by inverted feeding,Mus musculus,Expression profiling by high throughput sequencing,56,24247,33889826,"Circadian clocks in peripheral organs are entrained by feeding. Eating in the right time is crucial to maintain metabolic health, whereas eating in the wrong time increases the susceptibility to metabolic diseases. It is unknown how change of mealtime impacts circadian transcriptomes in peripheral o"
circadian_atlas,GSE150380,Global circadian transcript profile of mouse liver entrained by inverted feeding,Mus musculus,Expression profiling by high throughput sequencing,56,27637,33889826,"Circadian clocks in peripheral organs are entrained by feeding. Eating in the right time is crucial to maintain metabolic health, whereas eating in the wrong time increases the susceptibility to metabolic diseases. It is unknown how change of mealtime impacts circadian transcriptomes in peripheral o"
circadian_atlas,GSE131844,Transcriptomic and epigenomics atlas of myotubes reveals insight into the circadian control of metabolism and development,Mus musculus,Expression profiling by high throughput sequencing; Methylat,54,17021,32157909,This SuperSeries is composed of the SubSeries listed below.
circadian_atlas,GSE330370,Multi-Omics Profiling Identifies a Cry1-Essential Fatty Acid Axis Driving Residual Circadian Rhythm Dysfunction After Sepsis Recovery,Mus musculus,Expression profiling by high throughput sequencing,48,24247,,"Sepsis disrupts circadian rhythm and leaves lasting molecular traces, rendering the clock insensitive to jet lag even after recovery from the acute phase. Here, we employed a comprehensive multi-omics approach, integrating liver transcriptomics with plasma metabolomics, to characterize the residual "
circadian_atlas,GSE230078,Targeting the intestinal circadian clock by meal timing ameliorates gastrointestinal inflammation,Mus musculus,Expression profiling by high throughput sequencing,48,24247,38918576,Investigating the function of intestinal Bmal1 in regulating the colonic transcriptome
circadian_atlas,GSE179028,Ontogeny and function of the circadian clock in intestinal organoids,Homo sapiens; Mus musculus,Expression profiling by high throughput sequencing,48,16791;17021,34704277,This SuperSeries is composed of the SubSeries listed below.
circadian_atlas,GSE191264,Parathyroid tissue transcriptome over 24h of PTHcre;Bmal1 flox/flox mice and of Bmal1 flox/flox mice,Mus musculus,Expression profiling by high throughput sequencing,39,24247,35276205,The objective is to elucidate the role of the circadian clock in the parathyroid glands. We investigate the parathyroid transcriptome of wildtype mice (Bmal1 flox/flox) and of mice with parathyroid-specific excision of the circadian clock gene Bmal1 (PTHcre;Bmal1 flox/flox) harvested at 4 hour inter
circadian_atlas,GSE142165,Microarray expression data from P50 mouse full thickness back skin of C57BL/6 mice - various durations of IMQ treatment and timepoints.,Mus musculus,Expression profiling by array,36,6246,32132203,"Imiquimod (IMQ) is a topical therapeutic immune activator that causes psoriasiform inflammation in mice. To determine if IMQ-induced inflammation and gene expression changes depended on the time of day in which treatment is administered, we performed gene expression profiling of dorsal mouse back sk"
circadian_atlas,GSE266936,Deletion of SWI/SNF ATPase activity in hepatocytes of adult liver disrupts circadian gene expression and central liver functions [ATACseq],Mus musculus,Genome binding/occupancy profiling by high throughput sequen,34,24247,,"The circadian rhythm in the murine liver governs the activity of numerous enhancers which in turn coordinates diurnal gene expression. This process is controlled by oscillating activities of specific transcription factors (TFs) and recruitment of co-regulators, including histone modifying enzymes an"
circadian_atlas,GSE222550,Seasonal Light Hours Modulate Peripheral Clocks and Energy Metabolism in Mice,Mus musculus,Expression profiling by high throughput sequencing,32,24247,37689069,"With the exception of latitudes close to the equator, seasonal variation in light hours can change dramatically between summer and winter. Yet, investigations into the interplay between energy metabolism and circadian rhythms typically use a 12 h light:12 h dark photoperiod corresponding to light du"
circadian_atlas,GSE165647,CRY2 missense mutations suppress P53 and enhance cell growth,Mus musculus,Expression profiling by high throughput sequencing,30,23479,34183418,"Disruption of circadian rhythms increases the risk of several types of cancer. Mammalian cryptochromes (CRY1 and CRY2) are circadian transcriptional repressors that are related to DNA repair enzymes. While CRYs lack DNA repair activity, they modulate the transcriptional response to DNA damage, and C"
circadian_atlas,GSE165651,Benchmarking AAV-Cre mouse models for RNA-seq,Mus musculus,Expression profiling by high throughput sequencing,28,19057,34435198,"This study reports the baseline effects of systemic (i.v.) administration of AAV8-TBG-null and AAV8-TBG-Cre on the liver of male, wild-type C57Black6/J mice. We performed polyA RNAseq of whole liver lysates from mice 2, 4 and 7 days post AAV8-TBG-null or AAV8-TBG-Cre administration and compared thei"
circadian_atlas,GSE131843,Transcriptomic and epigenomics atlas of myotubes reveals insight into the circadian control of metabolism and development [RRBS],Mus musculus,Methylation profiling by high throughput sequencing,27,17021,32157909,"Aim: Innate circadian rhythms are critical for optimal tissue-specific functions, including skeletal muscle, a major insulin-sensitive tissue responsible for glucose homeostasis. We determined whether transcriptional oscillations are associated with CpG methylation changes in skeletal muscle. Materi"
circadian_atlas,GSE131842,Transcriptomic and epigenomics atlas of myotubes reveals insight into the circadian control of metabolism and development [RNA-Seq],Mus musculus,Expression profiling by high throughput sequencing,27,17021,32157909,"Aim: Innate circadian rhythms are critical for optimal tissue-specific functions, including skeletal muscle, a major insulin-sensitive tissue responsible for glucose homeostasis. We determined whether transcriptional oscillations are associated with CpG methylation changes in skeletal muscle. Materi"
circadian_atlas,GSE237291,Optineurin tunes outside-in signaling to regulate lysosome biogenesis and phagocytic clearance in the retina I,Mus musculus,Expression profiling by high throughput sequencing,24,24247,37586372,"Balancing the competing demands of phagolysosomal degradation and autophagy is a significant challenge for phagocytic tissues. Yet, how this plasticity is accomplished in health and disease is poorly understood. In the retina, circadian phagocytosis and degradation of photoreceptor outer segments by"
circadian_atlas,GSE200289,The single-cell atlas of the murine intrauterine tissues during preterm labor,Mus musculus,Expression profiling by high throughput sequencing,24,19057,36599348;37944273,"scRNA-seq was utilized to reveal that preterm labor affects the cellularity of the uterus, decidua, and cervix through immune cell infiltration and altered transcriptomic profiles of non-immune cell types."
circadian_atlas,GSE165199,RNA-sequencing of Early vs Late Mouse Pancreas Reentrainment,Mus musculus,Expression profiling by high throughput sequencing,24,24247,34056925,The objectives of this study was to understand the implication of early (day 1:ZT8) vs late (day 8 [for female]/day 9 [for males]:ZT176/200) reentrainment in mouse pancreas following a chronic (1-month) phase shift protocol. 4-6 week old mice underwent 4 weeks of either a normal circadian light-dark
circadian_atlas,GSE135875,Temporal profiles of hepatic gene expression in PAR bZip triple knockout mice,Mus musculus,Expression profiling by high throughput sequencing,24,19057,33452134,"The circadian clock and rhythmic food intake are both important regulators of rhythmic gene expression in the liver. It remains, however, elusive to which extent the circadian clock network and natural feeding rhythms contribute to rhythmic gene expression. To systematically address this question, w"
circadian_atlas,GSE310767,Transcriptomic analysis of low-level vagus nerve stimulation      effects on cardiac remodeling in pressure overload-induced      heart failure,Mus musculus,Expression profiling by high throughput sequencing,21,24247,,Heart failure (HF) affects approximately 56 million people worldwide with a 5-year mortality rate exceeding 50%. This study investigated the molecular mechanisms underlying the cardioprotective effects of low-level vagus nerve stimulation (LL-VNS) delivered via a biodegradable triboelectric nanogene
circadian_atlas,GSE175635,Rhythmicity of Intestinal IgA Responses Confers Oscillatory Commensal Microbiota Mutualism [2],Mus musculus,Expression profiling by high throughput sequencing,20,24247,36054336,"IgA+ Plasma Cells were sort-purified from the small intestinal lamina prorpia of C57BL/6 mice at four Zeitgeber time points (ZT0, 6, 12 and 18). RNA extracted from these samples was subjected to bulk RNA seq to identify time of day differences in IgA+ PC gene expression."
circadian_atlas,GSE266937,Deletion of SWI/SNF ATPase activity in hepatocytes of adult liver disrupts circadian gene expression and central liver functions [ChIPseq],Mus musculus,Genome binding/occupancy profiling by high throughput sequen,18,24247,,"The circadian rhythm in the murine liver governs the activity of numerous enhancers which in turn coordinates diurnal gene expression. This process is controlled by oscillating activities of specific transcription factors (TFs) and recruitment of co-regulators, including histone modifying enzymes an"
circadian_atlas,GSE155160,The global and promoter-centric 3D genome organization temporally resolved during a circadian cycle [RNA-Seq],Mus musculus,Expression profiling by high throughput sequencing,16,17021,34099014,"Circadian gene expression is essential for organisms to adjust cellular responses and anticipate daily changes in the environment. In addition to its physiological importance, the clock circuit represents an ideal, temporally resolved, system to study transcription regulation. Here, we analysed chan"
circadian_atlas,GSE155158,The global and promoter-centric 3D genome organization temporally resolved during a circadian cycle [Hi-C],Mus musculus,Other,16,17021,34099014,"Circadian gene expression is essential for organisms to adjust cellular responses and anticipate daily changes in the environment. In addition to its physiological importance, the clock circuit represents an ideal, temporally resolved, system to study transcription regulation. Here, we analysed chan"
circadian_atlas,GSE155153,The global and promoter-centric 3D genome organization temporally resolved during a circadian cycle [PChi-C],Mus musculus,Other,16,17021,34099014,"Circadian gene expression is essential for organisms to adjust cellular responses and anticipate daily changes in the environment. In addition to its physiological importance, the clock circuit represents an ideal, temporally resolved, system to study transcription regulation. Here, we analysed chan"
circadian_atlas,GSE130505,Mouse Liver Chromatin Circadian ChIP_seq for Bmal1 and Ruvbl2,Mus musculus,Genome binding/occupancy profiling by high throughput sequen,13,17021,,"Mouse livers were collected at 4 hours interval at constant darkness condition after 2 weeks synchronization to ambient light dark cycle, then conducted for the ChIP-seq (Bmal1, Ruvbl2). We found Ruvbl2 rhythmically co-occupancies with Bmal1 binding sites."
circadian_atlas,GSE338377,Retina-specific glucocorticoid receptor deletion disrupts rhythmic gene expression in the mouse retina under constant dark conditions.,Mus musculus,Expression profiling by high throughput sequencing,12,28457,,"The ocular circadian clock has been thought to be regulated primarily by environmental light. In many peripheral tissues, however, circadian clocks are influenced by temporal information conveyed by adrenal glucocorticoids, while glucocorticoid-dependent regulation of the eye clock, a light-receptiv"
circadian_atlas,GSE135235,Light-entrained and brain-tuned circadian circuits regulate ILC3 and gut homeostasis,Mus musculus,Expression profiling by high throughput sequencing,12,21103,31534216,"Group 3 innate lymphoid cells (ILC3) are major regulators of inflammation, infection, microbiota composition and metabolism. ILC3 and neuronal cells were shown to interact at discrete mucosal locations to steer mucosal defence. Nevertheless, whether neuroimmune circuits operate at an organismal leve"
circadian_atlas,GSE337903,Retina-specific glucocorticoid receptor deletion disrupts rhythmic gene expression in the mouse retina under light-dark conditions,Mus musculus,Expression profiling by high throughput sequencing,8,28457,,"The ocular circadian clock has been thought to be regulated primarily by environmental light. In many peripheral tissues, however, circadian clocks are influenced by temporal information conveyed by adrenal glucocorticoids, while glucocorticoid-dependent regulation of the eye clock, a light-receptiv"
circadian_atlas,GSE143396,Circadian analysis of the mouse retinal pigment epithelium transcriptome,Mus musculus,Expression profiling by high throughput sequencing,6,21103,32105725,Purpose: The presence of a phagocytic peak of photoreceptor outer segments by the retinal pigment epithelium (RPE) one or  two hours after the onset of light has been reported for several diurnal and nocturnal species. This peak in phagocytic  activity also persists under constant lighting condition
circadian_atlas,GSE155149,The global and promoter-centric 3D genome organization temporally resolved during a circadian cycle [ChIP-seq],Mus musculus,Genome binding/occupancy profiling by high throughput sequen,4,17021,34099014,"Circadian gene expression is essential for organisms to adjust cellular responses and anticipate daily changes in the environment. In addition to its physiological importance, the clock circuit represents an ideal, temporally resolved, system to study transcription regulation. Here, we analysed chan"
hypergravity_rodent,GSE178815,NuRD-Enabled CTCF-TET Crosstalk Orchestrates Epigenome Reprogramming and Genome Architecture,Mus musculus; Escherichia coli; Homo sapiens,Methylation profiling by high throughput sequencing; Other; ,664,23227;20301;24676;30209;30215;24247;25346,,This SuperSeries is composed of the SubSeries listed below.
hypergravity_rodent,GSE272755,Transcriptional effects of lysosome stress on mouse bone marrow-derived macrophages and primary microglia,Mus musculus,Expression profiling by high throughput sequencing,263,24247;34328,,This SuperSeries is composed of the SubSeries listed below.
hypergravity_rodent,GSE163012,Loop extrusion by cohesin plays a role in enhancer-activated gene expression early in differentiation,Mus musculus,Genome binding/occupancy profiling by high throughput sequen,109,19057,,This SuperSeries is composed of the SubSeries listed below.
hypergravity_rodent,GSE331230,Lentiviral single-cell MPRA of synthetic enhancers reveals motif affinity-based encoding of cell state specificity,Homo sapiens; Escherichia coli; Mus musculus,Other; Expression profiling by high throughput sequencing,71,30173;21222;21626;32071;36357;30172;32242,,This SuperSeries is composed of the SubSeries listed below.
hypergravity_rodent,GSE331030,Lentiviral single-cell MPRA of synthetic enhancers reveals motif affinity-based encoding of cell state specificity [sc-lentiMPRA 2],Homo sapiens; Mus musculus,Expression profiling by high throughput sequencing,66,30173;21626;30172,,"Cell state-specific gene expression programs emerge from the interplay between cis-regulatory elements (CREs), such as enhancers, and transcription factors (TFs). Massively parallel reporter assays (MPRAs) have enabled large-scale dissection of CRE function, but bulk approaches cannot resolve cell s"
hypergravity_rodent,GSE331509,Limb cell-fate commissioning is guided by widespread coordinated genome detachment from the nuclear lamina [CUT&Tag],Mus musculus,Genome binding/occupancy profiling by high throughput sequen,62,24247,,"Diverse forms of heterochromatin block inappropriate transcription and safeguard differentiation and cell identity. Yet, how and when heterochromatin is reconfigured to facilitate changes in cell-fate remains a key open question. Here, we address this by mapping a prevalent heterochromatic feature -"
hypergravity_rodent,GSE302657,Regulation of mRNA polyadenylation governs body plan formation in gastruloids,Mus musculus,Expression profiling by high throughput sequencing; Other,60,24247;34290;24973;34328,,"Gastrulation marks a landmark event in early embryogenesis, laying the foundation for the three germ layers and body plan formation. While transcriptional and epigenetic regulation during gastrulation has been extensively studied, post-transcriptional mechanisms remain underexplored, partly due to t"
hypergravity_rodent,GSE291730,KLF4 promotes a KRT13+ hillock-like state in squamous lung cancer,Mus musculus; Homo sapiens,Expression profiling by high throughput sequencing; Genome b,55,24247;32159;17021;24676,,This SuperSeries is composed of the SubSeries listed below.
hypergravity_rodent,GSE303378,Transcriptomic profiling of bone marrow cells from CML mouse models and newly diagnosed patients treated with SOS1 inhibitor BI-3406 and/or imatinib,Mus musculus; Homo sapiens,Expression profiling by high throughput sequencing,48,24247;24676,,"Despite the success of BCR-ABL1 tyrosine kinase inhibitors (TKIs) like imatinib in treating chronic myeloid leukemia (CML), therapeutic resistance and disease persistence remain significant challenges. This study investigated the potential of BI-3406, a selective SOS1 inhibitor (a key activator of R"
hypergravity_rodent,GSE310138,Sex-Biased Transcription in Early Postnatal Layer 2/3 Cortical Neurons: Interplay Between Sex and Cux1/2 Mutations,Mus musculus,Expression profiling by high throughput sequencing,43,30172,41952201,"Despite many neurodevelopmental disorders (NDDs) exhibiting pronounced sex differences, the role of sex in shaping the genetic regulation of the brain remains barely explored. Brain development relies on a precise control of gene expression across time and disruptions in this process, especially dur"
hypergravity_rodent,GSE328461,Osteopontin mediates acquired resistance to hypoxia-inducing antiangiogenics and promotes anti-PD-L1 refractoriness in breast cancer models ,Mus musculus,Expression profiling by high throughput sequencing,37,34328,42454487,"Resistance to antiangiogenics is a major challenge in cancer therapy. These agents can either normalize or exacerbate tumor vascular abnormality and hypoxia. The mechanisms of resistance remain unclear in the latter setting. By integrating data from mouse models and clinical trials, we showed that h"
hypergravity_rodent,GSE312715,Bone marrow derived macrophage response to CSF1R stimulation or starvation after deletion of Ptpn6 or Rraga,Mus musculus,Expression profiling by high throughput sequencing,27,21103,,"A genome-wide CRISPR screen in primary mouse bone marrow derived macrophages identified Rraga and Ptpn6 as important regulators of cell death upon CSF-1 starvation. To explore how Rraga and Ptpn6 deletion influence cellular state after CSF-1 stimulation or during growth factor starvation, CRISPR-edi"
hypergravity_rodent,GSE272288,Transcriptional response of mouse primary microglia to lysosomal alkalinization [HEX000413],Mus musculus,Expression profiling by high throughput sequencing,24,24247,,WT mouse primary microglia were harvested and treated with BafA1 for increasing durations and bulk RNA-seq was performed.
hypergravity_rodent,GSE301395,RNA binding activity of Mkrn3 directs translation and cellular distribuition of the Gnrh1 precurser protein away from the the site of its processing to the matu,Mus musculus,Other; Expression profiling by high throughput sequencing,24,30172,,"Makorin Ring Finger Protein 3 (MKRN3) loss-of-function mutations are the most common genetic cause of central precocious puberty. Its hypothalamic mRNA levels drop leading up to puberty, and it appears to play a crucial repressive role in the central control of pubertal onset. MKRN3 has E3 ubquitin "
hypergravity_rodent,GSE319353,Transient epigenetic changes promote cardiomyocyte differentiation of the subcutaneous adipose stromal vascular fraction,Mus musculus,Expression profiling by high throughput sequencing,21,24247,,"Introduction: The subcutaneous adipose-tissue-derived stromal vascular fraction (Sa-SVF) contains stem/progenitor cells that rarely transdifferentiate into beating cardiomyocytes. Previously, we developed a culture protocol in which adult murine inguinal Sa-SVF cells reproducibly transdifferentiate "
hypergravity_rodent,GSE294751,Multiomic single nuclei profiling of a mouse model of Alzheimer’s disease reveals that ACSS2 confers neuronal resilience to tauopathy [ChIP-seq],Mus musculus,Genome binding/occupancy profiling by high throughput sequen,20,19057,,Loss of cell identity and global epigenomic dysregulation are emerging as key contributors to Alzheimer’s disease (AD). The mechanisms by which protective or risk-conferring epigenetic marks are established and maintained are under intense investigation. ACSS2 (Acetyl-CoA Synthetase 2) is a key meta
hypergravity_rodent,GSE301612,Interaction between microglia and endothelial cell facilitates inflammatory BBB disruption in bacterial meningitis,Mus musculus,Expression profiling by high throughput sequencing; Genome b,18,19057;34328,,"The blood-brain barrier (BBB) serves as a physiological and functional protective barrier between the brain parenchyma and the peripheral circulatory system, which protects the brain from bloodborne agents, including pathogens and toxins. Bacterial meningitis, a devastating disease occurring worldwi"
hypergravity_rodent,GSE329202,"Loop extrusion by cohesin plays a role in enhancer-activated gene expression early in differentiation (ChIP-Seq, Rad21 and Stag2)",Mus musculus,Genome binding/occupancy profiling by high throughput sequen,18,19057,,"Enhancers and their target promoters often come into close physical proximity when activated. This may be explained by a variety of mechanisms, including cohesin-mediated chromatin loop extrusion. However, acute depletion of cohesin does not cause widespread changes in gene expression. We have teste"
hypergravity_rodent,GSE327962,"Effects of CRISPR-mediated knockout of Mitf, Tfe3 and Tfeb on the transcriptome of mouse BMDMs from WT and Grn KO animals [hex001130]",Mus musculus,Expression profiling by high throughput sequencing,16,34328,,Previous single-cell RNA sequencing of microglia from aged WT and Grn KO mice revealed a microglial subset with transcriptomic signatures that were highly specific to Grn KO. Further epigenetic analysis demonstrated that these signatures were likely regulated by Mitf/Tfe family transcription factors
hypergravity_rodent,GSE272363,Effect of lysosomal acidification on Grn knockout primary microglia transcriptome [HEX000747_MG],Mus musculus,Expression profiling by high throughput sequencing,16,34328,,WT or Grn knockout primary mouse microglia were treated with endolysosomal acidifier rimeporide and bulk RNA-seq was performed.
hypergravity_rodent,GSE300982,Chronic Electronic Cigarette Exposure Promotes Atherosclerosis and Chondrogenic Modulation of Smooth Muscle Cells,Mus musculus,Genome binding/occupancy profiling by high throughput sequen,16,24247,,"Electronic cigarettes (E-cigs) represent a rapidly growing public health concern, particularly due to their widespread adoption among adolescents. Recent epidemiological and experimental evidence has linked E-cig use to accelerated atherosclerosis, though the underlying mechanisms remain incompletel"
hypergravity_rodent,GSE302945,A Pathogenic CD8⁺ TRM–Chemokine Axis Orchestrates Liver Fibrosis and Provides Circulating Biomarkers during Chronic Clonorchis sinensis Infection,Mus musculus,Other; Expression profiling by high throughput sequencing,16,24247,,"Clonorchis sinensis, a carcinogenic hepatobiliary trematode, drives severe pathological sequelae in humans. However, the immunological mechanisms underlying its chronic persistence remain incompletely elucidated. We systematically characterized the spatiotemporal dynamics of host immune responses du"
hypergravity_rodent,GSE298695,Mechanosensing by endothelial Piezo1 promotes liver regeneration after partial hepatectomy via ATF2-ID1-Wnt2 pathway,Mus musculus,Expression profiling by high throughput sequencing,16,24247,,"In this present study we demonstrated portal hypertension after PHx promoted liver regeneration by activating mechanoreceptor Piezo1 in endothelial cells. Next, in vivo and in vitro experiment proved that Piezo1 activation in LESCs enhanced liver regeneration via Wnt2/β-catenin mediated LESCs-hepato"
hypergravity_rodent,GSE330455,Systems analysis reveals alternate metabolic states adopted by Mycobacterium tuberculosis across species,Mycobacterium tuberculosis; Homo sapiens; Mus musculus,Expression profiling by high throughput sequencing,15,25252;36944,,"Mycobacterium tuberculosis (Mtb) persists within macrophages, yet how different host species shape bacterial state remains poorly understood. Here, we directly compared the intracellular transcriptome of Mtb during infection of human and mouse macrophages, revealing distinct host-imposed microenviro"
hypergravity_rodent,GSE331391,Single cell genomics links targeted functional manipulations to efficacy-associated transcriptional signatures in anti-tumor T cells,Homo sapiens; Mus musculus,Other,13,30173;30202;30172,42427866,"Chimeric antigen receptor (CAR) T cells have produced extraordinary remission rates in some hematologic tumors, but these results are yet to be replicated across many malignancies and/or antigens. Modifying CAR architecture or T cell differentiation state can enhance anti-tumor efficacy. However, po"
hypergravity_rodent,GSE294331,Multiomic single nuclei profiling of a mouse model of Alzheimer’s disease reveals that ACSS2 confers neuronal resilience to tauopathy [RNA-seq Acetate],Mus musculus,Expression profiling by high throughput sequencing,12,32159,,Loss of cell identity and global epigenomic dysregulation are emerging as key contributors to Alzheimer’s disease (AD). The mechanisms by which protective or risk-conferring epigenetic marks are established and maintained are under intense investigation. ACSS2 (Acetyl-CoA Synthetase 2) is a key meta
hypergravity_rodent,GSE303863,CD28 co-stimulatory domain enhances efficacy of CER T cell therapy compared to 4-1BB in an ovarian cancer mouse model,Mus musculus,Expression profiling by high throughput sequencing,12,24247,41813798,"Ovarian cancer remains a significant cause of cancer-related mortality, with epithelial ovarian cancer (EOC) being the most common subtype. Despite advances in treatment, the 5-year survival rate for late-stage EOC remains low due to factors such as tumor heterogeneity and an immunosuppressive tumor"
hypergravity_rodent,GSE334160,Small Extracellular Vesicles Secreted from Cardiomyocytes Targeting Microglial Activation and Hypothalamic Inflammation Aggravate HFpEF,Mus musculus,Non-coding RNA profiling by high throughput sequencing,10,28330,,"Background: Heart failure with preserved ejection fraction (HFpEF) is increasingly acknowledged as a major public health concern due to its complex pathophysiology that involves neuroinflammation and sympathetic activation. The crosstalk between the heart and hypothalamic microglia in HFpEF, particu"
hypergravity_rodent,GSE327336,iCNG99: a validated genome-scale metabolic model of Cryptococcus neoformans strain H99,Cryptococcus neoformans; Mus musculus,Expression profiling by high throughput sequencing,10,19057;27451,,"Cryptococcus neoformans is a ubiquitous environmental fungus that can also cause life-threatening infections in immunocompromised individuals. As a competent pathogen, Cryptococcus needs to reprogram its metabolism to adapt the drastic differences between environmental niches and host niches. A well"
hypergravity_rodent,GSE316887,scRNA-seq revealed Ad5-HA-VLP-driven remodeling of the pulmonary immune landscape,Mus musculus,Expression profiling by high throughput sequencing,9,28330,,"To delineate VLPs-induced remodeling of the pulmonary immune landscape, we performed single-cell RNA sequencing (scRNA-seq) on lung immune cells at 0 and 7 dpi with Ad5-HA-VLP and Ad5-HA"
hypergravity_rodent,GSE324989,A comprehensive transcriptome analysis of the livers of mice in microgravity.,Mus musculus,Expression profiling by high throughput sequencing,9,19057,,This Japan Aerospace Exploration Agency project focused on elucidating the impacts of partial gravity (partial g) and microgravity (μg) on mice using newly developed mouse habitat cage units (HCU) that can be installed in the Centrifuge-equipped Biological Experiment Facility in the International Sp
hypergravity_rodent,GSE274047,Study of gene expression in mouse primary hepatocytes cultured in hydrogels with different stiffnesses in wild-type and YAP/TAZ knockout.,Mus musculus,Expression profiling by high throughput sequencing,8,24247,41747066,"Liver stiffness is extensively utilized as a crucial indicator in the diagnosis and monitoring of MASLD, the contribution of increased stiffness on impaired liver functions and its molecular mechanisms remains poorly understood. Wild-type or Yap/Taz knock-out hepatocytes were cultured on soft (1 kPa"
hypergravity_rodent,GSE290512,"Matched single-cell chromatin, transcriptome, and surface marker profiling captures in vivo epigenomic reprogramming during basal-to-luminal transition in the m",Mus musculus,Expression profiling by high throughput sequencing; Genome b,7,24247;16417,,"Single-cell multi-omics methods enable simultaneous mapping of chromatin states and transcriptomes, offering deep insights into gene regulation. Yet, the full potential of these approaches remains untapped for rare cell populations, as most methods require thousands of cells and are limited in their"
hypergravity_rodent,GSE296981,Alveolar type 2 cell LRP1 is needed for surfactant phospholipids and pulmonary function in mice,Mus musculus,Expression profiling by high throughput sequencing,7,15103,41999979,"The low-density lipoprotein receptor related protein 1 (LRP1) performs multiple functions with cell-specific regulation. Genetic variants in LRP1 are associated with chronic obstructive pulmonary disease (COPD), but the underlying mechanisms are unknown. Surfactant lipid metabolism is impacted by CO"
hypergravity_rodent,GSE328541,miRNA sequencing of extracellular vesicles derived from rat peripheral nerve fibroblasts,Rattus norvegicus,Non-coding RNA profiling by high throughput sequencing,6,34877,,Peripheral nerve fibroblasts were isolated from the sciatic nerves of Sprague-Dawley (SD) rats. Extracellular vesicles were extracted from the culture supernatant of fibroblasts by differential ultracentrifugation and subsequently identified. Small RNA libraries were constructed using total RNA isol
hypergravity_rodent,GSE327052,Homocysteine drives hippocampal blood-brain barrier disruption and cognitive decline under chronic stress via DNA hypomethylation of Cav1.2,Rattus norvegicus,Expression profiling by high throughput sequencing,6,34316,42192804,"Chronic stress is a major risk factor for cognitive decline and blood-brain barrier (BBB) disruption, yet the underlying molecular mechanisms remain elusive. This study aimed to investigate the specific role of the metabolic intermediate homocysteine (Hcy) in chronic stress-induced BBB dysfunction a"
hypergravity_rodent,GSE295156,"Transcriptome profiling of embryonic stem cells (mESCs) derived from B6 mouse, primitive neural stem cells (NSCs) derived from mESCs, muscle fibers, fat cells, ",Mus musculus,Expression profiling by high throughput sequencing,6,24247,,"The core proeprty of cancer cells is neural stemness, which determines tumorigenicity and pluripotency. Therefore, cancer cells can differentiate along different lineages. Upon differentiation, cancer cells will lose their neural stemness and tumorigenicity. Cancer cells, embrynonic stem cells and n"
hypergravity_rodent,GSE268198,Analysis of small RNA from exosomes secreted by macrophages infected with Salmonella,Mus musculus,Non-coding RNA profiling by high throughput sequencing,6,24247,,"Salmonella is a common food-borne pathogen that is highly pathogenic and infectious, causing serious harm to livestock breeding and food safety. Uncovering the mechanisms of Salmonella infection and immune evasion can effectively prevent Salmonella contamination of livestock and poultry food. Here, "
hypergravity_rodent,GSE296770,RNA seq of peripheral blood mononuclear cells in mice after sepsis modeling,Mus musculus,Expression profiling by high throughput sequencing,6,24247,41698047,"This study focuses on analyzing the gene expression profiles of peripheral blood mononuclear cells (PBMCs) in mice following the induction of sepsis, using RNA sequencing (RNA-seq). PBMCs play a central role in the immune response, and their transcriptional changes can provide critical insights into"
hypergravity_rodent,GSE301098,Gene expression analysis in hepatocytes in response to hepatocyte-specific Succinate Receptor 1 (SUCNR1) deletion,Mus musculus,Expression profiling by high throughput sequencing,6,24247,,"The liver plays a crucial role in metabolic adaptations in response to nutrients, a function that is critically dependent on its zonated structure. Succinate, a key intermediate of the tricarboxylic acid cycle, has emerged as a postprandial signaling metabolite that regulates metabolic adaptations t"
hypergravity_rodent,GSE324763,A comprehensive transcriptome analysis of the hearts of mice in lunar gravity [RNA-Seq],Mus musculus,Expression profiling by high throughput sequencing,6,19057,,"Despite developing cardiac atrophy and experiencing insufficient blood circulation in a microgravity environment, astronauts on long-term spaceflights did not exhibit significant cardiac dysfunction that may be due to the heart's unique robustness to withstand the space environment. However, the car"
hypergravity_rodent,GSE324762,A comprehensive translatome analysis of the hearts of mice in lunar gravity [Ribo-Seq],Mus musculus,Other,6,19057,,"Despite developing cardiac atrophy and experiencing insufficient blood circulation in a microgravity environment, astronauts on long-term spaceflights did not exhibit significant cardiac dysfunction that may be due to the heart's unique robustness to withstand the space environment. However, the car"
hypergravity_rodent,GSE327369,Bacteria-mimicking cancer cells reprogram macrophages via multiple PRR pathways for cancer immunotherapy,Mus musculus,Expression profiling by high throughput sequencing,6,24247,,"Although macrophages are a powerful cell-based platform for cancer immunotherapy, their antitumor functions, such as phagocytosis and inflammatory responses, are limited by the immunosuppressive tumor microenvironment. Here, we show that decorating cancer cell membranes with bacteria-derived pathoge"
hypergravity_rodent,GSE314157,Targeting the Mapk13-Tcf1-Slc7a5 Axis via One-Carbon Metabolic Regulation to Prevent Chronic Allograft Vasculopathy,Mus musculus,Expression profiling by high throughput sequencing,6,28330,41538426,"Chronic allograft vasculopathy (CAV) is driven in part by stem-like Cd4⁺ T cells, but how these cells sustain their progenitor programs during chronic rejection remains unclear. Here, a metabolic-epigenetic axis is identified in which Mapk13 phosphorylates Tcf1 at T289, enabling Tcf1 to activate the"
hypergravity_rodent,GSE326820,ChREBPα: A Central Metabolic Sensor Driving Lipid Droplet Renewal in Preimplantation Mouse Embryos,Mus musculus,Expression profiling by high throughput sequencing,6,34290,42111269,"Background: Lipid droplets (LDs) are abundant during early embryogenesis; however, yet, the mechanisms that govern their synthesis, maintenance, and functional relevance remain poorly defined. This study aimed to investigate how early mouse embryos sense lipid depletion and activate adaptive metabol"
hypergravity_rodent,GSE324735,PEPITEM regulates the synovial microenvironment during immune-mediated inflammatory arthritis to limit disease,Mus musculus,Expression profiling by high throughput sequencing,6,24247,,"Objective: Here we investigate the status of the adiponectin-PEPITEM pathway in early, treatment naïve, rheumatoid arthritis (RA) and psoriatic arthritis (PsA) and the therapeutic efficacy of PEPITEM administration in preclinical models. Methods: Peripheral blood was isolated from patients with clin"
hypergravity_rodent,GSE304722,Casein kinase 1δ/ε inhibition suppresses CLL through cell-intrinsic and microenvironmental mechanisms,Mus musculus,Expression profiling by high throughput sequencing,6,19057,41939248,"Chronic lymphocytic leukemia (CLL) is a consequence of pathological B cell accumulation in blood and lymphoid organs. Due to high refractoriness, CLL is considered incurable which calls for novel therapeutic options. Previously, we showed casein kinase 1δ/ε (CK1δ/ε) inhibition prolonged survival of "
hypergravity_rodent,GSE325872,Dynamic Suspension Culture System Reveals HIF-1α-Driven Stemness Maintenance via Dual Suppression of the p53 Pathway in Cancer Stem Cells,Mus musculus,Expression profiling by high throughput sequencing,5,24247,,"Cancer stem cells (CSCs) drive tumor recurrence and therapeutic resistance; however, their investigation remains limited by inefficient enrichment strategies and an incomplete understanding of stemness regulation. In this study, we developed an optimized dynamic suspension culture system that effici"
hypergravity_rodent,GSE325910,NEMO lysine mutant mice reveal ROS-RelA signaling required for optimal CD40-induced humoral immunity,Mus musculus,Expression profiling by high throughput sequencing,4,34290,,"Oxidative and genotoxic stresses activate NF-κB signaling through intracellular pathways distinct from those initiated by membrane receptors, but their physiological roles remain incompletely defined. We created the NEMODK mouse model with germline arginine substitutions at NEMO (NF-κB essential mod"
hypergravity_rodent,GSE275651,Dispensable role of RPB1 CTD in co-transcriptional splicing in mouse ESC (Fraction chrRNA-seq),Mus musculus,Other,4,24247,25772140,"To define the function of CTD on co-transcriptional splicing, we used auxin-inducible CTD degron system in mouse embryonic stem cells (mESCs) with auxin treatment for 3 hours to sufficiently deplete Rpb9. To measure co-transcriptional splicing, we fractionated mESCs cells (spiked in with Drosophila "
hypergravity_rodent,GSE313262,"MIZ-1 (c-Myc-interacting Zinc Finger Protein-1, ZBTB17) is required for  efficient B cell receptor signaling [ChIP-seq]",Mus musculus,Genome binding/occupancy profiling by high throughput sequen,4,13112,41972179,"B cell receptor (BCR) signaling is required for the regulation of normal B lymphocyte development. We found that mice expressing a POZ domain-deficient MIZ-1 (MIZ-1ΔPOZ) exhibit impaired BCR signaling. Transcriptomic and ChIP-seq analyses reveal that, in addition to autophagy related genes, MIZ-1 di"
hypergravity_rodent,GSE327951,Profiling of microRNAs in extracellular vesicles derived from mouse normal hepatocyte line AML12,Mus musculus,Non-coding RNA profiling by high throughput sequencing,3,23969,,Previously we have shown that AML12 cell-derived extracellular vesicles (EVs) exhibit anti-fibrotic effects in human hepatic stellate cells in vitro and during toxin-induced liver injury in mice. The mechanisms by which AML12 EVs ameliorate liver fibrosis have not been fully investigated and microRN
hypergravity_rodent,GSE301372,Single-cell RNA sequencing of kidney tissue from a conditional Vhlh knockout mouse model. [sc-RNA_Seq],Mus musculus,Expression profiling by high throughput sequencing,2,24247,,"Clear cell renal cell carcinoma (ccRCC) is the most common and aggressive subtype of renal cancer, accounting for approximately 75% of cases. A well-established early oncogenic event in ccRCC tumorigenesis is the loss of the tumor suppressor gene von Hippel-Lindau (VHL), which occurs in roughly 80% "
hypergravity_rodent,GSE319432,CELF2-dependent RNA regulation supports cortical architecture and synaptic stability during early brain development [snRNA-Seq],Mus musculus,Expression profiling by high throughput sequencing,2,21493,42189331,"Neurodevelopment relies on precise post-transcriptional regulation to coordinate neuronal differentiation, migration, and circuit formation. The CUGBP Elav-like family member 2 (CELF2) is an RNA-binding protein with established roles in alternative splicing and mRNA regulation, yet its function in t"
hypergravity_rodent,GSE316413,KLF4 promotes a KRT13+ hillock-like state in squamous lung cancer [Organoid_CutandRun],Mus musculus,Genome binding/occupancy profiling by high throughput sequen,2,24247,,"Lung squamous cell carcinoma (LUSC) is basal-like subtype of lung cancer with limited treatment options. While prior studies have identified tumor-propagating cell states in squamous tumors, the broader landscape of intra-tumoral heterogeneity within LUSC remains poorly understood. Here, we employ S"
hypergravity_rodent,GSE316412,KLF4 promotes a KRT13+ hillock-like state in squamous lung cancer [SNL_Organoids_RNA-seq],Mus musculus,Expression profiling by high throughput sequencing,2,32159,,"Lung squamous cell carcinoma (LUSC) is basal-like subtype of lung cancer with limited treatment options. While prior studies have identified tumor-propagating cell states in squamous tumors, the broader landscape of intra-tumoral heterogeneity within LUSC remains poorly understood. Here, we employ S"
hypergravity_rodent,GSE309936,mRNA expression profile of OVA-specific Th2 cells from cLNs of mice injected with or without OVA-specific IgE after nasal OVA challenge,Mus musculus,Expression profiling by high throughput sequencing; Other,2,28457,,"To elucidate the role of systemic antigen-specific IgE in the local activation of Th2 cells during allergic rhinitis (AR), we employed an adoptive transfer-based AR mouse model. Mice were adoptively sensitized with OVA-specific IgE (OVA-IgE) and/or in vitro-differentiated OVA-specific Th2 (OVA-Th2) "
hypergravity_rodent,GSE293307,Regulation of endothelial cell chromatin availability and transcription factor activity in arterial-venous specification - Murine Retinal EC scATACseq,Mus musculus,Genome binding/occupancy profiling by high throughput sequen,2,30172,,"Arterial-venous specification of endothelial cells during vascular development requires coordination between intracellular signaling, cell cycle state, and transcription factor activity. However, the intrinsic regulatory mechanisms that govern these processes are poorly understood. To investigate th"
hypergravity_rodent,GSE325147,Murine Dorsal Root Ganglion Single Cell Sequencing of Sham Intrafemoral Inoculation,Mus musculus,Expression profiling by high throughput sequencing,1,19057,,We have employed a single cell sequencing approach using 10x Genomics scRNAseq to study murine dorsal root ganglion (DRG) sensory neurons contribution to cancer-induced bone pain. DRG are the hub of sensory neurons and pain signaling. These findings establish a  non-tumor-bearing reference dataset.
hypergravity_rodent,GSE313280,Murine splenic CD45+ Erythroid cells display transcriptomic signatures of antigen-presenting cells,Mus musculus,Expression profiling by high throughput sequencing,1,34328,,We performed single-cell RNA sequencing using the BD Rhapsody platform to profile CD45+ cell from murine spleen.
spaceflight_rodent,GSE294046,MicroRNAs shape mouse age-independent tissue adaptation to spaceflight via ECM and developmental pathways,Mus musculus,Non-coding RNA profiling by high throughput sequencing,686,23479,41644562,"As human space exploration accelerates, understanding the organism-wide molecular effects of longer spaceflight in mammals becomes increasingly critical. Non-coding RNAs like miRNAs are key to regulating this landscape. We thus analyzed 686 small RNA samples of mice from 13 solid organs at 3 and 8 m"
spaceflight_rodent,GSE295428,Spaceflight induces systemic effects on extracellular matrix and immune system in different age-stages,Mus musculus,Expression profiling by high throughput sequencing,229,24247,41644562,"Spaceflights significantly impacts astronaut health, causing muscle atrophy, bone loss, cardiovascular deconditioning and immune system dysregulation, especially during long missions. To explore molecular changes, we generated a single-cell RNA sequencing dataset, of 216 samples from 28 mouse organs"
spaceflight_rodent,GSE222998,Gravitational and mechanical forces shape mitochondrial translation,Homo sapiens; Mus musculus; Caenorhabditis elegans,Expression profiling by high throughput sequencing; Other,84,25147;21273;20795;20301,,"Life on Earth has evolved in a form suitable for the gravitational force of 1 × g. Although the pivotal role of gravity in gene expression has been revealed by multiomics approaches in space-flown samples and astronauts, the molecular details of how mammalian cells harness gravity have remained uncl"
spaceflight_rodent,GSE12132,"Rat response to changes in developmental stage - 3 types of tissue, 3 gravity conditions, 2 developmental conditions",Rattus norvegicus,Expression profiling by array,72,1355,20852911;19816599;25649141,"Transcriptional crosstalk between mammary gland, liver and adipose tissue  Keywords: Gene Expression experiment"
spaceflight_rodent,GSE146254,"Comparative RNA-Seq transcriptome analyses reveal dynamic time dependent effects of 56Fe, 16O, and 28Si irradiation on the induction of murine hepatocellular ca",Mus musculus,Expression profiling by high throughput sequencing,60,18480,32611366,"One of the health risks posed to astronauts during deep space flights is exposure to high charge, high-energy (HZE) ions (Z>13) which can lead to induction of hepatocellular carcinoma (HCC). We performed comparative RNA-Seq transcriptomic analysis to assess the carcinogenic effects of 600 MeV/n 56Fe"
spaceflight_rodent,GSE239336,Spaceflight-induced gene expression profiles in the mouse brain are attenuated by treatment with the antioxidant BuOE,Mus musculus,Expression profiling by high throughput sequencing,48,24247,37686374,"The demands of deep-space pose a health risk to the central nervous system that has long been a concern when sending humans to space. While little is known about how spaceflight affects transcription spatially in the brain, understanding this has the potential to aid strategies that mitigate the eff"
spaceflight_rodent,GSE162309,RNA-seq analysis of mice hypothalamus tissues.,Mus musculus,Expression profiling by high throughput sequencing,48,24247,,"Analysis of mice hypothalamus genes differentially expressed in in weightlessness, noise and low air pressure condition."
spaceflight_rodent,GSE165565,Cerium oxide nanoparticle administration to skeletal muscle cells under different gravity and radiation conditions,Mus musculus,Expression profiling by high throughput sequencing; Non-codi,36,17021,34410709,"For their remarkable biomimetic properties implying strong modulation of the intracellular and extracellular redox state, cerium oxide nanoparticles (also termed “nanoceria”) were hypothesized to exert a protective role against oxidative stress associated to the harsh environmental conditions of spa"
spaceflight_rodent,GSE159771,Illumina NGS RNA-seq and RRBS Sequencing on Spaceflight Mouse Retina,Mus musculus,Expression profiling by high throughput sequencing; Methylat,32,21626,34179686,We reported the retinal transcriptome and methylome profiles of spaceflight and habitat control mice. The retinal transcrtiome was generated including 764 million paired-end 75x2 bp RNA-seq data. The methylome was generated including 788  million 75-bp RRBS DNA methylation data. We identified 177 di
spaceflight_rodent,GSE240654,Nrf2 alleviates spaceflight-induced immunosuppression and thrombotic microangiopathy,Mus musculus,Expression profiling by high throughput sequencing,24,28457,37626149,"Spaceflight-related stresses impact health via various body systems, including the hematopoietic and immune systems, with effects ranging from moderate alterations of homeostasis to serious illness. Oxidative stress appears to be involved in these changes, and the transcription factor Nrf2, which re"
spaceflight_rodent,GSE94381,Global gene expression analysis highlights microgravity sensitive key genes in longissimus dorsi and tongue of 30 days space-flown mice,Mus musculus,Expression profiling by array,23,8321,28529490,Microgravity as well as chronic muscle disuse are two causes of low back pain originated at least in part from paraspinal muscle deconditioning. At present no study investigated the complexity of the molecular changes in human or mouse paraspinal muscles exposed to microgravity. The aim of this stud
spaceflight_rodent,GSE10533,Effects of spaceflight on murine skeletal muscle gene expression,Mus musculus,Expression profiling by array,23,339,19074574,"Spaceflight results in a number of adaptations to skeletal muscle, including atrophy and shifts towards faster muscle fiber types. To identify changes in gene expression that may underlie these adaptations, microarray expression analysis was performed on gastrocnemius from mice flown on the STS-108 "
spaceflight_rodent,GSE298607,Long non-coding RNAs Kcnq1ot1 and Lncpint are involved in skeletal muscle atrophy induced by the space exposome,Mus musculus,Expression profiling by high throughput sequencing,20,34290,40581981,"Long non-coding RNAs (lncRNAs) play an important role in the regulation of skeletal muscle transcriptional processes, but their involvement in spaceflight- or inactivity-induced muscle atrophy remains poorly understood. To address this gap, we simulated the space environment by combining microgravit"
spaceflight_rodent,GSE300617,Simulated microgravity models sex differences in knee osteoarthritis through a CD36-regulated mechano-metabolic circuit,Mus musculus,Expression profiling by high throughput sequencing,18,30172,41832555,"Leveraging the unique conditions of space microgravity, our research offers groundbreaking insights into osteoarthritis (OA), a degenerative joint disease impacting over three million Canadians and predominantly affecting load-bearing joints such as the knee. With knee OA (KOA) known for its higher "
spaceflight_rodent,GSE280404,Expression data from adult liver of offspring derived from cultured spermatogonia (GS cells) cryopreserved for a 6 months on the International Space Station (IS,Mus musculus,Expression profiling by high throughput sequencing,18,30172,40816273,"Spermatogonial stem cells (SSCs) undergo self-renewal division to maintain spermatogenesis. In this study, we used SSCs for long-term cryopreservation in space flight. We derived germline stem cell (GS) cultures from DBA/2 mouse testes (Kanatsu-Shinohara et al., 2003, Biol. Reprod. 69, 216-616). GS "
spaceflight_rodent,GSE80223,Global gene expression analysis highlights microgravity sensitive key genes in soleus and EDL of 30 days space flown mice,Mus musculus,Expression profiling by array,18,8321,28076365;35008503,"Microgravity exposure as well as chronic muscle disuse are two of the main causes of physiological adaptive skeletal muscle atrophy in humans and murine animals in physiological condition. The aim of this study was to investigate, at both morphological and global gene expression level, skeletal musc"
spaceflight_rodent,GSE213808,Space flight mouse plasma cell-free RNA seuqnencing in Mouse Habitat Unit-1 (MHU-1),Mus musculus,Expression profiling by high throughput sequencing,17,19057,38862469,"Purpose: Sequencing analysis of plasma cell-free RNA was performed to study the effects of space flight and microgravity environment in mice. Methods: Plasma samples were collected during the JAXA MHU-1 mission as reported previously (Shiba et al., 2017, Scientific Reports). Total RNA was purified f"
spaceflight_rodent,GSE131954,"Spaceflight causes changes in gene expression, photoreceptor integrity, and oxidative stress-related damage in the murine retina",Mus musculus,Expression profiling by high throughput sequencing,16,21103,31527661,"Purpose:The purpose of this study was to determine whether the spaceflight environment induces oxidative damage on ocular structure and how gene expression profiles change during spaceflight.  Methods: RNA sequencing, immunofluorescence, and microCT assays were performed on two groups of mice to ass"
spaceflight_rodent,GSE78980,The Role of PTHrP in Osteoblast Response to Microgravity: Implications for Osteoporosis Development.,Mus musculus,Expression profiling by array,16,6885,27463808,"Prolonged skeletal unloading through bedrest results in bone loss similar to that observed in elderly osteoporotic patients, but with an accelerated timeframe.  This rapid effect on weight-bearing bones is also observed in astronauts who lose up to 2% of their bone mass per month spent in Space. Des"
spaceflight_rodent,GSE161618,Molecular etiology behind spaceflight-induced impediment of male mouse bone fracture repair,Mus musculus,Expression profiling by array,15,13912,34194674,Spaceflight triggers molecular signal of apoptosis and inhibits cell migration to impede bone fracture repair in male mice Activated apoptosis and inhibited cell migration. Adverse impacts of spaceflight on musculoskeletal health increases the risk of bone fracture and impaired healing. Its yet elus
spaceflight_rodent,GSE286071,Expression data from mandible under 1G and 1/6G,Mus musculus,Expression profiling by array,12,23038,41040543,"Bone formation, but not resorption, was promoted under lunar gravity, which was suggested to be related to mastication. Appropriate oral and dental management is necessary in lunar life."
spaceflight_rodent,GSE186278,Gene expression profiling for spaceflight induced-neuroinflammation in the mouse brain,Mus musculus,Expression profiling by array,12,28383,35948598,"The health risk from spaceflight-induced neuronal damage and potential adverse neurovascular effects is a chief concern. More recently, it has been proposed that neuroinflammatory response plays an important role in the neurovascular remodeling in the brain after stress. The goal of the present stud"
spaceflight_rodent,GSE178822,Alternative splicing regulates the physiological adaptation of the mouse hind limb postural and phasic muscles to microgravity,Mus musculus,Expression profiling by high throughput sequencing,12,21493,35642060,We sought to comprehensively elucidate the transcriptomic underpinnings of microgravity-induced muscle phenotypes in mice by evaluating both differential gene expression (DGE) and changes in alternative splicing (AS) due to extended spaceflight. Total RNA was isolated from the gastrocnemius and quad
spaceflight_rodent,GSE156321,Targeting myostatin/activin A protects against skeletal muscle and bone loss during spaceflight,Mus musculus,Protein profiling by protein array,10,29027,32900939,"Among the physiological consequences of extended space flight are loss of skeletal muscle and bone mass. One signaling pathway that plays an important role in maintaining muscle and bone  homeostasis is that regulated by the secreted signaling proteins, myostatin and activin A. Here, we used both ph"
spaceflight_rodent,GSE235042,Inhibition of endoplasmic reticulum stress prevents renal pathology in hindlimb unloaded mice,Mus musculus,Expression profiling by high throughput sequencing,9,21103,41946794,"The hindlimb unloaded (HU) mouse, an animal model of prolonged bedrest and spaceflight, exhibits detriment of several body organs. However, relevant effects on renal tissues are unknown. We investigated the effects of protein dysregulation by endoplasmic reticulum (ER), termed ER stress to renal his"
spaceflight_rodent,GSE240751,Impact of spaceflight and artificial gravity on sulfur metabolism in mouse liver: sulfur metabolomic and transcriptomic analysis,Mus musculus,Expression profiling by high throughput sequencing,9,24247,34750416,"Spaceflight induces hepatic damage, partially owing to oxidative stress caused by the space environment such as microgravity and space radiation. We examined the roles of anti-oxidative sulfur-containing compounds on hepatic damage after spaceflight. We analyzed the livers of mice on board the Inter"
spaceflight_rodent,GSE134090,Gene expression profiles of mESCs,Mus musculus,Expression profiling by high throughput sequencing,8,21493,31552089,"The 24th recoverable satellite of China was designed specifically for experiments on microgravity physics and space life science that are collectively referred to as the SJ-10 programme. We participated in the SJ-10 programme using Rad9-/- mESCs and corresponding wild-type mESCs as study models, com"
spaceflight_rodent,GSE17696,Genechip analysis of bone marrow osteoprogenitors exposed to microgravity,Mus musculus,Expression profiling by array,8,6246,20658479,"In March 2006, murine Bone Marrow Stromal Cells (BMSC) were flown in the Soyuz 12S to the International Space Station to investigate the effects of microgravity on their osteogenic potential in a three-dimensional environment. BMSC were grown in porous bioceramic Skelite disks (Φ 9 mm x T 1.2 mm). T"
spaceflight_rodent,GSE18388,Microarray Analysis of Space-flown Murine Thymus Tissue,Mus musculus,Expression profiling by array,8,6246,20213684,Microarray Analysis of Space-flown Murine Thymus Tissue Reveals Changes in Gene Expression Regulating Stress and Glucocorticoid Receptors. We used microarrays to detail the gene expression of space-flown thymic tissue and identified distinct classes of up-regulated genes during this process. We repo
spaceflight_rodent,GSE12312,Effect of microgravity on brain gene expression in mice,Mus musculus,Expression profiling by array,8,1698,18704384,Changes in gravitational force such as that experienced by astronauts during space flight induce a redistribution of fluids from the caudad to the cephalad portion of the body together with an elimination of normal head-to-foot hydrostatic pressure gradients. To assess brain gene profile changes ass
spaceflight_rodent,GSE153681,Serum metabolomics associating with circulating microRNA profiles reveal the role of miR-383-5p in rat hippocampus under simulated microgravity,Rattus norvegicus,Non-coding RNA profiling by array,7,28804,33013433,Microgravity impacts various aspects of human health. Yet the mechanisms of spaceflight-induced health problems are not elucidated. Here we mapped the fusion systemic analysis of the serum metabolome and the circulating microRNAome in a hindlimb unloading rat model to simulate microgravity. The resp
spaceflight_rodent,GSE315775,CB001 bioactive compounds improve intestinal immune disorders caused by simulated microgravity and radiation through anti-inflammatory,Mus musculus,Expression profiling by high throughput sequencing,6,24247,42224656,"Gastrointestinal discomfort is one of the most common issues during spaceflight, and there is currently a lack of targeted drug treatment strategies. Current research in this area focuses on single-factor modeling, lacking a comprehensive understanding. In the present study, we constructed space fli"
spaceflight_rodent,GSE280403,Expression data from cultured mouse spermatogonia cryopreserved on the International Space Station (ISS) or on Earth,Mus musculus,Expression profiling by high throughput sequencing,6,30172,40816273,"Spermatogonial stem cells (SSCs) undergo self-renewal division to maintain spermatogenesis. In this study, we used SSCs for long-term cryopreservation in space flight. We derived germline stem cell (GS) cultures from DBA/2 mouse testes by supplementing GDNF and FGF2 (Kanatsu-Shinohara et al., 2003, "
spaceflight_rodent,GSE279277,Germline transmission of cryopreserved mouse spermatogonial stem cells maintained on the International Space Station,Mus musculus,Methylation profiling by high throughput sequencing,6,34290,40816273,"Spermatogonial stem cells (SSCs) undergo self-renewal division to maintain spermatogenesis. In this study, we used SSCs for long-term cryopreservation in space flight. We derived germline stem cell (GS) cultures from DBA/2 mouse testes by supplementing GDNF and FGF2 (Kanatsu-Shinohara et al., 2003, "
spaceflight_rodent,GSE228604,Melatonin ameliorates simulated-microgravity-induced mitochondrial dysfunction and lipid metabolism dysregulation in hepatocytes,Mus musculus,Expression profiling by high throughput sequencing,6,24247,,"The liver is an essential multifunctional organ, which constantly communicates with nearly all tissues. It has raised the concern that microgravity exposure can lead to liver dysfunction and metabolic syndromes. However, systematic studies, molecular mechanisms, and intervention measures of the adve"
spaceflight_rodent,GSE223803,Transcriptomic Effects on the Mouse Heart Following 30 Days on the International Space Station,Mus musculus,Expression profiling by high throughput sequencing,6,24247,36830740;40065216,"Efforts to understand the impact of spaceflight on the human body stem from the growing interest in long-term space travel. Multiple organ systems are affected by micro-gravity and radiation, including the cardiovascular system. Previous transcriptomic studies have sought to reveal the changes in ge"
spaceflight_rodent,GSE184911,Global changes of enhancer and chromatin accessibility due to microgravity in C2C12 myotubes,Mus musculus,Genome binding/occupancy profiling by high throughput sequen,6,18480,35082348,This SuperSeries is composed of the SubSeries listed below.
spaceflight_rodent,GSE125274,Balancing apelin and angiotensin-II signaling to reduce heart injury during weightlessness,Mus musculus,Expression profiling by array,6,10787,,"In order to further develop gene expression methods for simulated weightlessness, genome-wide microarray expression profiles were used as a discovery platform to identify genes differentially expressed in mice after simulated weightlessness. After 28 days of tail suspension simulated weightlessness "
spaceflight_rodent,GSE118001,Differential expression profiles of long non-coding RNAs during the mouse pronucleus stage under normal gravity and simulated microgravity,Mus musculus,Non-coding RNA profiling by high throughput sequencing,6,17021,30483791,"We report the application of single-molecule-based sequencing technology for high-throughput profiling of lncRNA in mouse cells. By obtaining over 47 million bases of sequence, we identified 3,307 lncRNAs based on single-cell RNA sequencing (RNA-Seq) data, discovered 52 lncRNAs that were significant"
spaceflight_rodent,GSE52057,Soleus response to simulated microgravity,Rattus norvegicus; synthetic construct,Non-coding RNA profiling by array; Expression profiling by a,6,8786;1355,,This SuperSeries is composed of the SubSeries listed below.
spaceflight_rodent,GSE4658,static vs simulated microgravity,Mus musculus,Expression profiling by array,6,1261,17243119,"The below table includes a smaller list of data that was analyzed by dChip and filtered by pvalue such that a file with about 4600 genes was obtained, which allowed for ease of use from 40,000 genes. Keywords: static vs simulated microgravity"
spaceflight_rodent,GSE1367,Simulated Microgravity Inhibits Differentiation and Alters Gene Expression Profiles of 2T3 Pre-osteoblasts,Mus musculus,Expression profiling by array,6,1219,15689415;17243119,"Exposure to microgravity causes bone loss in humans, and the underlying mechanism is believed to be at least partially due to a decrease in bone formation by osteoblasts.  Here, we examined the hypothesis that microgravity changes osteoblast gene expression profiles, resulting in bone loss.  For thi"
spaceflight_rodent,GSE263705,Mechanical unloading triggers glutamine influx and catabolism to suppress osteoclast apoptosis,Mus musculus,Expression profiling by high throughput sequencing,4,24247,40820799,External mechanical stimuli are pivotal for the maintenance of bone homeostasis via enhancing bone formation and inhibiting bone resorption. Lack of mechanical loading during prolonged bed rest or exposure to long-term microgravity environment in space leads to a rapid decline in bone mass and bone 
spaceflight_rodent,GSE184907,Analysis of accessible chromatin regions in response to microgravity in C2C12 mouse myotubes,Mus musculus,Genome binding/occupancy profiling by high throughput sequen,4,18480,35082348,We analyzed the accessible chromatin regions globally in response to microgravity in C2C12 mouse myotubes.
spaceflight_rodent,GSE95544,Evaluation of in vitro macrophage differentiation during space flight,Mus musculus,Expression profiling by array,4,1261,23420085;24432200,"We differentiated mouse bone marrow cells in the presence of recombinant macrophage colony stimulating (rM-CSF) factor for 14 days during the flight of space shuttle Space Transportation System (STS)-126. We tested the hypothesis that the receptor expression for M-CSF, c-Fms was reduced. We used flo"
spaceflight_rodent,GSE268421,Immunization Induces Inflammation in the Mouse Heart during Spaceflight,Mus musculus,Expression profiling by high throughput sequencing,3,24247,40065216,"Space travel is a growing area of interest and includes initiatives such as NASA's Moon-to-Mars Mission. Studies conducted on the cardiovascular effects of space travel reveal changes in morphology, metabolism, and function. In this study, the cardiovascular response to immunization in space was stu"
spaceflight_rodent,GSE93838,Expression profiling of soleus muscle under the effect of simulated spaceflight,Rattus norvegicus,Expression profiling by array,3,6247,,"Spaceflight imposes the risk of skeletal muscle atrophy for astronauts. The understanding of muscle atrophy because of spaceflight is limited, but continued efforts are essential for developing countermeasures of this effect. A distinct difference between spaceflight-induced muscle atrophy and other"
spaceflight_rodent,GSE52056,Gene expression of soleus response to simulated microgravity,Rattus norvegicus,Expression profiling by array,3,1355,,Identification of gravisensitive gene expression in rat soleus muscle exposed to 7 and 14 days of Hindlimb suspension (HS) simulated microgravity. Microgravity causes muscle atrophy possibly due to muscle wasting overtake regeneration. Results provide insight into the molecular mechanisms regulating
spaceflight_rodent,GSE52055,miRNAs expression of soleus response to simulated microgravity,Rattus norvegicus; synthetic construct,Non-coding RNA profiling by array,3,8786,,Identification of gravisensitive miRNAs expression in rat soleus muscle exposed to 7 and 14 days of Hindlimb suspension (HS) simulated microgravity. Microgravity causes muscle atrophy possibly due to muscle wasting overtake regeneration. Results provide insight into the molecular mechanisms regulati
spaceflight_rodent,GSE32077,Gene responses in mouse brain to long-term exposure to microgravity,Mus musculus,Expression profiling by array,3,14572,22808101,The spaceflight experiment was carried out using male C57BL/10J mice (8 weeks old at launch).  Wild type mice (n=3) were launched by Space Shuttle Discovery and housed on the International Space Station (ISS) for 91 days.  They returned to the Earth by Space Shuttle Atlantis.  But only one mouse ret
spaceflight_rodent,GSE316111,CB001 bioactive compounds improve intestinal immune disorders caused by simulated microgravity and radiation through anti-inflammatory [scRNA-seq],Mus musculus,Expression profiling by high throughput sequencing,2,24247,42224656,"Gastrointestinal discomfort is one of the most common issues during spaceflight, and there is currently a lack of targeted drug treatment strategies. Current research in this area focuses on single-factor modeling, lacking a comprehensive understanding. In the present study, we constructed space fli"
spaceflight_rodent,GSE295790,Piezo1 mediates the growth of myoblasts in a microgravity environment,Mus musculus,Other,2,21273,,"Skeleton muscle atrophy during prolonged spaceflight poses a significant health challenge for manned space missions, with its underlying molecular mechanisms remaining incompletely understood, particularly regarding how microgravity affects skeletal muscle through mechanotransduction pathways. This "
spaceflight_rodent,GSE316312,Bulk RNA-seq analysis of mouse bone under microgravity (0G) and normal gravity (1G),Mus musculus,Expression profiling by high throughput sequencing,2,24247,41571870,"This study presents bulk RNA-seq data generated from mouse bone samples to investigate transcriptomic changes induced by microgravity. Total RNA was extracted from bone tissues, and RNA-seq libraries were prepared using a poly(A)-selection protocol and sequenced on an Illumina platform. The resultin"
spaceflight_rodent,GSE184910,Analysis of enhancer activity in response to microgravity in C2C12 mouse myotubes,Mus musculus,Genome binding/occupancy profiling by high throughput sequen,2,18480,35732123,We analyzed the change of H3K27Ac globally in response to microgravity in C2C12 mouse myotubes.
spaceflight_rodent,GSE173637,Periostin induces early articular cartilage degeneration in developmental dysplasia of the hip,Rattus norvegicus,Expression profiling by high throughput sequencing,2,19052,35842459,"Developmental dysplasia of the hip (DDH) is one of the significant risk factors for hip osteoarthritis. In order to investigate the factors that induce early articular cartilage degeneration of the hip joints that are exposed to reduced dynamic loads arising from hip dislocation , we created rodent "
spaceflight_rodent,GSE21093,Microarray Profile of Gene Expression during Osteoclast Differentiation in Modeled Microgravity,Mus musculus,Expression profiling by array,2,7202,20717918,"Microgravity leads to a 10-15% loss of bone mass in astronauts during space flight. Osteoclast is the multinucleated bone resorbing cell. In this study, we used NASA developed ground based Rotary Wall Vessel Bioreactor (RWV), Rotary Cell Culture System (RCCS) to simulate microgravity (μXg) condition"
