module,file,ext,date,hour
1,Module01Chamber1-2018-04-06-12-16-41.mp4,mp4,2018-04-06,12.266666666666667
1,Module01Chamber1-2018-04-06-16-18-04.mp4,mp4,2018-04-06,16.3
1,Module01Chamber1-2018-04-07-15-39-24.mp4,mp4,2018-04-07,15.65
1,Module01Chamber1-2018-04-08-18-15-26.mp4,mp4,2018-04-08,18.25
1,Module01Chamber1-2018-04-09-15-50-49.mp4,mp4,2018-04-09,15.833333333333334
1,Module01Chamber1-2018-04-10-15-50-23.mp4,mp4,2018-04-10,15.833333333333334
1,Module01Chamber1-2018-04-10-17-17-09.mp4,mp4,2018-04-10,17.283333333333335
1,Module01Chamber1-2018-04-11-15-09-02.mp4,mp4,2018-04-11,15.15
1,Module01Chamber1-2018-04-12-14-10-19.mp4,mp4,2018-04-12,14.166666666666666
1,Module01Chamber1-2018-04-12-19-44-22.mp4,mp4,2018-04-12,19.733333333333334
1,Module01Chamber1-2018-04-14-15-30-11.mp4,mp4,2018-04-14,15.5
1,Module01Chamber1-2018-04-14-21-17-31.mp4,mp4,2018-04-14,21.283333333333335
1,Module01Chamber1-2018-04-15-20-24-59.mp4,mp4,2018-04-15,20.4
1,Module01Chamber1-2018-04-15-21-57-19.mp4,mp4,2018-04-15,21.95
1,Module01Chamber1-2018-04-16-15-21-34.mp4,mp4,2018-04-16,15.35
1,Module01Chamber1-2018-04-16-19-43-27.mp4,mp4,2018-04-16,19.716666666666665
1,Module01Chamber1-2018-04-18-14-22-20.mp4,mp4,2018-04-18,14.366666666666667
1,Module01Chamber1-2018-04-18-20-13-21.mp4,mp4,2018-04-18,20.216666666666665
1,Module01Chamber1-2018-04-19-15-49-48.mp4,mp4,2018-04-19,15.816666666666666
1,Module01Chamber1-2018-04-20-15-49-54.mp4,mp4,2018-04-20,15.816666666666666
1,Module01Chamber1-2018-04-21-17-18-06.mp4,mp4,2018-04-21,17.3
1,Module01Chamber1-2018-04-22-16-24-54.mp4,mp4,2018-04-22,16.4
1,Module01Chamber1-2018-04-23-15-05-54.mp4,mp4,2018-04-23,15.083333333333334
1,Module01Chamber1-2018-04-24-02-45-18.mp4,mp4,2018-04-24,2.75
1,Module01Chamber1-2018-04-24-21-36-06.mp4,mp4,2018-04-24,21.6
1,Module01Chamber1-2018-04-25-02-57-59.mp4,mp4,2018-04-25,2.95
1,Module01Chamber1-2018-04-25-17-57-12.mp4,mp4,2018-04-25,17.95
1,Module01Chamber1-2018-04-26-16-42-58.mp4,mp4,2018-04-26,16.7
1,Module01Chamber1-2018-04-27-15-02-11.mp4,mp4,2018-04-27,15.033333333333333
1,Module01Chamber1-2018-04-28-15-06-18.mp4,mp4,2018-04-28,15.1
1,Module01Chamber1-2018-04-28-19-20-20.mp4,mp4,2018-04-28,19.333333333333332
1,Module01Chamber1-2018-04-29-02-33-01.mp4,mp4,2018-04-29,2.55
1,Module01Chamber1-2018-05-02-09-56-51.mp4,mp4,2018-05-02,9.933333333333334
1,Module01Chamber1-2018-05-03-13-20-45.mp4,mp4,2018-05-03,13.333333333333334
1,Module01Chamber1_2018_04_06_11_14_07.jpg,jpg,2018-04-06,11.233333333333333
1,._Module01Chamber1_2018_04_06_11_14_07.jpg,jpg,2018-04-06,11.233333333333333
1,._Module01Chamber1_2018_04_06_11_14_07.jpg,jpg,2018-04-06,11.233333333333333
1,Module01Chamber1_2018_04_06_12_16_41.jpg,jpg,2018-04-06,12.266666666666667
1,Module01Chamber1_2018_04_06_13_31_19.jpg,jpg,2018-04-06,13.516666666666667
1,Module01Chamber1_2018_04_06_15_16_29.jpg,jpg,2018-04-06,15.266666666666667
1,Module01Chamber1_2018_04_06_16_18_04.jpg,jpg,2018-04-06,16.3
1,Module01Chamber1_2018_04_06_17_39_36.jpg,jpg,2018-04-06,17.65
1,Module01Chamber1_2018_04_06_19_09_11.jpg,jpg,2018-04-06,19.15
1,Module01Chamber1_2018_04_06_20_35_29.jpg,jpg,2018-04-06,20.583333333333332
1,Module01Chamber1_2018_04_06_22_04_52.jpg,jpg,2018-04-06,22.066666666666666
1,Module01Chamber1_2018_04_06_23_14_38.jpg,jpg,2018-04-06,23.233333333333334
1,Module01Chamber1_2018_04_07_11_21_47.jpg,jpg,2018-04-07,11.35
1,Module01Chamber1_2018_04_07_12_48_10.jpg,jpg,2018-04-07,12.8
1,Module01Chamber1_2018_04_07_14_16_59.jpg,jpg,2018-04-07,14.266666666666667
1,Module01Chamber1_2018_04_07_15_39_24.jpg,jpg,2018-04-07,15.65
1,Module01Chamber1_2018_04_07_18_51_41.jpg,jpg,2018-04-07,18.85
1,Module01Chamber1_2018_04_07_19_51_17.jpg,jpg,2018-04-07,19.85
1,Module01Chamber1_2018_04_07_20_59_59.jpg,jpg,2018-04-07,20.983333333333334
1,Module01Chamber1_2018_04_07_22_22_46.jpg,jpg,2018-04-07,22.366666666666667
1,Module01Chamber1_2018_04_07_23_45_05.jpg,jpg,2018-04-07,23.75
1,Module01Chamber1_2018_04_08_12_54_19.jpg,jpg,2018-04-08,12.9
1,Module01Chamber1_2018_04_08_14_23_52.jpg,jpg,2018-04-08,14.383333333333333
1,Module01Chamber1_2018_04_08_16_00_24.jpg,jpg,2018-04-08,16.0
1,Module01Chamber1_2018_04_08_16_59_14.jpg,jpg,2018-04-08,16.983333333333334
1,Module01Chamber1_2018_04_08_18_15_26.jpg,jpg,2018-04-08,18.25
1,Module01Chamber1_2018_04_08_19_35_48.jpg,jpg,2018-04-08,19.583333333333332
1,Module01Chamber1_2018_04_08_21_05_27.jpg,jpg,2018-04-08,21.083333333333332
1,Module01Chamber1_2018_04_08_22_30_02.jpg,jpg,2018-04-08,22.5
1,Module01Chamber1_2018_04_08_23_56_11.jpg,jpg,2018-04-08,23.933333333333334
1,Module01Chamber1_2018_04_09_13_00_32.jpg,jpg,2018-04-09,13.0
1,Module01Chamber1_2018_04_09_14_22_40.jpg,jpg,2018-04-09,14.366666666666667
1,Module01Chamber1_2018_04_09_15_50_49.jpg,jpg,2018-04-09,15.833333333333334
1,Module01Chamber1_2018_04_09_17_18_03.jpg,jpg,2018-04-09,17.3
1,Module01Chamber1_2018_04_09_18_37_54.jpg,jpg,2018-04-09,18.616666666666667
1,Module01Chamber1_2018_04_09_20_07_00.jpg,jpg,2018-04-09,20.116666666666667
1,Module01Chamber1_2018_04_09_21_25_08.jpg,jpg,2018-04-09,21.416666666666668
1,Module01Chamber1_2018_04_09_22_47_57.jpg,jpg,2018-04-09,22.783333333333335
1,Module01Chamber1_2018_04_10_00_16_50.jpg,jpg,2018-04-10,0.26666666666666666
1,Module01Chamber1_2018_04_10_12_56_37.jpg,jpg,2018-04-10,12.933333333333334
1,Module01Chamber1_2018_04_10_14_25_57.jpg,jpg,2018-04-10,14.416666666666666
1,Module01Chamber1_2018_04_10_15_50_23.jpg,jpg,2018-04-10,15.833333333333334
1,Module01Chamber1_2018_04_10_17_17_09.jpg,jpg,2018-04-10,17.283333333333335
1,Module01Chamber1_2018_04_10_18_39_54.jpg,jpg,2018-04-10,18.65
1,Module01Chamber1_2018_04_10_20_06_37.jpg,jpg,2018-04-10,20.1
1,Module01Chamber1_2018_04_10_21_31_28.jpg,jpg,2018-04-10,21.516666666666666
1,Module01Chamber1_2018_04_10_22_57_41.jpg,jpg,2018-04-10,22.95
1,Module01Chamber1_2018_04_11_00_23_25.jpg,jpg,2018-04-11,0.38333333333333336
1,Module01Chamber1_2018_04_11_14_08_31.jpg,jpg,2018-04-11,14.133333333333333
1,Module01Chamber1_2018_04_11_15_09_02.jpg,jpg,2018-04-11,15.15
1,Module01Chamber1_2018_04_11_16_10_18.jpg,jpg,2018-04-11,16.166666666666668
1,Module01Chamber1_2018_04_11_17_14_17.jpg,jpg,2018-04-11,17.233333333333334
1,Module01Chamber1_2018_04_11_18_29_26.jpg,jpg,2018-04-11,18.483333333333334
1,Module01Chamber1_2018_04_11_19_55_05.jpg,jpg,2018-04-11,19.916666666666668
1,Module01Chamber1_2018_04_11_21_17_14.jpg,jpg,2018-04-11,21.283333333333335
1,Module01Chamber1_2018_04_11_22_44_01.jpg,jpg,2018-04-11,22.733333333333334
1,Module01Chamber1_2018_04_12_00_10_10.jpg,jpg,2018-04-12,0.16666666666666666
1,Module01Chamber1_2018_04_12_01_33_57.jpg,jpg,2018-04-12,1.55
1,Module01Chamber1_2018_04_12_14_10_19.jpg,jpg,2018-04-12,14.166666666666666
1,Module01Chamber1_2018_04_12_15_30_19.jpg,jpg,2018-04-12,15.5
1,Module01Chamber1_2018_04_12_16_55_41.jpg,jpg,2018-04-12,16.916666666666668
1,Module01Chamber1_2018_04_12_18_20_43.jpg,jpg,2018-04-12,18.333333333333332
1,Module01Chamber1_2018_04_12_19_44_22.jpg,jpg,2018-04-12,19.733333333333334
1,Module01Chamber1_2018_04_12_21_10_04.jpg,jpg,2018-04-12,21.166666666666668
1,Module01Chamber1_2018_04_12_22_33_16.jpg,jpg,2018-04-12,22.55
1,Module01Chamber1_2018_04_12_23_58_55.jpg,jpg,2018-04-12,23.966666666666665
1,Module01Chamber1_2018_04_13_01_23_29.jpg,jpg,2018-04-13,1.3833333333333333
1,Module01Chamber1_2018_04_13_14_10_19.jpg,jpg,2018-04-13,14.166666666666666
1,Module01Chamber1_2018_04_13_15_33_09.jpg,jpg,2018-04-13,15.55
1,Module01Chamber1_2018_04_13_16_58_52.jpg,jpg,2018-04-13,16.966666666666665
1,Module01Chamber1_2018_04_13_18_23_13.jpg,jpg,2018-04-13,18.383333333333333
1,Module01Chamber1_2018_04_13_19_47_37.jpg,jpg,2018-04-13,19.783333333333335
1,Module01Chamber1_2018_04_13_21_13_19.jpg,jpg,2018-04-13,21.216666666666665
1,Module01Chamber1_2018_04_13_22_36_20.jpg,jpg,2018-04-13,22.6
1,Module01Chamber1_2018_04_14_00_02_10.jpg,jpg,2018-04-14,0.03333333333333333
1,Module01Chamber1_2018_04_14_01_22_47.jpg,jpg,2018-04-14,1.3666666666666667
1,Module01Chamber1_2018_04_14_14_10_19.jpg,jpg,2018-04-14,14.166666666666666
1,Module01Chamber1_2018_04_14_15_30_11.jpg,jpg,2018-04-14,15.5
1,Module01Chamber1_2018_04_14_16_56_18.jpg,jpg,2018-04-14,16.933333333333334
1,Module01Chamber1_2018_04_14_18_22_46.jpg,jpg,2018-04-14,18.366666666666667
1,Module01Chamber1_2018_04_14_19_49_08.jpg,jpg,2018-04-14,19.816666666666666
1,Module01Chamber1_2018_04_14_21_17_31.jpg,jpg,2018-04-14,21.283333333333335
1,Module01Chamber1_2018_04_14_22_44_43.jpg,jpg,2018-04-14,22.733333333333334
1,Module01Chamber1_2018_04_15_00_16_01.jpg,jpg,2018-04-15,0.26666666666666666
1,Module01Chamber1_2018_04_15_01_45_46.jpg,jpg,2018-04-15,1.75
1,Module01Chamber1_2018_04_15_14_06_16.jpg,jpg,2018-04-15,14.1
1,Module01Chamber1_2018_04_15_15_41_47.jpg,jpg,2018-04-15,15.683333333333334
1,Module01Chamber1_2018_04_15_17_11_40.jpg,jpg,2018-04-15,17.183333333333334
1,Module01Chamber1_2018_04_15_18_48_56.jpg,jpg,2018-04-15,18.8
1,Module01Chamber1_2018_04_15_20_24_59.jpg,jpg,2018-04-15,20.4
1,Module01Chamber1_2018_04_15_21_57_19.jpg,jpg,2018-04-15,21.95
1,Module01Chamber1_2018_04_15_23_34_46.jpg,jpg,2018-04-15,23.566666666666666
1,Module01Chamber1_2018_04_16_01_16_51.jpg,jpg,2018-04-16,1.2666666666666666
1,Module01Chamber1_2018_04_16_14_09_16.jpg,jpg,2018-04-16,14.15
1,Module01Chamber1_2018_04_16_15_21_34.jpg,jpg,2018-04-16,15.35
1,Module01Chamber1_2018_04_16_16_26_25.jpg,jpg,2018-04-16,16.433333333333334
1,Module01Chamber1_2018_04_16_18_02_02.jpg,jpg,2018-04-16,18.033333333333335
1,Module01Chamber1_2018_04_16_19_43_27.jpg,jpg,2018-04-16,19.716666666666665
1,Module01Chamber1_2018_04_16_21_24_39.jpg,jpg,2018-04-16,21.4
1,Module01Chamber1_2018_04_16_23_00_12.jpg,jpg,2018-04-16,23.0
1,Module01Chamber1_2018_04_17_00_43_33.jpg,jpg,2018-04-17,0.7166666666666667
1,Module01Chamber1_2018_04_17_14_22_36.jpg,jpg,2018-04-17,14.366666666666667
1,Module01Chamber1_2018_04_17_15_58_33.jpg,jpg,2018-04-17,15.966666666666667
1,Module01Chamber1_2018_04_17_17_34_48.jpg,jpg,2018-04-17,17.566666666666666
1,Module01Chamber1_2018_04_17_19_10_27.jpg,jpg,2018-04-17,19.166666666666668
1,Module01Chamber1_2018_04_17_20_48_49.jpg,jpg,2018-04-17,20.8
1,Module01Chamber1_2018_04_17_22_29_44.jpg,jpg,2018-04-17,22.483333333333334
1,Module01Chamber1_2018_04_18_00_13_09.jpg,jpg,2018-04-18,0.21666666666666667
1,Module01Chamber1_2018_04_18_01_55_44.jpg,jpg,2018-04-18,1.9166666666666665
1,Module01Chamber1_2018_04_18_14_22_20.jpg,jpg,2018-04-18,14.366666666666667
1,Module01Chamber1_2018_04_18_15_45_59.jpg,jpg,2018-04-18,15.75
1,Module01Chamber1_2018_04_18_17_16_04.jpg,jpg,2018-04-18,17.266666666666666
1,Module01Chamber1_2018_04_18_18_43_04.jpg,jpg,2018-04-18,18.716666666666665
1,Module01Chamber1_2018_04_18_20_13_21.jpg,jpg,2018-04-18,20.216666666666665
1,Module01Chamber1_2018_04_18_21_44_39.jpg,jpg,2018-04-18,21.733333333333334
1,Module01Chamber1_2018_04_18_23_10_26.jpg,jpg,2018-04-18,23.166666666666668
1,Module01Chamber1_2018_04_19_00_37_17.jpg,jpg,2018-04-19,0.6166666666666667
1,Module01Chamber1_2018_04_19_02_07_23.jpg,jpg,2018-04-19,2.1166666666666667
1,Module01Chamber1_2018_04_19_14_22_21.jpg,jpg,2018-04-19,14.366666666666667
1,Module01Chamber1_2018_04_19_15_49_48.jpg,jpg,2018-04-19,15.816666666666666
1,Module01Chamber1_2018_04_19_17_19_20.jpg,jpg,2018-04-19,17.316666666666666
1,Module01Chamber1_2018_04_19_18_45_50.jpg,jpg,2018-04-19,18.75
1,Module01Chamber1_2018_04_19_20_11_39.jpg,jpg,2018-04-19,20.183333333333334
1,Module01Chamber1_2018_04_19_21_42_00.jpg,jpg,2018-04-19,21.7
1,Module01Chamber1_2018_04_19_23_07_34.jpg,jpg,2018-04-19,23.116666666666667
1,Module01Chamber1_2018_04_20_00_34_37.jpg,jpg,2018-04-20,0.5666666666666667
1,Module01Chamber1_2018_04_20_02_03_33.jpg,jpg,2018-04-20,2.05
1,Module01Chamber1_2018_04_20_14_22_21.jpg,jpg,2018-04-20,14.366666666666667
1,Module01Chamber1_2018_04_20_15_49_54.jpg,jpg,2018-04-20,15.816666666666666
1,Module01Chamber1_2018_04_20_17_18_34.jpg,jpg,2018-04-20,17.3
1,Module01Chamber1_2018_04_20_18_40_44.jpg,jpg,2018-04-20,18.666666666666668
1,Module01Chamber1_2018_04_20_20_09_36.jpg,jpg,2018-04-20,20.15
1,Module01Chamber1_2018_04_20_21_36_17.jpg,jpg,2018-04-20,21.6
1,Module01Chamber1_2018_04_20_23_08_46.jpg,jpg,2018-04-20,23.133333333333333
1,Module01Chamber1_2018_04_21_00_35_27.jpg,jpg,2018-04-21,0.5833333333333334
1,Module01Chamber1_2018_04_21_02_03_54.jpg,jpg,2018-04-21,2.05
1,Module01Chamber1_2018_04_21_14_22_20.jpg,jpg,2018-04-21,14.366666666666667
1,Module01Chamber1_2018_04_21_15_49_11.jpg,jpg,2018-04-21,15.816666666666666
1,Module01Chamber1_2018_04_21_17_18_06.jpg,jpg,2018-04-21,17.3
1,Module01Chamber1_2018_04_21_18_43_55.jpg,jpg,2018-04-21,18.716666666666665
1,Module01Chamber1_2018_04_21_20_12_57.jpg,jpg,2018-04-21,20.2
1,Module01Chamber1_2018_04_21_21_39_05.jpg,jpg,2018-04-21,21.65
1,Module01Chamber1_2018_04_21_23_07_52.jpg,jpg,2018-04-21,23.116666666666667
1,Module01Chamber1_2018_04_22_00_33_53.jpg,jpg,2018-04-22,0.55
1,Module01Chamber1_2018_04_22_02_01_56.jpg,jpg,2018-04-22,2.0166666666666666
1,Module01Chamber1_2018_04_22_15_05_58.jpg,jpg,2018-04-22,15.083333333333334
1,Module01Chamber1_2018_04_22_16_24_54.jpg,jpg,2018-04-22,16.4
1,Module01Chamber1_2018_04_22_17_40_00.jpg,jpg,2018-04-22,17.666666666666668
1,Module01Chamber1_2018_04_22_19_03_49.jpg,jpg,2018-04-22,19.05
1,Module01Chamber1_2018_04_22_20_22_37.jpg,jpg,2018-04-22,20.366666666666667
1,Module01Chamber1_2018_04_22_21_40_43.jpg,jpg,2018-04-22,21.666666666666668
1,Module01Chamber1_2018_04_22_23_00_20.jpg,jpg,2018-04-22,23.0
1,Module01Chamber1_2018_04_23_00_19_14.jpg,jpg,2018-04-23,0.31666666666666665
1,Module01Chamber1_2018_04_23_01_36_26.jpg,jpg,2018-04-23,1.6
1,Module01Chamber1_2018_04_23_02_51_30.jpg,jpg,2018-04-23,2.85
1,Module01Chamber1_2018_04_23_15_05_54.jpg,jpg,2018-04-23,15.083333333333334
1,Module01Chamber1_2018_04_23_16_23_46.jpg,jpg,2018-04-23,16.383333333333333
1,Module01Chamber1_2018_04_23_17_41_18.jpg,jpg,2018-04-23,17.683333333333334
1,Module01Chamber1_2018_04_23_18_55_28.jpg,jpg,2018-04-23,18.916666666666668
1,Module01Chamber1_2018_04_23_20_17_19.jpg,jpg,2018-04-23,20.283333333333335
1,Module01Chamber1_2018_04_23_21_32_50.jpg,jpg,2018-04-23,21.533333333333335
1,Module01Chamber1_2018_04_23_22_47_23.jpg,jpg,2018-04-23,22.783333333333335
1,Module01Chamber1_2018_04_24_00_10_13.jpg,jpg,2018-04-24,0.16666666666666666
1,Module01Chamber1_2018_04_24_01_27_04.jpg,jpg,2018-04-24,1.45
1,Module01Chamber1_2018_04_24_02_45_18.jpg,jpg,2018-04-24,2.75
1,Module01Chamber1_2018_04_24_15_02_11.jpg,jpg,2018-04-24,15.033333333333333
1,Module01Chamber1_2018_04_24_16_23_20.jpg,jpg,2018-04-24,16.383333333333333
1,Module01Chamber1_2018_04_24_17_37_04.jpg,jpg,2018-04-24,17.616666666666667
1,Module01Chamber1_2018_04_24_20_15_32.jpg,jpg,2018-04-24,20.25
1,Module01Chamber1_2018_04_24_21_36_06.jpg,jpg,2018-04-24,21.6
1,Module01Chamber1_2018_04_24_22_52_31.jpg,jpg,2018-04-24,22.866666666666667
1,Module01Chamber1_2018_04_25_00_17_48.jpg,jpg,2018-04-25,0.2833333333333333
1,Module01Chamber1_2018_04_25_01_34_30.jpg,jpg,2018-04-25,1.5666666666666667
1,Module01Chamber1_2018_04_25_02_57_59.jpg,jpg,2018-04-25,2.95
1,Module01Chamber1_2018_04_25_15_06_09.jpg,jpg,2018-04-25,15.1
1,Module01Chamber1_2018_04_25_16_30_17.jpg,jpg,2018-04-25,16.5
1,Module01Chamber1_2018_04_25_17_57_12.jpg,jpg,2018-04-25,17.95
1,Module01Chamber1_2018_04_25_19_24_59.jpg,jpg,2018-04-25,19.4
1,Module01Chamber1_2018_04_25_20_53_08.jpg,jpg,2018-04-25,20.883333333333333
1,Module01Chamber1_2018_04_25_22_19_40.jpg,jpg,2018-04-25,22.316666666666666
1,Module01Chamber1_2018_04_25_23_50_11.jpg,jpg,2018-04-25,23.833333333333332
1,Module01Chamber1_2018_04_26_01_22_22.jpg,jpg,2018-04-26,1.3666666666666667
1,Module01Chamber1_2018_04_26_02_55_10.jpg,jpg,2018-04-26,2.9166666666666665
1,Module01Chamber1_2018_04_26_15_06_49.jpg,jpg,2018-04-26,15.1
1,Module01Chamber1_2018_04_26_16_42_58.jpg,jpg,2018-04-26,16.7
1,Module01Chamber1_2018_04_26_18_22_57.jpg,jpg,2018-04-26,18.366666666666667
1,Module01Chamber1_2018_04_26_19_59_20.jpg,jpg,2018-04-26,19.983333333333334
1,Module01Chamber1_2018_04_26_21_45_27.jpg,jpg,2018-04-26,21.75
1,Module01Chamber1_2018_04_26_23_29_03.jpg,jpg,2018-04-26,23.483333333333334
1,Module01Chamber1_2018_04_27_01_13_42.jpg,jpg,2018-04-27,1.2166666666666668
1,Module01Chamber1_2018_04_27_02_57_48.jpg,jpg,2018-04-27,2.95
1,Module01Chamber1_2018_04_27_15_02_11.jpg,jpg,2018-04-27,15.033333333333333
1,Module01Chamber1_2018_04_27_16_49_04.jpg,jpg,2018-04-27,16.816666666666666
1,Module01Chamber1_2018_04_27_18_19_05.jpg,jpg,2018-04-27,18.316666666666666
1,Module01Chamber1_2018_04_27_19_55_48.jpg,jpg,2018-04-27,19.916666666666668
1,Module01Chamber1_2018_04_27_21_24_26.jpg,jpg,2018-04-27,21.4
1,Module01Chamber1_2018_04_27_23_02_25.jpg,jpg,2018-04-27,23.033333333333335
1,Module01Chamber1_2018_04_28_00_30_25.jpg,jpg,2018-04-28,0.5
1,Module01Chamber1_2018_04_28_02_08_47.jpg,jpg,2018-04-28,2.1333333333333333
1,Module01Chamber1_2018_04_28_15_06_18.jpg,jpg,2018-04-28,15.1
1,Module01Chamber1-2018-04-06-11-14-07.mp4,mp4,2018-04-06,11.233333333333333
1,Module01Chamber1_2018_04_28_16_27_06.jpg,jpg,2018-04-28,16.45
1,Module01Chamber1-2018-04-06-13-31-19.mp4,mp4,2018-04-06,13.516666666666667
1,Module01Chamber1-2018-04-06-15-16-29.mp4,mp4,2018-04-06,15.266666666666667
1,Module01Chamber1_2018_04_28_17_53_34.jpg,jpg,2018-04-28,17.883333333333333
1,Module01Chamber1-2018-04-06-17-39-36.mp4,mp4,2018-04-06,17.65
1,Module01Chamber1-2018-04-06-19-09-11.mp4,mp4,2018-04-06,19.15
1,Module01Chamber1-2018-04-06-20-35-29.mp4,mp4,2018-04-06,20.583333333333332
1,Module01Chamber1-2018-04-06-22-04-52.mp4,mp4,2018-04-06,22.066666666666666
1,Module01Chamber1-2018-04-06-23-14-38.mp4,mp4,2018-04-06,23.233333333333334
1,Module01Chamber1-2018-04-07-11-21-47.mp4,mp4,2018-04-07,11.35
1,Module01Chamber1-2018-04-07-12-48-10.mp4,mp4,2018-04-07,12.8
1,Module01Chamber1-2018-04-07-14-16-59.mp4,mp4,2018-04-07,14.266666666666667
1,Module01Chamber1_2018_04_28_19_20_20.jpg,jpg,2018-04-28,19.333333333333332
1,Module01Chamber1-2018-04-07-18-51-41.mp4,mp4,2018-04-07,18.85
1,Module01Chamber1-2018-04-07-19-51-17.mp4,mp4,2018-04-07,19.85
1,Module01Chamber1-2018-04-07-20-59-59.mp4,mp4,2018-04-07,20.983333333333334
1,Module01Chamber1-2018-04-07-22-22-46.mp4,mp4,2018-04-07,22.366666666666667
1,Module01Chamber1-2018-04-07-23-45-05.mp4,mp4,2018-04-07,23.75
1,Module01Chamber1-2018-04-08-12-54-19.mp4,mp4,2018-04-08,12.9
1,Module01Chamber1-2018-04-08-14-23-52.mp4,mp4,2018-04-08,14.383333333333333
1,Module01Chamber1-2018-04-08-16-00-24.mp4,mp4,2018-04-08,16.0
1,Module01Chamber1-2018-04-08-16-59-14.mp4,mp4,2018-04-08,16.983333333333334
1,Module01Chamber1_2018_04_28_20_45_05.jpg,jpg,2018-04-28,20.75
1,Module01Chamber1-2018-04-08-19-35-48.mp4,mp4,2018-04-08,19.583333333333332
1,Module01Chamber1-2018-04-08-21-05-27.mp4,mp4,2018-04-08,21.083333333333332
1,._Module01Chamber1-2018-04-08-21-05-27.mp4,mp4,2018-04-08,21.083333333333332
1,._Module01Chamber1-2018-04-08-21-05-27.mp4,mp4,2018-04-08,21.083333333333332
1,Module01Chamber1-2018-04-08-22-30-02.mp4,mp4,2018-04-08,22.5
1,Module01Chamber1-2018-04-08-23-56-11.mp4,mp4,2018-04-08,23.933333333333334
1,Module01Chamber1-2018-04-09-13-00-32.mp4,mp4,2018-04-09,13.0
1,Module01Chamber1-2018-04-09-14-22-40.mp4,mp4,2018-04-09,14.366666666666667
1,Module01Chamber1_2018_04_28_22_16_18.jpg,jpg,2018-04-28,22.266666666666666
1,Module01Chamber1-2018-04-09-17-18-03.mp4,mp4,2018-04-09,17.3
1,Module01Chamber1-2018-04-09-18-37-54.mp4,mp4,2018-04-09,18.616666666666667
1,Module01Chamber1-2018-04-09-20-07-00.mp4,mp4,2018-04-09,20.116666666666667
1,Module01Chamber1-2018-04-09-21-25-08.mp4,mp4,2018-04-09,21.416666666666668
1,Module01Chamber1-2018-04-09-22-47-57.mp4,mp4,2018-04-09,22.783333333333335
1,Module01Chamber1-2018-04-10-00-16-50.mp4,mp4,2018-04-10,0.26666666666666666
1,Module01Chamber1-2018-04-10-12-56-37.mp4,mp4,2018-04-10,12.933333333333334
1,Module01Chamber1-2018-04-10-14-25-57.mp4,mp4,2018-04-10,14.416666666666666
1,Module01Chamber1_2018_04_28_23_40_21.jpg,jpg,2018-04-28,23.666666666666668
1,._Module01Chamber1_2018_04_28_23_40_21.jpg,jpg,2018-04-28,23.666666666666668
1,._Module01Chamber1_2018_04_28_23_40_21.jpg,jpg,2018-04-28,23.666666666666668
1,Module01Chamber1_2018_04_29_01_03_44.jpg,jpg,2018-04-29,1.05
1,Module01Chamber1-2018-04-10-18-39-54.mp4,mp4,2018-04-10,18.65
1,Module01Chamber1-2018-04-10-20-06-37.mp4,mp4,2018-04-10,20.1
1,Module01Chamber1-2018-04-10-21-31-28.mp4,mp4,2018-04-10,21.516666666666666
1,Module01Chamber1-2018-04-10-22-57-41.mp4,mp4,2018-04-10,22.95
1,Module01Chamber1-2018-04-11-00-23-25.mp4,mp4,2018-04-11,0.38333333333333336
1,Module01Chamber1-2018-04-11-14-08-31.mp4,mp4,2018-04-11,14.133333333333333
1,Module01Chamber1_2018_04_29_02_33_01.jpg,jpg,2018-04-29,2.55
1,Module01Chamber1-2018-04-11-16-10-18.mp4,mp4,2018-04-11,16.166666666666668
1,Module01Chamber1-2018-04-11-17-14-17.mp4,mp4,2018-04-11,17.233333333333334
1,Module01Chamber1-2018-04-11-18-29-26.mp4,mp4,2018-04-11,18.483333333333334
1,Module01Chamber1-2018-04-11-19-55-05.mp4,mp4,2018-04-11,19.916666666666668
1,Module01Chamber1-2018-04-11-21-17-14.mp4,mp4,2018-04-11,21.283333333333335
1,Module01Chamber1-2018-04-11-22-44-01.mp4,mp4,2018-04-11,22.733333333333334
1,Module01Chamber1-2018-04-12-00-10-10.mp4,mp4,2018-04-12,0.16666666666666666
1,Module01Chamber1-2018-04-12-01-33-57.mp4,mp4,2018-04-12,1.55
1,Module01Chamber1_2018_04_29_15_02_11.jpg,jpg,2018-04-29,15.033333333333333
1,Module01Chamber1-2018-04-12-15-30-19.mp4,mp4,2018-04-12,15.5
1,Module01Chamber1-2018-04-12-16-55-41.mp4,mp4,2018-04-12,16.916666666666668
1,Module01Chamber1-2018-04-12-18-20-43.mp4,mp4,2018-04-12,18.333333333333332
1,Module01Chamber1_2018_04_29_16_31_08.jpg,jpg,2018-04-29,16.516666666666666
1,Module01Chamber1-2018-04-12-21-10-04.mp4,mp4,2018-04-12,21.166666666666668
1,Module01Chamber1-2018-04-12-22-33-16.mp4,mp4,2018-04-12,22.55
1,Module01Chamber1-2018-04-12-23-58-55.mp4,mp4,2018-04-12,23.966666666666665
1,Module01Chamber1-2018-04-13-01-23-29.mp4,mp4,2018-04-13,1.3833333333333333
1,Module01Chamber1-2018-04-13-14-10-19.mp4,mp4,2018-04-13,14.166666666666666
1,Module01Chamber1-2018-04-13-15-33-09.mp4,mp4,2018-04-13,15.55
1,Module01Chamber1-2018-04-13-16-58-52.mp4,mp4,2018-04-13,16.966666666666665
1,Module01Chamber1-2018-04-13-18-23-13.mp4,mp4,2018-04-13,18.383333333333333
1,Module01Chamber1-2018-04-13-19-47-37.mp4,mp4,2018-04-13,19.783333333333335
1,Module01Chamber1-2018-04-13-21-13-19.mp4,mp4,2018-04-13,21.216666666666665
1,Module01Chamber1-2018-04-13-22-36-20.mp4,mp4,2018-04-13,22.6
1,Module01Chamber1-2018-04-14-00-02-10.mp4,mp4,2018-04-14,0.03333333333333333
1,Module01Chamber1-2018-04-14-01-22-47.mp4,mp4,2018-04-14,1.3666666666666667
1,Module01Chamber1-2018-04-14-14-10-19.mp4,mp4,2018-04-14,14.166666666666666
1,Module01Chamber1_2018_04_29_17_53_19.jpg,jpg,2018-04-29,17.883333333333333
1,Module01Chamber1-2018-04-14-16-56-18.mp4,mp4,2018-04-14,16.933333333333334
1,Module01Chamber1-2018-04-14-18-22-46.mp4,mp4,2018-04-14,18.366666666666667
1,Module01Chamber1-2018-04-14-19-49-08.mp4,mp4,2018-04-14,19.816666666666666
1,Module01Chamber1_2018_04_29_19_19_53.jpg,jpg,2018-04-29,19.316666666666666
1,._Module01Chamber1_2018_04_29_19_19_53.jpg,jpg,2018-04-29,19.316666666666666
1,._Module01Chamber1_2018_04_29_19_19_53.jpg,jpg,2018-04-29,19.316666666666666
1,Module01Chamber1-2018-04-14-22-44-43.mp4,mp4,2018-04-14,22.733333333333334
1,Module01Chamber1-2018-04-15-00-16-01.mp4,mp4,2018-04-15,0.26666666666666666
1,Module01Chamber1-2018-04-15-01-45-46.mp4,mp4,2018-04-15,1.75
1,Module01Chamber1-2018-04-15-14-06-16.mp4,mp4,2018-04-15,14.1
1,Module01Chamber1_2018_04_29_20_48_59.jpg,jpg,2018-04-29,20.8
1,Module01Chamber1-2018-04-15-17-11-40.mp4,mp4,2018-04-15,17.183333333333334
1,Module01Chamber1-2018-04-15-18-48-56.mp4,mp4,2018-04-15,18.8
1,Module01Chamber1_2018_04_29_22_15_16.jpg,jpg,2018-04-29,22.25
1,Module01Chamber1_2018_04_29_23_39_55.jpg,jpg,2018-04-29,23.65
1,Module01Chamber1-2018-04-15-23-34-46.mp4,mp4,2018-04-15,23.566666666666666
1,Module01Chamber1-2018-04-16-01-16-51.mp4,mp4,2018-04-16,1.2666666666666666
1,Module01Chamber1-2018-04-16-14-09-16.mp4,mp4,2018-04-16,14.15
1,Module01Chamber1_2018_04_30_01_10_07.jpg,jpg,2018-04-30,1.1666666666666667
1,Module01Chamber1-2018-04-16-16-26-25.mp4,mp4,2018-04-16,16.433333333333334
1,Module01Chamber1-2018-04-16-18-02-02.mp4,mp4,2018-04-16,18.033333333333335
1,Module01Chamber1_2018_04_30_02_36_48.jpg,jpg,2018-04-30,2.6
1,Module01Chamber1-2018-04-16-21-24-39.mp4,mp4,2018-04-16,21.4
1,Module01Chamber1-2018-04-16-23-00-12.mp4,mp4,2018-04-16,23.0
1,Module01Chamber1-2018-04-17-00-43-33.mp4,mp4,2018-04-17,0.7166666666666667
1,Module01Chamber1-2018-04-17-14-22-36.mp4,mp4,2018-04-17,14.366666666666667
1,Module01Chamber1-2018-04-17-15-58-33.mp4,mp4,2018-04-17,15.966666666666667
1,Module01Chamber1-2018-04-17-17-34-48.mp4,mp4,2018-04-17,17.566666666666666
1,Module01Chamber1-2018-04-17-19-10-27.mp4,mp4,2018-04-17,19.166666666666668
1,Module01Chamber1-2018-04-17-20-48-49.mp4,mp4,2018-04-17,20.8
1,Module01Chamber1-2018-04-17-22-29-44.mp4,mp4,2018-04-17,22.483333333333334
1,Module01Chamber1-2018-04-18-00-13-09.mp4,mp4,2018-04-18,0.21666666666666667
1,Module01Chamber1-2018-04-18-01-55-44.mp4,mp4,2018-04-18,1.9166666666666665
1,Module01Chamber1_2018_05_02_07_54_54.jpg,jpg,2018-05-02,7.9
1,Module01Chamber1-2018-04-18-15-45-59.mp4,mp4,2018-04-18,15.75
1,Module01Chamber1-2018-04-18-17-16-04.mp4,mp4,2018-04-18,17.266666666666666
1,Module01Chamber1-2018-04-18-18-43-04.mp4,mp4,2018-04-18,18.716666666666665
1,Module01Chamber1_2018_05_02_08_54_53.jpg,jpg,2018-05-02,8.9
1,Module01Chamber1-2018-04-18-21-44-39.mp4,mp4,2018-04-18,21.733333333333334
1,Module01Chamber1-2018-04-18-23-10-26.mp4,mp4,2018-04-18,23.166666666666668
1,Module01Chamber1-2018-04-19-00-37-17.mp4,mp4,2018-04-19,0.6166666666666667
1,Module01Chamber1-2018-04-19-02-07-23.mp4,mp4,2018-04-19,2.1166666666666667
1,Module01Chamber1-2018-04-19-14-22-21.mp4,mp4,2018-04-19,14.366666666666667
1,Module01Chamber1_2018_05_02_09_56_51.jpg,jpg,2018-05-02,9.933333333333334
1,Module01Chamber1-2018-04-19-17-19-20.mp4,mp4,2018-04-19,17.316666666666666
1,Module01Chamber1-2018-04-19-18-45-50.mp4,mp4,2018-04-19,18.75
1,Module01Chamber1-2018-04-19-20-11-39.mp4,mp4,2018-04-19,20.183333333333334
1,Module01Chamber1-2018-04-19-21-42-00.mp4,mp4,2018-04-19,21.7
1,Module01Chamber1-2018-04-19-23-07-34.mp4,mp4,2018-04-19,23.116666666666667
1,Module01Chamber1-2018-04-20-00-34-37.mp4,mp4,2018-04-20,0.5666666666666667
1,Module01Chamber1-2018-04-20-02-03-33.mp4,mp4,2018-04-20,2.05
1,Module01Chamber1-2018-04-20-14-22-21.mp4,mp4,2018-04-20,14.366666666666667
1,Module01Chamber1_2018_05_02_10_58_18.jpg,jpg,2018-05-02,10.966666666666667
1,Module01Chamber1-2018-04-20-17-18-34.mp4,mp4,2018-04-20,17.3
1,Module01Chamber1-2018-04-20-18-40-44.mp4,mp4,2018-04-20,18.666666666666668
1,Module01Chamber1-2018-04-20-20-09-36.mp4,mp4,2018-04-20,20.15
1,Module01Chamber1-2018-04-20-21-36-17.mp4,mp4,2018-04-20,21.6
1,Module01Chamber1-2018-04-20-23-08-46.mp4,mp4,2018-04-20,23.133333333333333
1,Module01Chamber1-2018-04-21-00-35-27.mp4,mp4,2018-04-21,0.5833333333333334
1,Module01Chamber1-2018-04-21-02-03-54.mp4,mp4,2018-04-21,2.05
1,Module01Chamber1-2018-04-21-14-22-20.mp4,mp4,2018-04-21,14.366666666666667
1,._Module01Chamber1-2018-04-21-14-22-20.mp4,mp4,2018-04-21,14.366666666666667
1,._Module01Chamber1-2018-04-21-14-22-20.mp4,mp4,2018-04-21,14.366666666666667
1,Module01Chamber1-2018-04-21-15-49-11.mp4,mp4,2018-04-21,15.816666666666666
1,Module01Chamber1_2018_05_02_11_59_53.jpg,jpg,2018-05-02,11.983333333333333
1,Module01Chamber1-2018-04-21-18-43-55.mp4,mp4,2018-04-21,18.716666666666665
1,Module01Chamber1-2018-04-21-20-12-57.mp4,mp4,2018-04-21,20.2
1,Module01Chamber1-2018-04-21-21-39-05.mp4,mp4,2018-04-21,21.65
1,Module01Chamber1-2018-04-21-23-07-52.mp4,mp4,2018-04-21,23.116666666666667
1,Module01Chamber1-2018-04-22-00-33-53.mp4,mp4,2018-04-22,0.55
1,Module01Chamber1-2018-04-22-02-01-56.mp4,mp4,2018-04-22,2.0166666666666666
1,Module01Chamber1-2018-04-22-15-05-58.mp4,mp4,2018-04-22,15.083333333333334
1,Module01Chamber1_2018_05_02_13_03_58.jpg,jpg,2018-05-02,13.05
1,Module01Chamber1-2018-04-22-17-40-00.mp4,mp4,2018-04-22,17.666666666666668
1,Module01Chamber1-2018-04-22-19-03-49.mp4,mp4,2018-04-22,19.05
1,Module01Chamber1-2018-04-22-20-22-37.mp4,mp4,2018-04-22,20.366666666666667
1,Module01Chamber1-2018-04-22-21-40-43.mp4,mp4,2018-04-22,21.666666666666668
1,Module01Chamber1-2018-04-22-23-00-20.mp4,mp4,2018-04-22,23.0
1,Module01Chamber1-2018-04-23-00-19-14.mp4,mp4,2018-04-23,0.31666666666666665
1,Module01Chamber1-2018-04-23-01-36-26.mp4,mp4,2018-04-23,1.6
1,Module01Chamber1-2018-04-23-02-51-30.mp4,mp4,2018-04-23,2.85
1,Module01Chamber1_2018_05_02_14_11_21.jpg,jpg,2018-05-02,14.183333333333334
1,Module01Chamber1-2018-04-23-16-23-46.mp4,mp4,2018-04-23,16.383333333333333
1,Module01Chamber1-2018-04-23-17-41-18.mp4,mp4,2018-04-23,17.683333333333334
1,Module01Chamber1-2018-04-23-18-55-28.mp4,mp4,2018-04-23,18.916666666666668
1,Module01Chamber1-2018-04-23-20-17-19.mp4,mp4,2018-04-23,20.283333333333335
1,Module01Chamber1-2018-04-23-21-32-50.mp4,mp4,2018-04-23,21.533333333333335
1,Module01Chamber1-2018-04-23-22-47-23.mp4,mp4,2018-04-23,22.783333333333335
1,Module01Chamber1-2018-04-24-00-10-13.mp4,mp4,2018-04-24,0.16666666666666666
1,Module01Chamber1-2018-04-24-01-27-04.mp4,mp4,2018-04-24,1.45
1,Module01Chamber1_2018_05_02_15_15_43.jpg,jpg,2018-05-02,15.25
1,Module01Chamber1-2018-04-24-15-02-11.mp4,mp4,2018-04-24,15.033333333333333
1,Module01Chamber1-2018-04-24-16-23-20.mp4,mp4,2018-04-24,16.383333333333333
1,Module01Chamber1-2018-04-24-17-37-04.mp4,mp4,2018-04-24,17.616666666666667
1,Module01Chamber1-2018-04-24-20-15-32.mp4,mp4,2018-04-24,20.25
1,Module01Chamber1_2018_05_02_16_19_50.jpg,jpg,2018-05-02,16.316666666666666
1,Module01Chamber1-2018-04-24-22-52-31.mp4,mp4,2018-04-24,22.866666666666667
1,Module01Chamber1-2018-04-25-00-17-48.mp4,mp4,2018-04-25,0.2833333333333333
1,Module01Chamber1-2018-04-25-01-34-30.mp4,mp4,2018-04-25,1.5666666666666667
1,Module01Chamber1_2018_05_02_17_24_13.jpg,jpg,2018-05-02,17.4
1,Module01Chamber1-2018-04-25-15-06-09.mp4,mp4,2018-04-25,15.1
1,Module01Chamber1-2018-04-25-16-30-17.mp4,mp4,2018-04-25,16.5
1,Module01Chamber1_2018_05_02_18_28_16.jpg,jpg,2018-05-02,18.466666666666665
1,Module01Chamber1-2018-04-25-19-24-59.mp4,mp4,2018-04-25,19.4
1,Module01Chamber1-2018-04-25-20-53-08.mp4,mp4,2018-04-25,20.883333333333333
1,Module01Chamber1-2018-04-25-22-19-40.mp4,mp4,2018-04-25,22.316666666666666
1,Module01Chamber1-2018-04-25-23-50-11.mp4,mp4,2018-04-25,23.833333333333332
1,Module01Chamber1-2018-04-26-01-22-22.mp4,mp4,2018-04-26,1.3666666666666667
1,Module01Chamber1-2018-04-26-02-55-10.mp4,mp4,2018-04-26,2.9166666666666665
1,Module01Chamber1-2018-04-26-15-06-49.mp4,mp4,2018-04-26,15.1
1,Module01Chamber1_2018_05_02_19_32_28.jpg,jpg,2018-05-02,19.533333333333335
1,Module01Chamber1-2018-04-26-18-22-57.mp4,mp4,2018-04-26,18.366666666666667
1,Module01Chamber1-2018-04-26-19-59-20.mp4,mp4,2018-04-26,19.983333333333334
1,Module01Chamber1-2018-04-26-21-45-27.mp4,mp4,2018-04-26,21.75
1,Module01Chamber1-2018-04-26-23-29-03.mp4,mp4,2018-04-26,23.483333333333334
1,Module01Chamber1-2018-04-27-01-13-42.mp4,mp4,2018-04-27,1.2166666666666668
1,Module01Chamber1-2018-04-27-02-57-48.mp4,mp4,2018-04-27,2.95
1,Module01Chamber1_2018_05_03_07_59_31.jpg,jpg,2018-05-03,7.983333333333333
1,Module01Chamber1-2018-04-27-16-49-04.mp4,mp4,2018-04-27,16.816666666666666
1,Module01Chamber1-2018-04-27-18-19-05.mp4,mp4,2018-04-27,18.316666666666666
1,Module01Chamber1-2018-04-27-19-55-48.mp4,mp4,2018-04-27,19.916666666666668
1,Module01Chamber1-2018-04-27-21-24-26.mp4,mp4,2018-04-27,21.4
1,Module01Chamber1-2018-04-27-23-02-25.mp4,mp4,2018-04-27,23.033333333333335
1,Module01Chamber1-2018-04-28-00-30-25.mp4,mp4,2018-04-28,0.5
1,Module01Chamber1-2018-04-28-02-08-47.mp4,mp4,2018-04-28,2.1333333333333333
1,._Module01Chamber1-2018-04-28-02-08-47.mp4,mp4,2018-04-28,2.1333333333333333
1,._Module01Chamber1-2018-04-28-02-08-47.mp4,mp4,2018-04-28,2.1333333333333333
1,Module01Chamber1_2018_05_03_09_43_32.jpg,jpg,2018-05-03,9.716666666666667
1,Module01Chamber1-2018-04-28-16-27-06.mp4,mp4,2018-04-28,16.45
1,Module01Chamber1-2018-04-28-17-53-34.mp4,mp4,2018-04-28,17.883333333333333
1,Module01Chamber1_2018_05_03_11_14_53.jpg,jpg,2018-05-03,11.233333333333333
1,Module01Chamber1-2018-04-28-20-45-05.mp4,mp4,2018-04-28,20.75
1,Module01Chamber1-2018-04-28-22-16-18.mp4,mp4,2018-04-28,22.266666666666666
1,Module01Chamber1-2018-04-28-23-40-21.mp4,mp4,2018-04-28,23.666666666666668
1,._Module01Chamber1-2018-04-28-23-40-21.mp4,mp4,2018-04-28,23.666666666666668
1,._Module01Chamber1-2018-04-28-23-40-21.mp4,mp4,2018-04-28,23.666666666666668
1,Module01Chamber1-2018-04-29-01-03-44.mp4,mp4,2018-04-29,1.05
1,Module01Chamber1_2018_05_03_12_15_07.jpg,jpg,2018-05-03,12.25
1,Module01Chamber1-2018-04-29-15-02-11.mp4,mp4,2018-04-29,15.033333333333333
1,Module01Chamber1-2018-04-29-16-31-08.mp4,mp4,2018-04-29,16.516666666666666
1,Module01Chamber1-2018-04-29-17-53-19.mp4,mp4,2018-04-29,17.883333333333333
1,Module01Chamber1-2018-04-29-19-19-53.mp4,mp4,2018-04-29,19.316666666666666
1,Module01Chamber1-2018-04-29-20-48-59.mp4,mp4,2018-04-29,20.8
1,Module01Chamber1-2018-04-29-22-15-16.mp4,mp4,2018-04-29,22.25
1,._Module01Chamber1-2018-04-29-22-15-16.mp4,mp4,2018-04-29,22.25
1,._Module01Chamber1-2018-04-29-22-15-16.mp4,mp4,2018-04-29,22.25
1,Module01Chamber1-2018-04-29-23-39-55.mp4,mp4,2018-04-29,23.65
1,Module01Chamber1-2018-04-30-01-10-07.mp4,mp4,2018-04-30,1.1666666666666667
1,Module01Chamber1-2018-04-30-02-36-48.mp4,mp4,2018-04-30,2.6
1,Module01Chamber1-2018-05-02-07-54-54.mp4,mp4,2018-05-02,7.9
1,Module01Chamber1-2018-05-02-08-54-53.mp4,mp4,2018-05-02,8.9
1,Module01Chamber1_2018_05_03_13_20_45.jpg,jpg,2018-05-03,13.333333333333334
1,Module01Chamber1-2018-05-02-10-58-18.mp4,mp4,2018-05-02,10.966666666666667
1,Module01Chamber1-2018-05-02-11-59-53.mp4,mp4,2018-05-02,11.983333333333333
1,Module01Chamber1-2018-05-02-13-03-58.mp4,mp4,2018-05-02,13.05
1,Module01Chamber1-2018-05-02-14-11-21.mp4,mp4,2018-05-02,14.183333333333334
1,Module01Chamber1-2018-05-02-15-15-43.mp4,mp4,2018-05-02,15.25
1,Module01Chamber1-2018-05-02-16-19-50.mp4,mp4,2018-05-02,16.316666666666666
1,Module01Chamber1-2018-05-02-17-24-13.mp4,mp4,2018-05-02,17.4
1,Module01Chamber1-2018-05-02-18-28-16.mp4,mp4,2018-05-02,18.466666666666665
1,Module01Chamber1-2018-05-02-19-32-28.mp4,mp4,2018-05-02,19.533333333333335
1,Module01Chamber1-2018-05-03-07-59-31.mp4,mp4,2018-05-03,7.983333333333333
1,._Module01Chamber1-2018-05-03-07-59-31.mp4,mp4,2018-05-03,7.983333333333333
1,._Module01Chamber1-2018-05-03-07-59-31.mp4,mp4,2018-05-03,7.983333333333333
1,Module01Chamber1-2018-05-03-09-43-32.mp4,mp4,2018-05-03,9.716666666666667
1,Module01Chamber1-2018-05-03-11-14-53.mp4,mp4,2018-05-03,11.233333333333333
1,Module01Chamber1-2018-05-03-12-15-07.mp4,mp4,2018-05-03,12.25
1,Module01Chamber1_2018_05_03_14_23_42.jpg,jpg,2018-05-03,14.383333333333333
1,Module01Chamber1-2018-05-03-14-23-42.mp4,mp4,2018-05-03,14.383333333333333
1,Module01Chamber1-2018-05-03-15-26-53.mp4,mp4,2018-05-03,15.433333333333334
1,Module01Chamber1-2018-05-03-16-29-52.mp4,mp4,2018-05-03,16.483333333333334
1,Module01Chamber1-2018-05-03-17-32-51.mp4,mp4,2018-05-03,17.533333333333335
1,Module01Chamber1-2018-05-03-18-35-37.mp4,mp4,2018-05-03,18.583333333333332
1,Module01Chamber1-2018-05-03-19-38-22.mp4,mp4,2018-05-03,19.633333333333333
1,Module01Chamber1_2018_05_03_15_26_53.jpg,jpg,2018-05-03,15.433333333333334
1,Module01Chamber1-2018-04-15-15-41-47.mp4,mp4,2018-04-15,15.683333333333334
1,Module01Chamber1_2018_05_03_16_29_52.jpg,jpg,2018-05-03,16.483333333333334
1,Module01Chamber1_2018_05_03_17_32_51.jpg,jpg,2018-05-03,17.533333333333335
1,Module01Chamber1_2018_05_03_18_35_37.jpg,jpg,2018-05-03,18.583333333333332
1,Module01Chamber1_2018_05_03_19_38_22.jpg,jpg,2018-05-03,19.633333333333333
2,Module02Chamber1-2018-04-06-12-21-01.mp4,mp4,2018-04-06,12.35
2,Module02Chamber1-2018-04-06-16-24-35.mp4,mp4,2018-04-06,16.4
2,Module02Chamber1-2018-04-07-15-46-59.mp4,mp4,2018-04-07,15.766666666666667
2,Module02Chamber1-2018-04-09-00-04-23.mp4,mp4,2018-04-09,0.06666666666666667
2,Module02Chamber1-2018-04-10-00-23-37.mp4,mp4,2018-04-10,0.38333333333333336
2,Module02Chamber1-2018-04-10-18-47-59.mp4,mp4,2018-04-10,18.783333333333335
2,Module02Chamber1-2018-04-11-00-30-35.mp4,mp4,2018-04-11,0.5
2,Module02Chamber1-2018-04-12-00-18-00.mp4,mp4,2018-04-12,0.3
2,Module02Chamber1-2018-04-13-00-07-00.mp4,mp4,2018-04-13,0.11666666666666667
2,Module02Chamber1-2018-04-14-00-10-22.mp4,mp4,2018-04-14,0.16666666666666666
2,Module02Chamber1-2018-04-14-01-29-43.mp4,mp4,2018-04-14,1.4833333333333334
2,Module02Chamber1-2018-04-15-00-23-12.mp4,mp4,2018-04-15,0.38333333333333336
2,Module02Chamber1-2018-04-15-01-54-34.mp4,mp4,2018-04-15,1.9
2,Module02Chamber1-2018-04-16-01-24-49.mp4,mp4,2018-04-16,1.4
2,Module02Chamber1-2018-04-16-23-09-46.mp4,mp4,2018-04-16,23.15
2,Module02Chamber1-2018-04-18-00-21-59.mp4,mp4,2018-04-18,0.35
2,Module02Chamber1-2018-04-18-02-05-25.mp4,mp4,2018-04-18,2.0833333333333335
2,Module02Chamber1-2018-04-19-00-45-21.mp4,mp4,2018-04-19,0.75
2,Module02Chamber1-2018-04-20-00-42-33.mp4,mp4,2018-04-20,0.7
2,Module02Chamber1-2018-04-21-00-43-24.mp4,mp4,2018-04-21,0.7166666666666667
2,Module02Chamber1-2018-04-22-00-41-36.mp4,mp4,2018-04-22,0.6833333333333333
2,Module02Chamber1-2018-04-23-00-25-30.mp4,mp4,2018-04-23,0.4166666666666667
2,Module02Chamber1-2018-04-24-00-17-29.mp4,mp4,2018-04-24,0.2833333333333333
2,Module02Chamber1-2018-04-24-01-33-45.mp4,mp4,2018-04-24,1.55
2,Module02Chamber1-2018-04-25-00-24-12.mp4,mp4,2018-04-25,0.4
2,Module02Chamber1-2018-04-28-00-38-34.mp4,mp4,2018-04-28,0.6333333333333333
2,Module02Chamber1-2018-04-28-02-17-28.mp4,mp4,2018-04-28,2.283333333333333
2,Module02Chamber1-2018-04-29-01-11-52.mp4,mp4,2018-04-29,1.1833333333333333
2,Module02Chamber1-2018-05-02-07-59-21.mp4,mp4,2018-05-02,7.983333333333333
2,Module02Chamber1-2018-05-03-08-08-54.mp4,mp4,2018-05-03,8.133333333333333
2,Module02Chamber1_2018_04_06_11_19_17.jpg,jpg,2018-04-06,11.316666666666666
2,._Module02Chamber1_2018_04_06_11_19_17.jpg,jpg,2018-04-06,11.316666666666666
2,._Module02Chamber1_2018_04_06_11_19_17.jpg,jpg,2018-04-06,11.316666666666666
2,Module02Chamber1_2018_04_06_12_21_01.jpg,jpg,2018-04-06,12.35
2,Module02Chamber1_2018_04_06_13_38_30.jpg,jpg,2018-04-06,13.633333333333333
2,Module02Chamber1_2018_04_06_15_21_20.jpg,jpg,2018-04-06,15.35
2,Module02Chamber1_2018_04_06_16_24_35.jpg,jpg,2018-04-06,16.4
2,Module02Chamber1_2018_04_06_17_47_24.jpg,jpg,2018-04-06,17.783333333333335
2,Module02Chamber1_2018_04_06_19_16_53.jpg,jpg,2018-04-06,19.266666666666666
2,Module02Chamber1_2018_04_06_20_42_48.jpg,jpg,2018-04-06,20.7
2,Module02Chamber1_2018_04_06_22_12_35.jpg,jpg,2018-04-06,22.2
2,Module02Chamber1_2018_04_07_11_28_27.jpg,jpg,2018-04-07,11.466666666666667
2,Module02Chamber1_2018_04_07_12_55_59.jpg,jpg,2018-04-07,12.916666666666666
2,Module02Chamber1_2018_04_07_14_23_23.jpg,jpg,2018-04-07,14.383333333333333
2,Module02Chamber1_2018_04_07_15_46_59.jpg,jpg,2018-04-07,15.766666666666667
2,Module02Chamber1_2018_04_07_18_56_40.jpg,jpg,2018-04-07,18.933333333333334
2,Module02Chamber1_2018_04_07_19_56_01.jpg,jpg,2018-04-07,19.933333333333334
2,Module02Chamber1_2018_04_07_21_07_09.jpg,jpg,2018-04-07,21.116666666666667
2,Module02Chamber1_2018_04_07_22_29_04.jpg,jpg,2018-04-07,22.483333333333334
2,Module02Chamber1_2018_04_07_23_52_08.jpg,jpg,2018-04-07,23.866666666666667
2,Module02Chamber1_2018_04_08_13_01_59.jpg,jpg,2018-04-08,13.016666666666667
2,Module02Chamber1_2018_04_08_14_30_37.jpg,jpg,2018-04-08,14.5
2,Module02Chamber1_2018_04_08_16_06_01.jpg,jpg,2018-04-08,16.1
2,Module02Chamber1_2018_04_08_17_04_36.jpg,jpg,2018-04-08,17.066666666666666
2,Module02Chamber1_2018_04_08_18_22_29.jpg,jpg,2018-04-08,18.366666666666667
2,Module02Chamber1_2018_04_08_19_43_36.jpg,jpg,2018-04-08,19.716666666666665
2,Module02Chamber1_2018_04_08_21_13_28.jpg,jpg,2018-04-08,21.216666666666665
2,Module02Chamber1_2018_04_08_22_37_36.jpg,jpg,2018-04-08,22.616666666666667
2,Module02Chamber1_2018_04_09_00_04_23.jpg,jpg,2018-04-09,0.06666666666666667
2,Module02Chamber1_2018_04_09_13_08_51.jpg,jpg,2018-04-09,13.133333333333333
2,Module02Chamber1_2018_04_09_14_29_45.jpg,jpg,2018-04-09,14.483333333333333
2,Module02Chamber1_2018_04_09_15_59_12.jpg,jpg,2018-04-09,15.983333333333333
2,Module02Chamber1_2018_04_09_17_25_05.jpg,jpg,2018-04-09,17.416666666666668
2,Module02Chamber1_2018_04_09_18_45_35.jpg,jpg,2018-04-09,18.75
2,Module02Chamber1_2018_04_09_20_15_04.jpg,jpg,2018-04-09,20.25
2,Module02Chamber1_2018_04_09_21_32_09.jpg,jpg,2018-04-09,21.533333333333335
2,Module02Chamber1_2018_04_09_22_56_02.jpg,jpg,2018-04-09,22.933333333333334
2,Module02Chamber1_2018_04_10_00_23_37.jpg,jpg,2018-04-10,0.38333333333333336
2,Module02Chamber1_2018_04_10_13_04_58.jpg,jpg,2018-04-10,13.066666666666666
2,Module02Chamber1_2018_04_10_14_33_15.jpg,jpg,2018-04-10,14.55
2,Module02Chamber1_2018_04_10_15_58_28.jpg,jpg,2018-04-10,15.966666666666667
2,Module02Chamber1_2018_04_10_17_23_48.jpg,jpg,2018-04-10,17.383333333333333
2,Module02Chamber1_2018_04_10_18_47_59.jpg,jpg,2018-04-10,18.783333333333335
2,Module02Chamber1_2018_04_10_20_14_49.jpg,jpg,2018-04-10,20.233333333333334
2,Module02Chamber1_2018_04_10_21_39_02.jpg,jpg,2018-04-10,21.65
2,Module02Chamber1_2018_04_10_23_06_03.jpg,jpg,2018-04-10,23.1
2,Module02Chamber1_2018_04_11_00_30_35.jpg,jpg,2018-04-11,0.5
2,Module02Chamber1_2018_04_11_14_14_09.jpg,jpg,2018-04-11,14.233333333333333
2,Module02Chamber1_2018_04_11_15_14_15.jpg,jpg,2018-04-11,15.233333333333333
2,Module02Chamber1_2018_04_11_16_18_06.jpg,jpg,2018-04-11,16.3
2,Module02Chamber1_2018_04_11_17_19_09.jpg,jpg,2018-04-11,17.316666666666666
2,Module02Chamber1_2018_04_11_18_36_59.jpg,jpg,2018-04-11,18.6
2,Module02Chamber1_2018_04_11_20_03_15.jpg,jpg,2018-04-11,20.05
2,Module02Chamber1_2018_04_11_21_23_52.jpg,jpg,2018-04-11,21.383333333333333
2,Module02Chamber1_2018_04_11_22_51_58.jpg,jpg,2018-04-11,22.85
2,Module02Chamber1_2018_04_12_00_18_00.jpg,jpg,2018-04-12,0.3
2,Module02Chamber1_2018_04_12_01_41_37.jpg,jpg,2018-04-12,1.6833333333333333
2,Module02Chamber1_2018_04_12_14_18_07.jpg,jpg,2018-04-12,14.3
2,Module02Chamber1_2018_04_12_15_37_51.jpg,jpg,2018-04-12,15.616666666666667
2,Module02Chamber1_2018_04_12_17_03_53.jpg,jpg,2018-04-12,17.05
2,Module02Chamber1_2018_04_12_18_27_37.jpg,jpg,2018-04-12,18.45
2,Module02Chamber1_2018_04_12_19_52_27.jpg,jpg,2018-04-12,19.866666666666667
2,Module02Chamber1_2018_04_12_21_17_53.jpg,jpg,2018-04-12,21.283333333333335
2,Module02Chamber1_2018_04_12_22_41_04.jpg,jpg,2018-04-12,22.683333333333334
2,Module02Chamber1_2018_04_13_00_07_00.jpg,jpg,2018-04-13,0.11666666666666667
2,Module02Chamber1_2018_04_13_01_30_39.jpg,jpg,2018-04-13,1.5
2,Module02Chamber1_2018_04_13_14_18_08.jpg,jpg,2018-04-13,14.3
2,Module02Chamber1_2018_04_13_15_40_41.jpg,jpg,2018-04-13,15.666666666666666
2,Module02Chamber1_2018_04_13_17_06_55.jpg,jpg,2018-04-13,17.1
2,Module02Chamber1_2018_04_13_18_30_15.jpg,jpg,2018-04-13,18.5
2,Module02Chamber1_2018_04_13_19_55_33.jpg,jpg,2018-04-13,19.916666666666668
2,Module02Chamber1_2018_04_13_21_20_38.jpg,jpg,2018-04-13,21.333333333333332
2,Module02Chamber1_2018_04_13_22_44_02.jpg,jpg,2018-04-13,22.733333333333334
2,Module02Chamber1_2018_04_14_00_10_22.jpg,jpg,2018-04-14,0.16666666666666666
2,Module02Chamber1_2018_04_14_01_29_43.jpg,jpg,2018-04-14,1.4833333333333334
2,Module02Chamber1_2018_04_14_14_18_08.jpg,jpg,2018-04-14,14.3
2,Module02Chamber1_2018_04_14_15_37_44.jpg,jpg,2018-04-14,15.616666666666667
2,Module02Chamber1_2018_04_14_17_04_31.jpg,jpg,2018-04-14,17.066666666666666
2,Module02Chamber1_2018_04_14_18_30_02.jpg,jpg,2018-04-14,18.5
2,Module02Chamber1_2018_04_14_19_57_36.jpg,jpg,2018-04-14,19.95
2,Module02Chamber1_2018_04_14_21_24_26.jpg,jpg,2018-04-14,21.4
2,Module02Chamber1_2018_04_14_22_53_08.jpg,jpg,2018-04-14,22.883333333333333
2,Module02Chamber1_2018_04_15_00_23_12.jpg,jpg,2018-04-15,0.38333333333333336
2,Module02Chamber1_2018_04_15_01_54_34.jpg,jpg,2018-04-15,1.9
2,Module02Chamber1_2018_04_15_14_15_14.jpg,jpg,2018-04-15,14.25
2,Module02Chamber1_2018_04_15_15_50_22.jpg,jpg,2018-04-15,15.833333333333334
2,Module02Chamber1_2018_04_15_17_19_45.jpg,jpg,2018-04-15,17.316666666666666
2,Module02Chamber1_2018_04_15_18_58_03.jpg,jpg,2018-04-15,18.966666666666665
2,Module02Chamber1_2018_04_15_20_33_05.jpg,jpg,2018-04-15,20.55
2,Module02Chamber1_2018_04_15_22_06_35.jpg,jpg,2018-04-15,22.1
2,Module02Chamber1_2018_04_15_23_43_53.jpg,jpg,2018-04-15,23.716666666666665
2,Module02Chamber1_2018_04_16_01_24_49.jpg,jpg,2018-04-16,1.4
2,Module02Chamber1_2018_04_16_14_15_27.jpg,jpg,2018-04-16,14.25
2,Module02Chamber1_2018_04_16_15_26_40.jpg,jpg,2018-04-16,15.433333333333334
2,Module02Chamber1_2018_04_16_16_31_24.jpg,jpg,2018-04-16,16.516666666666666
2,Module02Chamber1_2018_04_16_18_12_10.jpg,jpg,2018-04-16,18.2
2,Module02Chamber1_2018_04_16_19_52_45.jpg,jpg,2018-04-16,19.866666666666667
2,Module02Chamber1_2018_04_16_21_33_13.jpg,jpg,2018-04-16,21.55
2,Module02Chamber1_2018_04_16_23_09_46.jpg,jpg,2018-04-16,23.15
2,Module02Chamber1_2018_04_17_00_52_50.jpg,jpg,2018-04-17,0.8666666666666667
2,Module02Chamber1_2018_04_17_14_30_39.jpg,jpg,2018-04-17,14.5
2,Module02Chamber1_2018_04_17_16_07_39.jpg,jpg,2018-04-17,16.116666666666667
2,Module02Chamber1_2018_04_17_17_43_40.jpg,jpg,2018-04-17,17.716666666666665
2,Module02Chamber1_2018_04_17_19_19_25.jpg,jpg,2018-04-17,19.316666666666666
2,Module02Chamber1_2018_04_17_20_58_28.jpg,jpg,2018-04-17,20.966666666666665
2,Module02Chamber1_2018_04_17_22_38_35.jpg,jpg,2018-04-17,22.633333333333333
2,Module02Chamber1_2018_04_18_00_21_59.jpg,jpg,2018-04-18,0.35
2,Module02Chamber1_2018_04_18_02_05_25.jpg,jpg,2018-04-18,2.0833333333333335
2,Module02Chamber1_2018_04_18_14_29_39.jpg,jpg,2018-04-18,14.483333333333333
2,Module02Chamber1_2018_04_18_15_54_29.jpg,jpg,2018-04-18,15.9
2,Module02Chamber1_2018_04_18_17_23_14.jpg,jpg,2018-04-18,17.383333333333333
2,Module02Chamber1_2018_04_18_18_51_31.jpg,jpg,2018-04-18,18.85
2,Module02Chamber1_2018_04_18_20_21_02.jpg,jpg,2018-04-18,20.35
2,Module02Chamber1_2018_04_18_21_53_06.jpg,jpg,2018-04-18,21.883333333333333
2,Module02Chamber1_2018_04_18_23_18_39.jpg,jpg,2018-04-18,23.3
2,Module02Chamber1_2018_04_19_00_45_21.jpg,jpg,2018-04-19,0.75
2,Module02Chamber1_2018_04_19_02_15_58.jpg,jpg,2018-04-19,2.25
2,Module02Chamber1_2018_04_19_14_29_39.jpg,jpg,2018-04-19,14.483333333333333
2,Module02Chamber1_2018_04_19_15_58_16.jpg,jpg,2018-04-19,15.966666666666667
2,Module02Chamber1_2018_04_19_17_26_24.jpg,jpg,2018-04-19,17.433333333333334
2,Module02Chamber1_2018_04_19_18_54_12.jpg,jpg,2018-04-19,18.9
2,Module02Chamber1_2018_04_19_20_19_36.jpg,jpg,2018-04-19,20.316666666666666
2,Module02Chamber1_2018_04_19_21_50_20.jpg,jpg,2018-04-19,21.833333333333332
2,Module02Chamber1_2018_04_19_23_16_10.jpg,jpg,2018-04-19,23.266666666666666
2,Module02Chamber1_2018_04_20_00_42_33.jpg,jpg,2018-04-20,0.7
2,Module02Chamber1_2018_04_20_02_11_59.jpg,jpg,2018-04-20,2.183333333333333
2,Module02Chamber1_2018_04_20_14_29_39.jpg,jpg,2018-04-20,14.483333333333333
2,Module02Chamber1_2018_04_20_15_58_24.jpg,jpg,2018-04-20,15.966666666666667
2,Module02Chamber1_2018_04_20_17_25_38.jpg,jpg,2018-04-20,17.416666666666668
2,Module02Chamber1_2018_04_20_18_48_58.jpg,jpg,2018-04-20,18.8
2,Module02Chamber1_2018_04_20_20_17_56.jpg,jpg,2018-04-20,20.283333333333335
2,Module02Chamber1_2018_04_20_21_44_14.jpg,jpg,2018-04-20,21.733333333333334
2,Module02Chamber1_2018_04_20_23_17_06.jpg,jpg,2018-04-20,23.283333333333335
2,Module02Chamber1_2018_04_21_00_43_24.jpg,jpg,2018-04-21,0.7166666666666667
2,Module02Chamber1_2018_04_21_02_12_21.jpg,jpg,2018-04-21,2.2
2,Module02Chamber1_2018_04_21_14_29_39.jpg,jpg,2018-04-21,14.483333333333333
2,Module02Chamber1_2018_04_21_15_57_29.jpg,jpg,2018-04-21,15.95
2,Module02Chamber1_2018_04_21_17_25_01.jpg,jpg,2018-04-21,17.416666666666668
2,Module02Chamber1_2018_04_21_18_52_17.jpg,jpg,2018-04-21,18.866666666666667
2,Module02Chamber1_2018_04_21_20_20_15.jpg,jpg,2018-04-21,20.333333333333332
2,Module02Chamber1_2018_04_21_21_47_05.jpg,jpg,2018-04-21,21.783333333333335
2,Module02Chamber1_2018_04_21_23_16_14.jpg,jpg,2018-04-21,23.266666666666666
2,Module02Chamber1_2018_04_22_00_41_36.jpg,jpg,2018-04-22,0.6833333333333333
2,Module02Chamber1_2018_04_22_02_10_17.jpg,jpg,2018-04-22,2.1666666666666665
2,Module02Chamber1_2018_04_22_15_13_32.jpg,jpg,2018-04-22,15.216666666666667
2,Module02Chamber1_2018_04_22_16_31_26.jpg,jpg,2018-04-22,16.516666666666666
2,Module02Chamber1_2018_04_22_17_47_28.jpg,jpg,2018-04-22,17.783333333333335
2,Module02Chamber1_2018_04_22_19_11_23.jpg,jpg,2018-04-22,19.183333333333334
2,Module02Chamber1_2018_04_22_20_29_01.jpg,jpg,2018-04-22,20.483333333333334
2,Module02Chamber1_2018_04_22_21_48_00.jpg,jpg,2018-04-22,21.8
2,Module02Chamber1_2018_04_22_23_07_46.jpg,jpg,2018-04-22,23.116666666666667
2,Module02Chamber1_2018_04_23_00_25_30.jpg,jpg,2018-04-23,0.4166666666666667
2,Module02Chamber1_2018_04_23_01_43_24.jpg,jpg,2018-04-23,1.7166666666666668
2,Module02Chamber1_2018_04_23_02_58_51.jpg,jpg,2018-04-23,2.966666666666667
2,Module02Chamber1_2018_04_23_15_13_12.jpg,jpg,2018-04-23,15.216666666666667
2,Module02Chamber1_2018_04_23_16_30_20.jpg,jpg,2018-04-23,16.5
2,Module02Chamber1_2018_04_23_17_48_38.jpg,jpg,2018-04-23,17.8
2,Module02Chamber1_2018_04_23_19_02_47.jpg,jpg,2018-04-23,19.033333333333335
2,Module02Chamber1_2018_04_23_20_23_20.jpg,jpg,2018-04-23,20.383333333333333
2,Module02Chamber1_2018_04_23_21_39_40.jpg,jpg,2018-04-23,21.65
2,Module02Chamber1_2018_04_23_22_54_43.jpg,jpg,2018-04-23,22.9
2,Module02Chamber1_2018_04_24_00_17_29.jpg,jpg,2018-04-24,0.2833333333333333
2,Module02Chamber1_2018_04_24_01_33_45.jpg,jpg,2018-04-24,1.55
2,Module02Chamber1_2018_04_24_02_52_38.jpg,jpg,2018-04-24,2.8666666666666667
2,Module02Chamber1_2018_04_24_15_09_35.jpg,jpg,2018-04-24,15.15
2,Module02Chamber1_2018_04_24_16_29_52.jpg,jpg,2018-04-24,16.483333333333334
2,Module02Chamber1_2018_04_24_17_44_17.jpg,jpg,2018-04-24,17.733333333333334
2,Module02Chamber1_2018_04_24_20_21_55.jpg,jpg,2018-04-24,20.35
2,Module02Chamber1_2018_04_24_21_43_21.jpg,jpg,2018-04-24,21.716666666666665
2,Module02Chamber1_2018_04_24_23_00_07.jpg,jpg,2018-04-24,23.0
2,Module02Chamber1_2018_04_25_00_24_12.jpg,jpg,2018-04-25,0.4
2,Module02Chamber1_2018_04_25_01_41_49.jpg,jpg,2018-04-25,1.6833333333333333
2,Module02Chamber1_2018_04_25_15_14_04.jpg,jpg,2018-04-25,15.233333333333333
2,Module02Chamber1_2018_04_25_16_37_45.jpg,jpg,2018-04-25,16.616666666666667
2,Module02Chamber1_2018_04_25_18_05_26.jpg,jpg,2018-04-25,18.083333333333332
2,Module02Chamber1_2018_04_25_19_32_28.jpg,jpg,2018-04-25,19.533333333333335
2,Module02Chamber1_2018_04_25_21_01_39.jpg,jpg,2018-04-25,21.016666666666666
2,Module02Chamber1_2018_04_25_22_26_55.jpg,jpg,2018-04-25,22.433333333333334
2,Module02Chamber1_2018_04_25_23_58_54.jpg,jpg,2018-04-25,23.966666666666665
2,Module02Chamber1_2018_04_26_01_30_01.jpg,jpg,2018-04-26,1.5
2,Module02Chamber1_2018_04_26_15_16_05.jpg,jpg,2018-04-26,15.266666666666667
2,Module02Chamber1_2018_04_26_16_52_22.jpg,jpg,2018-04-26,16.866666666666667
2,Module02Chamber1_2018_04_26_18_31_18.jpg,jpg,2018-04-26,18.516666666666666
2,Module02Chamber1_2018_04_26_20_08_55.jpg,jpg,2018-04-26,20.133333333333333
2,Module02Chamber1_2018_04_26_21_55_01.jpg,jpg,2018-04-26,21.916666666666668
2,Module02Chamber1_2018_04_26_23_38_00.jpg,jpg,2018-04-26,23.633333333333333
2,Module02Chamber1_2018_04_27_01_22_24.jpg,jpg,2018-04-27,1.3666666666666667
2,Module02Chamber1_2018_04_27_15_12_56.jpg,jpg,2018-04-27,15.2
2,Module02Chamber1_2018_04_27_16_57_45.jpg,jpg,2018-04-27,16.95
2,Module02Chamber1_2018_04_27_18_26_36.jpg,jpg,2018-04-27,18.433333333333334
2,Module02Chamber1_2018_04_27_20_04_36.jpg,jpg,2018-04-27,20.066666666666666
2,Module02Chamber1_2018_04_27_21_32_17.jpg,jpg,2018-04-27,21.533333333333335
2,Module02Chamber1_2018_04_27_23_11_06.jpg,jpg,2018-04-27,23.183333333333334
2,Module02Chamber1_2018_04_28_00_38_34.jpg,jpg,2018-04-28,0.6333333333333333
2,Module02Chamber1_2018_04_28_02_17_28.jpg,jpg,2018-04-28,2.283333333333333
2,Module02Chamber1_2018_04_28_15_14_23.jpg,jpg,2018-04-28,15.233333333333333
2,Module02Chamber1_2018_04_28_16_34_25.jpg,jpg,2018-04-28,16.566666666666666
2,Module02Chamber1_2018_04_28_18_01_52.jpg,jpg,2018-04-28,18.016666666666666
2,Module02Chamber1_2018_04_28_19_27_20.jpg,jpg,2018-04-28,19.45
2,Module02Chamber1_2018_04_28_20_53_11.jpg,jpg,2018-04-28,20.883333333333333
2,Module02Chamber1_2018_04_28_22_23_03.jpg,jpg,2018-04-28,22.383333333333333
2,Module02Chamber1_2018_04_28_23_48_10.jpg,jpg,2018-04-28,23.8
2,Module02Chamber1_2018_04_29_01_11_52.jpg,jpg,2018-04-29,1.1833333333333333
2,Module02Chamber1-2018-04-06-11-19-17.mp4,mp4,2018-04-06,11.316666666666666
2,Module02Chamber1_2018_04_29_02_40_34.jpg,jpg,2018-04-29,2.6666666666666665
2,Module02Chamber1_2018_04_29_15_10_25.jpg,jpg,2018-04-29,15.166666666666666
2,Module02Chamber1-2018-04-06-15-21-20.mp4,mp4,2018-04-06,15.35
2,Module02Chamber1_2018_04_29_16_38_35.jpg,jpg,2018-04-29,16.633333333333333
2,Module02Chamber1_2018_04_29_18_01_25.jpg,jpg,2018-04-29,18.016666666666666
2,Module02Chamber1-2018-04-06-19-16-53.mp4,mp4,2018-04-06,19.266666666666666
2,Module02Chamber1-2018-04-06-20-42-48.mp4,mp4,2018-04-06,20.7
2,Module02Chamber1-2018-04-06-22-12-35.mp4,mp4,2018-04-06,22.2
2,Module02Chamber1-2018-04-07-11-28-27.mp4,mp4,2018-04-07,11.466666666666667
2,Module02Chamber1-2018-04-07-12-55-59.mp4,mp4,2018-04-07,12.916666666666666
2,Module02Chamber1_2018_04_29_19_26_41.jpg,jpg,2018-04-29,19.433333333333334
2,Module02Chamber1_2018_04_29_20_56_56.jpg,jpg,2018-04-29,20.933333333333334
2,Module02Chamber1-2018-04-07-18-56-40.mp4,mp4,2018-04-07,18.933333333333334
2,Module02Chamber1-2018-04-07-19-56-01.mp4,mp4,2018-04-07,19.933333333333334
2,Module02Chamber1_2018_04_29_22_22_19.jpg,jpg,2018-04-29,22.366666666666667
2,Module02Chamber1-2018-04-07-22-29-04.mp4,mp4,2018-04-07,22.483333333333334
2,Module02Chamber1-2018-04-07-23-52-08.mp4,mp4,2018-04-07,23.866666666666667
2,Module02Chamber1-2018-04-08-13-01-59.mp4,mp4,2018-04-08,13.016666666666667
2,Module02Chamber1-2018-04-08-14-30-37.mp4,mp4,2018-04-08,14.5
2,Module02Chamber1-2018-04-08-16-06-01.mp4,mp4,2018-04-08,16.1
2,Module02Chamber1-2018-04-08-17-04-36.mp4,mp4,2018-04-08,17.066666666666666
2,Module02Chamber1-2018-04-08-18-22-29.mp4,mp4,2018-04-08,18.366666666666667
2,Module02Chamber1-2018-04-08-19-43-36.mp4,mp4,2018-04-08,19.716666666666665
2,Module02Chamber1-2018-04-08-21-13-28.mp4,mp4,2018-04-08,21.216666666666665
2,Module02Chamber1-2018-04-08-22-37-36.mp4,mp4,2018-04-08,22.616666666666667
2,Module02Chamber1_2018_04_29_23_47_46.jpg,jpg,2018-04-29,23.783333333333335
2,Module02Chamber1_2018_04_30_01_19_55.jpg,jpg,2018-04-30,1.3166666666666667
2,Module02Chamber1-2018-04-09-14-29-45.mp4,mp4,2018-04-09,14.483333333333333
2,Module02Chamber1-2018-04-09-15-59-12.mp4,mp4,2018-04-09,15.983333333333333
2,Module02Chamber1-2018-04-09-17-25-05.mp4,mp4,2018-04-09,17.416666666666668
2,Module02Chamber1-2018-04-09-18-45-35.mp4,mp4,2018-04-09,18.75
2,Module02Chamber1_2018_04_30_02_44_50.jpg,jpg,2018-04-30,2.7333333333333334
2,Module02Chamber1_2018_05_02_07_59_21.jpg,jpg,2018-05-02,7.983333333333333
2,Module02Chamber1-2018-04-09-22-56-02.mp4,mp4,2018-04-09,22.933333333333334
2,Module02Chamber1_2018_05_02_09_00_54.jpg,jpg,2018-05-02,9.0
2,Module02Chamber1-2018-04-10-13-04-58.mp4,mp4,2018-04-10,13.066666666666666
2,Module02Chamber1-2018-04-10-14-33-15.mp4,mp4,2018-04-10,14.55
2,Module02Chamber1-2018-04-10-15-58-28.mp4,mp4,2018-04-10,15.966666666666667
2,Module02Chamber1-2018-04-10-17-23-48.mp4,mp4,2018-04-10,17.383333333333333
2,Module02Chamber1_2018_05_02_10_00_47.jpg,jpg,2018-05-02,10.0
2,Module02Chamber1-2018-04-10-20-14-49.mp4,mp4,2018-04-10,20.233333333333334
2,Module02Chamber1_2018_05_02_11_04_11.jpg,jpg,2018-05-02,11.066666666666666
2,Module02Chamber1-2018-04-10-23-06-03.mp4,mp4,2018-04-10,23.1
2,Module02Chamber1_2018_05_02_12_05_39.jpg,jpg,2018-05-02,12.083333333333334
2,Module02Chamber1-2018-04-11-14-14-09.mp4,mp4,2018-04-11,14.233333333333333
2,Module02Chamber1-2018-04-11-15-14-15.mp4,mp4,2018-04-11,15.233333333333333
2,Module02Chamber1-2018-04-11-16-18-06.mp4,mp4,2018-04-11,16.3
2,Module02Chamber1-2018-04-11-17-19-09.mp4,mp4,2018-04-11,17.316666666666666
2,Module02Chamber1-2018-04-11-18-36-59.mp4,mp4,2018-04-11,18.6
2,Module02Chamber1-2018-04-11-20-03-15.mp4,mp4,2018-04-11,20.05
2,Module02Chamber1-2018-04-11-21-23-52.mp4,mp4,2018-04-11,21.383333333333333
2,Module02Chamber1-2018-04-11-22-51-58.mp4,mp4,2018-04-11,22.85
2,Module02Chamber1_2018_05_02_13_09_52.jpg,jpg,2018-05-02,13.15
2,Module02Chamber1-2018-04-12-01-41-37.mp4,mp4,2018-04-12,1.6833333333333333
2,Module02Chamber1-2018-04-12-14-18-07.mp4,mp4,2018-04-12,14.3
2,Module02Chamber1-2018-04-12-15-37-51.mp4,mp4,2018-04-12,15.616666666666667
2,Module02Chamber1-2018-04-12-17-03-53.mp4,mp4,2018-04-12,17.05
2,Module02Chamber1-2018-04-12-18-27-37.mp4,mp4,2018-04-12,18.45
2,Module02Chamber1-2018-04-12-19-52-27.mp4,mp4,2018-04-12,19.866666666666667
2,Module02Chamber1-2018-04-12-21-17-53.mp4,mp4,2018-04-12,21.283333333333335
2,Module02Chamber1-2018-04-12-22-41-04.mp4,mp4,2018-04-12,22.683333333333334
2,Module02Chamber1_2018_05_02_14_17_07.jpg,jpg,2018-05-02,14.283333333333333
2,Module02Chamber1-2018-04-13-01-30-39.mp4,mp4,2018-04-13,1.5
2,Module02Chamber1-2018-04-13-14-18-08.mp4,mp4,2018-04-13,14.3
2,Module02Chamber1-2018-04-13-15-40-41.mp4,mp4,2018-04-13,15.666666666666666
2,Module02Chamber1-2018-04-13-17-06-55.mp4,mp4,2018-04-13,17.1
2,Module02Chamber1-2018-04-13-18-30-15.mp4,mp4,2018-04-13,18.5
2,Module02Chamber1-2018-04-13-19-55-33.mp4,mp4,2018-04-13,19.916666666666668
2,Module02Chamber1-2018-04-13-21-20-38.mp4,mp4,2018-04-13,21.333333333333332
2,Module02Chamber1-2018-04-13-22-44-02.mp4,mp4,2018-04-13,22.733333333333334
2,Module02Chamber1_2018_05_02_15_21_29.jpg,jpg,2018-05-02,15.35
2,Module02Chamber1_2018_05_02_16_25_27.jpg,jpg,2018-05-02,16.416666666666668
2,Module02Chamber1-2018-04-14-14-18-08.mp4,mp4,2018-04-14,14.3
2,Module02Chamber1-2018-04-14-15-37-44.mp4,mp4,2018-04-14,15.616666666666667
2,Module02Chamber1-2018-04-14-17-04-31.mp4,mp4,2018-04-14,17.066666666666666
2,Module02Chamber1-2018-04-14-18-30-02.mp4,mp4,2018-04-14,18.5
2,Module02Chamber1-2018-04-14-19-57-36.mp4,mp4,2018-04-14,19.95
2,Module02Chamber1-2018-04-14-21-24-26.mp4,mp4,2018-04-14,21.4
2,Module02Chamber1-2018-04-14-22-53-08.mp4,mp4,2018-04-14,22.883333333333333
2,Module02Chamber1_2018_05_02_17_29_52.jpg,jpg,2018-05-02,17.483333333333334
2,Module02Chamber1_2018_05_02_18_33_54.jpg,jpg,2018-05-02,18.55
2,Module02Chamber1-2018-04-15-14-15-14.mp4,mp4,2018-04-15,14.25
2,Module02Chamber1-2018-04-15-15-50-22.mp4,mp4,2018-04-15,15.833333333333334
2,Module02Chamber1-2018-04-15-17-19-45.mp4,mp4,2018-04-15,17.316666666666666
2,Module02Chamber1-2018-04-15-18-58-03.mp4,mp4,2018-04-15,18.966666666666665
2,Module02Chamber1-2018-04-15-20-33-05.mp4,mp4,2018-04-15,20.55
2,Module02Chamber1-2018-04-15-22-06-35.mp4,mp4,2018-04-15,22.1
2,Module02Chamber1-2018-04-15-23-43-53.mp4,mp4,2018-04-15,23.716666666666665
2,Module02Chamber1_2018_05_02_19_38_07.jpg,jpg,2018-05-02,19.633333333333333
2,Module02Chamber1-2018-04-16-14-15-27.mp4,mp4,2018-04-16,14.25
2,Module02Chamber1-2018-04-16-15-26-40.mp4,mp4,2018-04-16,15.433333333333334
2,Module02Chamber1-2018-04-16-16-31-24.mp4,mp4,2018-04-16,16.516666666666666
2,Module02Chamber1-2018-04-16-18-12-10.mp4,mp4,2018-04-16,18.2
2,Module02Chamber1-2018-04-16-19-52-45.mp4,mp4,2018-04-16,19.866666666666667
2,Module02Chamber1_2018_05_03_08_08_54.jpg,jpg,2018-05-03,8.133333333333333
2,Module02Chamber1_2018_05_03_09_52_45.jpg,jpg,2018-05-03,9.866666666666667
2,Module02Chamber1-2018-04-17-00-52-50.mp4,mp4,2018-04-17,0.8666666666666667
2,Module02Chamber1-2018-04-17-14-30-39.mp4,mp4,2018-04-17,14.5
2,Module02Chamber1-2018-04-17-16-07-39.mp4,mp4,2018-04-17,16.116666666666667
2,Module02Chamber1-2018-04-17-17-43-40.mp4,mp4,2018-04-17,17.716666666666665
2,Module02Chamber1-2018-04-17-19-19-25.mp4,mp4,2018-04-17,19.316666666666666
2,Module02Chamber1-2018-04-17-20-58-28.mp4,mp4,2018-04-17,20.966666666666665
2,Module02Chamber1-2018-04-17-22-38-35.mp4,mp4,2018-04-17,22.633333333333333
2,Module02Chamber1_2018_05_03_11_20_32.jpg,jpg,2018-05-03,11.333333333333334
2,Module02Chamber1_2018_05_03_12_20_44.jpg,jpg,2018-05-03,12.333333333333334
2,Module02Chamber1-2018-04-18-14-29-39.mp4,mp4,2018-04-18,14.483333333333333
2,Module02Chamber1-2018-04-18-15-54-29.mp4,mp4,2018-04-18,15.9
2,Module02Chamber1-2018-04-18-17-23-14.mp4,mp4,2018-04-18,17.383333333333333
2,Module02Chamber1-2018-04-18-18-51-31.mp4,mp4,2018-04-18,18.85
2,Module02Chamber1-2018-04-18-20-21-02.mp4,mp4,2018-04-18,20.35
2,Module02Chamber1-2018-04-18-21-53-06.mp4,mp4,2018-04-18,21.883333333333333
2,Module02Chamber1-2018-04-18-23-18-39.mp4,mp4,2018-04-18,23.3
2,Module02Chamber1_2018_05_03_13_26_24.jpg,jpg,2018-05-03,13.433333333333334
2,Module02Chamber1-2018-04-19-02-15-58.mp4,mp4,2018-04-19,2.25
2,Module02Chamber1-2018-04-19-14-29-39.mp4,mp4,2018-04-19,14.483333333333333
2,Module02Chamber1-2018-04-19-15-58-16.mp4,mp4,2018-04-19,15.966666666666667
2,Module02Chamber1-2018-04-19-17-26-24.mp4,mp4,2018-04-19,17.433333333333334
2,Module02Chamber1-2018-04-19-18-54-12.mp4,mp4,2018-04-19,18.9
2,Module02Chamber1-2018-04-19-20-19-36.mp4,mp4,2018-04-19,20.316666666666666
2,Module02Chamber1-2018-04-19-21-50-20.mp4,mp4,2018-04-19,21.833333333333332
2,Module02Chamber1-2018-04-19-23-16-10.mp4,mp4,2018-04-19,23.266666666666666
2,Module02Chamber1_2018_05_03_14_29_21.jpg,jpg,2018-05-03,14.483333333333333
2,Module02Chamber1-2018-04-20-02-11-59.mp4,mp4,2018-04-20,2.183333333333333
2,Module02Chamber1-2018-04-20-14-29-39.mp4,mp4,2018-04-20,14.483333333333333
2,Module02Chamber1-2018-04-20-15-58-24.mp4,mp4,2018-04-20,15.966666666666667
2,Module02Chamber1-2018-04-20-17-25-38.mp4,mp4,2018-04-20,17.416666666666668
2,Module02Chamber1-2018-04-20-18-48-58.mp4,mp4,2018-04-20,18.8
2,Module02Chamber1-2018-04-20-20-17-56.mp4,mp4,2018-04-20,20.283333333333335
2,Module02Chamber1-2018-04-20-21-44-14.mp4,mp4,2018-04-20,21.733333333333334
2,Module02Chamber1-2018-04-20-23-17-06.mp4,mp4,2018-04-20,23.283333333333335
2,Module02Chamber1_2018_05_03_15_32_31.jpg,jpg,2018-05-03,15.533333333333333
2,Module02Chamber1-2018-04-21-02-12-21.mp4,mp4,2018-04-21,2.2
2,Module02Chamber1-2018-04-21-14-29-39.mp4,mp4,2018-04-21,14.483333333333333
2,Module02Chamber1-2018-04-21-15-57-29.mp4,mp4,2018-04-21,15.95
2,Module02Chamber1-2018-04-21-17-25-01.mp4,mp4,2018-04-21,17.416666666666668
2,Module02Chamber1-2018-04-21-18-52-17.mp4,mp4,2018-04-21,18.866666666666667
2,Module02Chamber1-2018-04-21-20-20-15.mp4,mp4,2018-04-21,20.333333333333332
2,Module02Chamber1-2018-04-21-21-47-05.mp4,mp4,2018-04-21,21.783333333333335
2,Module02Chamber1-2018-04-21-23-16-14.mp4,mp4,2018-04-21,23.266666666666666
2,Module02Chamber1_2018_05_03_16_35_22.jpg,jpg,2018-05-03,16.583333333333332
2,Module02Chamber1-2018-04-22-02-10-17.mp4,mp4,2018-04-22,2.1666666666666665
2,Module02Chamber1-2018-04-22-15-13-32.mp4,mp4,2018-04-22,15.216666666666667
2,Module02Chamber1-2018-04-22-16-31-26.mp4,mp4,2018-04-22,16.516666666666666
2,Module02Chamber1-2018-04-22-17-47-28.mp4,mp4,2018-04-22,17.783333333333335
2,Module02Chamber1-2018-04-22-19-11-23.mp4,mp4,2018-04-22,19.183333333333334
2,Module02Chamber1-2018-04-22-20-29-01.mp4,mp4,2018-04-22,20.483333333333334
2,Module02Chamber1-2018-04-22-21-48-00.mp4,mp4,2018-04-22,21.8
2,Module02Chamber1-2018-04-22-23-07-46.mp4,mp4,2018-04-22,23.116666666666667
2,Module02Chamber1_2018_05_03_17_38_29.jpg,jpg,2018-05-03,17.633333333333333
2,Module02Chamber1-2018-04-23-01-43-24.mp4,mp4,2018-04-23,1.7166666666666668
2,Module02Chamber1-2018-04-23-02-58-51.mp4,mp4,2018-04-23,2.966666666666667
2,Module02Chamber1-2018-04-23-15-13-12.mp4,mp4,2018-04-23,15.216666666666667
2,Module02Chamber1-2018-04-23-16-30-20.mp4,mp4,2018-04-23,16.5
2,Module02Chamber1-2018-04-23-17-48-38.mp4,mp4,2018-04-23,17.8
2,Module02Chamber1-2018-04-23-19-02-47.mp4,mp4,2018-04-23,19.033333333333335
2,Module02Chamber1-2018-04-23-20-23-20.mp4,mp4,2018-04-23,20.383333333333333
2,Module02Chamber1-2018-04-23-21-39-40.mp4,mp4,2018-04-23,21.65
2,Module02Chamber1-2018-04-23-22-54-43.mp4,mp4,2018-04-23,22.9
2,Module02Chamber1_2018_05_03_18_41_14.jpg,jpg,2018-05-03,18.683333333333334
2,Module02Chamber1_2018_05_03_19_44_00.jpg,jpg,2018-05-03,19.733333333333334
2,Module02Chamber1-2018-04-24-02-52-38.mp4,mp4,2018-04-24,2.8666666666666667
2,Module02Chamber1-2018-04-24-15-09-35.mp4,mp4,2018-04-24,15.15
2,Module02Chamber1-2018-04-24-16-29-52.mp4,mp4,2018-04-24,16.483333333333334
2,Module02Chamber1-2018-04-24-17-44-17.mp4,mp4,2018-04-24,17.733333333333334
2,Module02Chamber1-2018-04-24-20-21-55.mp4,mp4,2018-04-24,20.35
2,Module02Chamber1-2018-04-24-21-43-21.mp4,mp4,2018-04-24,21.716666666666665
2,Module02Chamber1-2018-04-24-23-00-07.mp4,mp4,2018-04-24,23.0
2,Module02Chamber1-2018-04-25-01-41-49.mp4,mp4,2018-04-25,1.6833333333333333
2,Module02Chamber1-2018-04-25-15-14-04.mp4,mp4,2018-04-25,15.233333333333333
2,Module02Chamber1-2018-04-25-16-37-45.mp4,mp4,2018-04-25,16.616666666666667
2,Module02Chamber1-2018-04-25-18-05-26.mp4,mp4,2018-04-25,18.083333333333332
2,Module02Chamber1-2018-04-25-19-32-28.mp4,mp4,2018-04-25,19.533333333333335
2,Module02Chamber1-2018-04-25-21-01-39.mp4,mp4,2018-04-25,21.016666666666666
2,Module02Chamber1-2018-04-25-22-26-55.mp4,mp4,2018-04-25,22.433333333333334
2,Module02Chamber1-2018-04-25-23-58-54.mp4,mp4,2018-04-25,23.966666666666665
2,Module02Chamber1-2018-04-26-01-30-01.mp4,mp4,2018-04-26,1.5
2,Module02Chamber1-2018-04-26-15-16-05.mp4,mp4,2018-04-26,15.266666666666667
2,Module02Chamber1-2018-04-26-16-52-22.mp4,mp4,2018-04-26,16.866666666666667
2,Module02Chamber1-2018-04-26-18-31-18.mp4,mp4,2018-04-26,18.516666666666666
2,Module02Chamber1-2018-04-26-20-08-55.mp4,mp4,2018-04-26,20.133333333333333
2,Module02Chamber1-2018-04-26-21-55-01.mp4,mp4,2018-04-26,21.916666666666668
2,Module02Chamber1-2018-04-26-23-38-00.mp4,mp4,2018-04-26,23.633333333333333
2,Module02Chamber1-2018-04-27-01-22-24.mp4,mp4,2018-04-27,1.3666666666666667
2,Module02Chamber1-2018-04-27-15-12-56.mp4,mp4,2018-04-27,15.2
2,Module02Chamber1-2018-04-27-16-57-45.mp4,mp4,2018-04-27,16.95
2,Module02Chamber1-2018-04-27-18-26-36.mp4,mp4,2018-04-27,18.433333333333334
2,Module02Chamber1-2018-04-27-20-04-36.mp4,mp4,2018-04-27,20.066666666666666
2,Module02Chamber1-2018-04-27-21-32-17.mp4,mp4,2018-04-27,21.533333333333335
2,Module02Chamber1-2018-04-27-23-11-06.mp4,mp4,2018-04-27,23.183333333333334
2,Module02Chamber1-2018-04-28-15-14-23.mp4,mp4,2018-04-28,15.233333333333333
2,Module02Chamber1-2018-04-28-16-34-25.mp4,mp4,2018-04-28,16.566666666666666
2,Module02Chamber1-2018-04-28-18-01-52.mp4,mp4,2018-04-28,18.016666666666666
2,Module02Chamber1-2018-04-28-19-27-20.mp4,mp4,2018-04-28,19.45
2,Module02Chamber1-2018-04-28-20-53-11.mp4,mp4,2018-04-28,20.883333333333333
2,Module02Chamber1-2018-04-28-22-23-03.mp4,mp4,2018-04-28,22.383333333333333
2,Module02Chamber1-2018-04-28-23-48-10.mp4,mp4,2018-04-28,23.8
2,Module02Chamber1-2018-04-29-02-40-34.mp4,mp4,2018-04-29,2.6666666666666665
2,Module02Chamber1-2018-04-29-15-10-25.mp4,mp4,2018-04-29,15.166666666666666
2,Module02Chamber1-2018-04-29-16-38-35.mp4,mp4,2018-04-29,16.633333333333333
2,Module02Chamber1-2018-04-29-18-01-25.mp4,mp4,2018-04-29,18.016666666666666
2,Module02Chamber1-2018-04-29-19-26-41.mp4,mp4,2018-04-29,19.433333333333334
2,Module02Chamber1-2018-04-29-20-56-56.mp4,mp4,2018-04-29,20.933333333333334
2,Module02Chamber1-2018-04-29-22-22-19.mp4,mp4,2018-04-29,22.366666666666667
2,Module02Chamber1-2018-04-29-23-47-46.mp4,mp4,2018-04-29,23.783333333333335
2,Module02Chamber1-2018-04-30-01-19-55.mp4,mp4,2018-04-30,1.3166666666666667
2,Module02Chamber1-2018-04-30-02-44-50.mp4,mp4,2018-04-30,2.7333333333333334
2,Module02Chamber1-2018-05-02-09-00-54.mp4,mp4,2018-05-02,9.0
2,Module02Chamber1-2018-05-02-10-00-47.mp4,mp4,2018-05-02,10.0
2,Module02Chamber1-2018-05-02-11-04-11.mp4,mp4,2018-05-02,11.066666666666666
2,Module02Chamber1-2018-05-02-12-05-39.mp4,mp4,2018-05-02,12.083333333333334
2,Module02Chamber1-2018-05-02-13-09-52.mp4,mp4,2018-05-02,13.15
2,Module02Chamber1-2018-05-02-14-17-07.mp4,mp4,2018-05-02,14.283333333333333
2,Module02Chamber1-2018-05-02-15-21-29.mp4,mp4,2018-05-02,15.35
2,Module02Chamber1-2018-05-02-16-25-27.mp4,mp4,2018-05-02,16.416666666666668
2,Module02Chamber1-2018-05-02-17-29-52.mp4,mp4,2018-05-02,17.483333333333334
2,Module02Chamber1-2018-05-02-18-33-54.mp4,mp4,2018-05-02,18.55
2,Module02Chamber1-2018-05-02-19-38-07.mp4,mp4,2018-05-02,19.633333333333333
2,Module02Chamber1-2018-05-03-09-52-45.mp4,mp4,2018-05-03,9.866666666666667
2,Module02Chamber1-2018-05-03-11-20-32.mp4,mp4,2018-05-03,11.333333333333334
2,Module02Chamber1-2018-05-03-12-20-44.mp4,mp4,2018-05-03,12.333333333333334
2,Module02Chamber1-2018-05-03-13-26-24.mp4,mp4,2018-05-03,13.433333333333334
2,Module02Chamber1-2018-05-03-15-32-31.mp4,mp4,2018-05-03,15.533333333333333
2,Module02Chamber1-2018-05-03-16-35-22.mp4,mp4,2018-05-03,16.583333333333332
2,Module02Chamber1-2018-05-03-17-38-29.mp4,mp4,2018-05-03,17.633333333333333
2,Module02Chamber1-2018-05-03-18-41-14.mp4,mp4,2018-05-03,18.683333333333334
2,Module02Chamber1-2018-05-03-19-44-00.mp4,mp4,2018-05-03,19.733333333333334
2,Module02Chamber1-2018-04-07-21-07-09.mp4,mp4,2018-04-07,21.116666666666667
2,Module02Chamber1-2018-04-07-14-23-23.mp4,mp4,2018-04-07,14.383333333333333
2,Module02Chamber1-2018-05-03-14-29-21.mp4,mp4,2018-05-03,14.483333333333333
2,Module02Chamber1-2018-04-16-21-33-13.mp4,mp4,2018-04-16,21.55
2,Module02Chamber1-2018-04-10-21-39-02.mp4,mp4,2018-04-10,21.65
2,Module02Chamber1-2018-04-09-20-15-04.mp4,mp4,2018-04-09,20.25
2,Module02Chamber1-2018-04-06-17-47-24.mp4,mp4,2018-04-06,17.783333333333335
2,Module02Chamber1-2018-04-06-13-38-30.mp4,mp4,2018-04-06,13.633333333333333
2,Module02Chamber1-2018-04-09-21-32-09.mp4,mp4,2018-04-09,21.533333333333335
2,Module02Chamber1-2018-04-09-13-08-51.mp4,mp4,2018-04-09,13.133333333333333
3,Module03Chamber1-2018-04-06-13-46-03.mp4,mp4,2018-04-06,13.766666666666667
3,Module03Chamber1-2018-04-07-14-30-19.mp4,mp4,2018-04-07,14.5
3,Module03Chamber1-2018-04-09-00-12-34.mp4,mp4,2018-04-09,0.2
3,Module03Chamber1-2018-04-09-18-53-48.mp4,mp4,2018-04-09,18.883333333333333
3,Module03Chamber1-2018-04-10-00-30-54.mp4,mp4,2018-04-10,0.5
3,Module03Chamber1-2018-04-10-20-22-00.mp4,mp4,2018-04-10,20.366666666666667
3,Module03Chamber1-2018-04-11-00-38-01.mp4,mp4,2018-04-11,0.6333333333333333
3,Module03Chamber1-2018-04-12-00-24-46.mp4,mp4,2018-04-12,0.4
3,Module03Chamber1-2018-04-13-00-14-51.mp4,mp4,2018-04-13,0.23333333333333334
3,Module03Chamber1-2018-04-14-00-18-20.mp4,mp4,2018-04-14,0.3
3,Module03Chamber1-2018-04-14-21-31-52.mp4,mp4,2018-04-14,21.516666666666666
3,Module03Chamber1-2018-04-15-00-30-44.mp4,mp4,2018-04-15,0.5
3,Module03Chamber1-2018-04-15-02-03-17.mp4,mp4,2018-04-15,2.05
3,Module03Chamber1-2018-04-16-01-33-27.mp4,mp4,2018-04-16,1.55
3,Module03Chamber1-2018-04-16-20-02-30.mp4,mp4,2018-04-16,20.033333333333335
3,Module03Chamber1-2018-04-18-00-30-18.mp4,mp4,2018-04-18,0.5
3,Module03Chamber1-2018-04-18-02-14-58.mp4,mp4,2018-04-18,2.2333333333333334
3,Module03Chamber1-2018-04-22-00-49-48.mp4,mp4,2018-04-22,0.8166666666666667
3,Module03Chamber1-2018-04-24-00-23-38.mp4,mp4,2018-04-24,0.38333333333333336
3,Module03Chamber1-2018-04-24-01-40-48.mp4,mp4,2018-04-24,1.6666666666666665
3,Module03Chamber1-2018-04-26-00-07-43.mp4,mp4,2018-04-26,0.11666666666666667
3,Module03Chamber1-2018-04-28-00-47-08.mp4,mp4,2018-04-28,0.7833333333333333
3,Module03Chamber1-2018-04-28-02-24-41.mp4,mp4,2018-04-28,2.4
3,Module03Chamber1-2018-04-29-01-19-21.mp4,mp4,2018-04-29,1.3166666666666667
3,Module03Chamber1-2018-05-02-08-03-19.mp4,mp4,2018-05-02,8.05
3,Module03Chamber1-2018-05-03-08-18-22.mp4,mp4,2018-05-03,8.3
3,Module03Chamber1_2018_04_06_11_23_32.jpg,jpg,2018-04-06,11.383333333333333
3,._Module03Chamber1_2018_04_06_11_23_32.jpg,jpg,2018-04-06,11.383333333333333
3,._Module03Chamber1_2018_04_06_11_23_32.jpg,jpg,2018-04-06,11.383333333333333
3,Module03Chamber1_2018_04_06_12_25_28.jpg,jpg,2018-04-06,12.416666666666666
3,Module03Chamber1_2018_04_06_13_46_03.jpg,jpg,2018-04-06,13.766666666666667
3,Module03Chamber1_2018_04_06_15_25_48.jpg,jpg,2018-04-06,15.416666666666666
3,Module03Chamber1_2018_04_06_16_31_29.jpg,jpg,2018-04-06,16.516666666666666
3,Module03Chamber1_2018_04_06_17_55_22.jpg,jpg,2018-04-06,17.916666666666668
3,Module03Chamber1_2018_04_06_19_23_18.jpg,jpg,2018-04-06,19.383333333333333
3,Module03Chamber1_2018_04_06_20_50_29.jpg,jpg,2018-04-06,20.833333333333332
3,Module03Chamber1_2018_04_06_22_19_45.jpg,jpg,2018-04-06,22.316666666666666
3,Module03Chamber1_2018_04_07_11_35_30.jpg,jpg,2018-04-07,11.583333333333334
3,Module03Chamber1_2018_04_07_13_03_32.jpg,jpg,2018-04-07,13.05
3,Module03Chamber1_2018_04_07_14_30_19.jpg,jpg,2018-04-07,14.5
3,Module03Chamber1_2018_04_07_15_54_48.jpg,jpg,2018-04-07,15.9
3,Module03Chamber1_2018_04_07_19_01_23.jpg,jpg,2018-04-07,19.016666666666666
3,Module03Chamber1_2018_04_07_20_00_44.jpg,jpg,2018-04-07,20.0
3,Module03Chamber1_2018_04_07_21_14_27.jpg,jpg,2018-04-07,21.233333333333334
3,Module03Chamber1_2018_04_07_22_35_43.jpg,jpg,2018-04-07,22.583333333333332
3,Module03Chamber1_2018_04_07_23_59_34.jpg,jpg,2018-04-07,23.983333333333334
3,Module03Chamber1_2018_04_08_13_09_50.jpg,jpg,2018-04-08,13.15
3,Module03Chamber1_2018_04_08_14_37_39.jpg,jpg,2018-04-08,14.616666666666667
3,Module03Chamber1_2018_04_08_16_11_23.jpg,jpg,2018-04-08,16.183333333333334
3,Module03Chamber1_2018_04_08_17_09_50.jpg,jpg,2018-04-08,17.15
3,Module03Chamber1_2018_04_08_18_29_40.jpg,jpg,2018-04-08,18.483333333333334
3,Module03Chamber1_2018_04_08_19_51_35.jpg,jpg,2018-04-08,19.85
3,Module03Chamber1_2018_04_08_21_20_54.jpg,jpg,2018-04-08,21.333333333333332
3,Module03Chamber1_2018_04_08_22_45_34.jpg,jpg,2018-04-08,22.75
3,Module03Chamber1_2018_04_09_00_12_34.jpg,jpg,2018-04-09,0.2
3,Module03Chamber1_2018_04_09_13_17_02.jpg,jpg,2018-04-09,13.283333333333333
3,Module03Chamber1_2018_04_09_14_37_15.jpg,jpg,2018-04-09,14.616666666666667
3,Module03Chamber1_2018_04_09_16_07_18.jpg,jpg,2018-04-09,16.116666666666667
3,Module03Chamber1_2018_04_09_17_32_26.jpg,jpg,2018-04-09,17.533333333333335
3,Module03Chamber1_2018_04_09_18_53_48.jpg,jpg,2018-04-09,18.883333333333333
3,Module03Chamber1_2018_04_09_20_21_58.jpg,jpg,2018-04-09,20.35
3,Module03Chamber1_2018_04_09_21_39_42.jpg,jpg,2018-04-09,21.65
3,Module03Chamber1_2018_04_09_23_04_05.jpg,jpg,2018-04-09,23.066666666666666
3,Module03Chamber1_2018_04_10_00_30_54.jpg,jpg,2018-04-10,0.5
3,Module03Chamber1_2018_04_10_13_13_10.jpg,jpg,2018-04-10,13.216666666666667
3,Module03Chamber1_2018_04_10_14_40_56.jpg,jpg,2018-04-10,14.666666666666666
3,Module03Chamber1_2018_04_10_16_06_56.jpg,jpg,2018-04-10,16.1
3,Module03Chamber1_2018_04_10_17_30_56.jpg,jpg,2018-04-10,17.5
3,Module03Chamber1_2018_04_10_18_56_20.jpg,jpg,2018-04-10,18.933333333333334
3,Module03Chamber1_2018_04_10_20_22_00.jpg,jpg,2018-04-10,20.366666666666667
3,Module03Chamber1_2018_04_10_21_46_59.jpg,jpg,2018-04-10,21.766666666666666
3,Module03Chamber1_2018_04_10_23_14_23.jpg,jpg,2018-04-10,23.233333333333334
3,Module03Chamber1_2018_04_11_00_38_01.jpg,jpg,2018-04-11,0.6333333333333333
3,Module03Chamber1_2018_04_11_14_18_59.jpg,jpg,2018-04-11,14.3
3,Module03Chamber1_2018_04_11_15_19_07.jpg,jpg,2018-04-11,15.316666666666666
3,Module03Chamber1_2018_04_11_16_24_45.jpg,jpg,2018-04-11,16.4
3,Module03Chamber1_2018_04_11_17_23_35.jpg,jpg,2018-04-11,17.383333333333333
3,Module03Chamber1_2018_04_11_18_44_54.jpg,jpg,2018-04-11,18.733333333333334
3,Module03Chamber1_2018_04_11_20_11_28.jpg,jpg,2018-04-11,20.183333333333334
3,Module03Chamber1_2018_04_11_21_30_55.jpg,jpg,2018-04-11,21.5
3,Module03Chamber1_2018_04_11_23_00_19.jpg,jpg,2018-04-11,23.0
3,Module03Chamber1_2018_04_12_00_24_46.jpg,jpg,2018-04-12,0.4
3,Module03Chamber1_2018_04_12_01_49_39.jpg,jpg,2018-04-12,1.8166666666666667
3,._Module03Chamber1_2018_04_12_01_49_39.jpg,jpg,2018-04-12,1.8166666666666667
3,._Module03Chamber1_2018_04_12_01_49_39.jpg,jpg,2018-04-12,1.8166666666666667
3,Module03Chamber1_2018_04_12_14_25_02.jpg,jpg,2018-04-12,14.416666666666666
3,Module03Chamber1_2018_04_12_15_45_39.jpg,jpg,2018-04-12,15.75
3,Module03Chamber1_2018_04_12_17_11_57.jpg,jpg,2018-04-12,17.183333333333334
3,Module03Chamber1_2018_04_12_18_34_56.jpg,jpg,2018-04-12,18.566666666666666
3,Module03Chamber1_2018_04_12_20_00_23.jpg,jpg,2018-04-12,20.0
3,Module03Chamber1_2018_04_12_21_24_25.jpg,jpg,2018-04-12,21.4
3,Module03Chamber1_2018_04_12_22_49_01.jpg,jpg,2018-04-12,22.816666666666666
3,Module03Chamber1_2018_04_13_00_14_51.jpg,jpg,2018-04-13,0.23333333333333334
3,Module03Chamber1_2018_04_13_01_38_12.jpg,jpg,2018-04-13,1.6333333333333333
3,Module03Chamber1_2018_04_13_14_24_48.jpg,jpg,2018-04-13,14.4
3,Module03Chamber1_2018_04_13_15_48_45.jpg,jpg,2018-04-13,15.8
3,Module03Chamber1_2018_04_13_17_15_08.jpg,jpg,2018-04-13,17.25
3,Module03Chamber1_2018_04_13_18_37_55.jpg,jpg,2018-04-13,18.616666666666667
3,Module03Chamber1_2018_04_13_20_03_44.jpg,jpg,2018-04-13,20.05
3,Module03Chamber1_2018_04_13_21_27_32.jpg,jpg,2018-04-13,21.45
3,Module03Chamber1_2018_04_13_22_52_14.jpg,jpg,2018-04-13,22.866666666666667
3,Module03Chamber1_2018_04_14_00_18_20.jpg,jpg,2018-04-14,0.3
3,Module03Chamber1_2018_04_14_01_37_16.jpg,jpg,2018-04-14,1.6166666666666667
3,Module03Chamber1_2018_04_14_14_25_03.jpg,jpg,2018-04-14,14.416666666666666
3,Module03Chamber1_2018_04_14_15_45_34.jpg,jpg,2018-04-14,15.75
3,Module03Chamber1_2018_04_14_17_12_43.jpg,jpg,2018-04-14,17.2
3,Module03Chamber1_2018_04_14_18_37_42.jpg,jpg,2018-04-14,18.616666666666667
3,Module03Chamber1_2018_04_14_20_05_57.jpg,jpg,2018-04-14,20.083333333333332
3,Module03Chamber1_2018_04_14_21_31_52.jpg,jpg,2018-04-14,21.516666666666666
3,Module03Chamber1_2018_04_14_23_01_43.jpg,jpg,2018-04-14,23.016666666666666
3,Module03Chamber1_2018_04_15_00_30_44.jpg,jpg,2018-04-15,0.5
3,Module03Chamber1_2018_04_15_02_03_17.jpg,jpg,2018-04-15,2.05
3,Module03Chamber1_2018_04_15_14_22_48.jpg,jpg,2018-04-15,14.366666666666667
3,Module03Chamber1_2018_04_15_15_59_20.jpg,jpg,2018-04-15,15.983333333333333
3,Module03Chamber1_2018_04_15_17_27_27.jpg,jpg,2018-04-15,17.45
3,Module03Chamber1_2018_04_15_19_07_26.jpg,jpg,2018-04-15,19.116666666666667
3,Module03Chamber1_2018_04_15_20_41_50.jpg,jpg,2018-04-15,20.683333333333334
3,Module03Chamber1_2018_04_15_22_15_45.jpg,jpg,2018-04-15,22.25
3,Module03Chamber1_2018_04_15_23_53_15.jpg,jpg,2018-04-15,23.883333333333333
3,Module03Chamber1_2018_04_16_01_33_27.jpg,jpg,2018-04-16,1.55
3,Module03Chamber1_2018_04_16_14_20_55.jpg,jpg,2018-04-16,14.333333333333334
3,Module03Chamber1_2018_04_16_15_31_23.jpg,jpg,2018-04-16,15.516666666666667
3,Module03Chamber1_2018_04_16_16_37_23.jpg,jpg,2018-04-16,16.616666666666667
3,Module03Chamber1_2018_04_16_18_21_25.jpg,jpg,2018-04-16,18.35
3,Module03Chamber1_2018_04_16_20_02_30.jpg,jpg,2018-04-16,20.033333333333335
3,Module03Chamber1_2018_04_16_21_42_19.jpg,jpg,2018-04-16,21.7
3,Module03Chamber1_2018_04_16_23_18_42.jpg,jpg,2018-04-16,23.3
3,Module03Chamber1_2018_04_17_01_02_22.jpg,jpg,2018-04-17,1.0333333333333334
3,Module03Chamber1_2018_04_17_14_39_04.jpg,jpg,2018-04-17,14.65
3,Module03Chamber1_2018_04_17_16_17_00.jpg,jpg,2018-04-17,16.283333333333335
3,Module03Chamber1_2018_04_17_17_53_02.jpg,jpg,2018-04-17,17.883333333333333
3,Module03Chamber1_2018_04_17_19_27_21.jpg,jpg,2018-04-17,19.45
3,Module03Chamber1_2018_04_17_21_08_02.jpg,jpg,2018-04-17,21.133333333333333
3,Module03Chamber1_2018_04_17_22_48_03.jpg,jpg,2018-04-17,22.8
3,Module03Chamber1_2018_04_18_00_30_18.jpg,jpg,2018-04-18,0.5
3,Module03Chamber1_2018_04_18_02_14_58.jpg,jpg,2018-04-18,2.2333333333333334
3,Module03Chamber1_2018_04_18_14_37_38.jpg,jpg,2018-04-18,14.616666666666667
3,Module03Chamber1_2018_04_18_16_02_57.jpg,jpg,2018-04-18,16.033333333333335
3,Module03Chamber1_2018_04_18_17_30_32.jpg,jpg,2018-04-18,17.5
3,Module03Chamber1_2018_04_18_18_59_59.jpg,jpg,2018-04-18,18.983333333333334
3,Module03Chamber1_2018_04_18_20_28_04.jpg,jpg,2018-04-18,20.466666666666665
3,Module03Chamber1_2018_04_18_22_01_34.jpg,jpg,2018-04-18,22.016666666666666
3,Module03Chamber1_2018_04_18_23_25_42.jpg,jpg,2018-04-18,23.416666666666668
3,Module03Chamber1_2018_04_19_00_53_48.jpg,jpg,2018-04-19,0.8833333333333333
3,Module03Chamber1_2018_04_19_14_37_35.jpg,jpg,2018-04-19,14.616666666666667
3,Module03Chamber1_2018_04_19_16_06_44.jpg,jpg,2018-04-19,16.1
3,Module03Chamber1_2018_04_19_17_33_49.jpg,jpg,2018-04-19,17.55
3,Module03Chamber1_2018_04_19_19_02_40.jpg,jpg,2018-04-19,19.033333333333335
3,Module03Chamber1_2018_04_19_20_26_33.jpg,jpg,2018-04-19,20.433333333333334
3,Module03Chamber1_2018_04_19_21_58_55.jpg,jpg,2018-04-19,21.966666666666665
3,Module03Chamber1_2018_04_19_23_23_12.jpg,jpg,2018-04-19,23.383333333333333
3,Module03Chamber1_2018_04_20_00_50_47.jpg,jpg,2018-04-20,0.8333333333333334
3,Module03Chamber1_2018_04_20_14_37_28.jpg,jpg,2018-04-20,14.616666666666667
3,Module03Chamber1_2018_04_20_16_06_59.jpg,jpg,2018-04-20,16.1
3,Module03Chamber1_2018_04_20_17_33_05.jpg,jpg,2018-04-20,17.55
3,Module03Chamber1_2018_04_20_18_57_10.jpg,jpg,2018-04-20,18.95
3,Module03Chamber1_2018_04_20_20_24_44.jpg,jpg,2018-04-20,20.4
3,Module03Chamber1_2018_04_20_21_52_25.jpg,jpg,2018-04-20,21.866666666666667
3,Module03Chamber1_2018_04_20_23_24_02.jpg,jpg,2018-04-20,23.4
3,Module03Chamber1_2018_04_21_00_51_42.jpg,jpg,2018-04-21,0.85
3,Module03Chamber1_2018_04_21_14_37_27.jpg,jpg,2018-04-21,14.616666666666667
3,Module03Chamber1_2018_04_21_16_06_05.jpg,jpg,2018-04-21,16.1
3,Module03Chamber1_2018_04_21_17_32_35.jpg,jpg,2018-04-21,17.533333333333335
3,Module03Chamber1_2018_04_21_19_00_45.jpg,jpg,2018-04-21,19.0
3,Module03Chamber1_2018_04_21_20_27_26.jpg,jpg,2018-04-21,20.45
3,Module03Chamber1_2018_04_21_21_55_25.jpg,jpg,2018-04-21,21.916666666666668
3,Module03Chamber1_2018_04_21_23_23_26.jpg,jpg,2018-04-21,23.383333333333333
3,Module03Chamber1_2018_04_22_00_49_48.jpg,jpg,2018-04-22,0.8166666666666667
3,Module03Chamber1_2018_04_22_02_18_22.jpg,jpg,2018-04-22,2.3
3,Module03Chamber1_2018_04_22_15_20_27.jpg,jpg,2018-04-22,15.333333333333334
3,Module03Chamber1_2018_04_22_16_38_36.jpg,jpg,2018-04-22,16.633333333333333
3,Module03Chamber1_2018_04_22_17_54_47.jpg,jpg,2018-04-22,17.9
3,Module03Chamber1_2018_04_22_19_18_25.jpg,jpg,2018-04-22,19.3
3,Module03Chamber1_2018_04_22_20_35_55.jpg,jpg,2018-04-22,20.583333333333332
3,Module03Chamber1_2018_04_22_21_55_27.jpg,jpg,2018-04-22,21.916666666666668
3,Module03Chamber1_2018_04_22_23_15_26.jpg,jpg,2018-04-22,23.25
3,Module03Chamber1_2018_04_23_00_32_17.jpg,jpg,2018-04-23,0.5333333333333333
3,Module03Chamber1_2018_04_23_01_50_43.jpg,jpg,2018-04-23,1.8333333333333335
3,Module03Chamber1_2018_04_23_15_20_04.jpg,jpg,2018-04-23,15.333333333333334
3,Module03Chamber1_2018_04_23_16_37_17.jpg,jpg,2018-04-23,16.616666666666667
3,Module03Chamber1_2018_04_23_17_56_01.jpg,jpg,2018-04-23,17.933333333333334
3,Module03Chamber1_2018_04_23_19_10_01.jpg,jpg,2018-04-23,19.166666666666668
3,Module03Chamber1_2018_04_23_20_29_42.jpg,jpg,2018-04-23,20.483333333333334
3,Module03Chamber1_2018_04_23_21_46_56.jpg,jpg,2018-04-23,21.766666666666666
3,Module03Chamber1_2018_04_23_23_01_59.jpg,jpg,2018-04-23,23.016666666666666
3,Module03Chamber1_2018_04_24_00_23_38.jpg,jpg,2018-04-24,0.38333333333333336
3,Module03Chamber1_2018_04_24_01_40_48.jpg,jpg,2018-04-24,1.6666666666666665
3,Module03Chamber1_2018_04_24_03_00_03.jpg,jpg,2018-04-24,3.0
3,Module03Chamber1_2018_04_24_15_16_54.jpg,jpg,2018-04-24,15.266666666666667
3,Module03Chamber1_2018_04_24_16_36_46.jpg,jpg,2018-04-24,16.6
3,Module03Chamber1_2018_04_24_17_51_30.jpg,jpg,2018-04-24,17.85
3,Module03Chamber1_2018_04_24_20_28_22.jpg,jpg,2018-04-24,20.466666666666665
3,Module03Chamber1_2018_04_24_21_50_47.jpg,jpg,2018-04-24,21.833333333333332
3,Module03Chamber1_2018_04_24_23_07_45.jpg,jpg,2018-04-24,23.116666666666667
3,Module03Chamber1_2018_04_25_00_31_07.jpg,jpg,2018-04-25,0.5166666666666667
3,Module03Chamber1_2018_04_25_01_49_25.jpg,jpg,2018-04-25,1.8166666666666667
3,Module03Chamber1_2018_04_25_15_21_11.jpg,jpg,2018-04-25,15.35
3,Module03Chamber1_2018_04_25_16_45_39.jpg,jpg,2018-04-25,16.75
3,Module03Chamber1_2018_04_25_18_13_41.jpg,jpg,2018-04-25,18.216666666666665
3,Module03Chamber1_2018_04_25_19_40_21.jpg,jpg,2018-04-25,19.666666666666668
3,Module03Chamber1_2018_04_25_21_10_07.jpg,jpg,2018-04-25,21.166666666666668
3,Module03Chamber1_2018_04_25_22_34_45.jpg,jpg,2018-04-25,22.566666666666666
3,Module03Chamber1_2018_04_26_00_07_43.jpg,jpg,2018-04-26,0.11666666666666667
3,Module03Chamber1_2018_04_26_01_38_04.jpg,jpg,2018-04-26,1.6333333333333333
3,Module03Chamber1_2018_04_26_15_23_53.jpg,jpg,2018-04-26,15.383333333333333
3,Module03Chamber1_2018_04_26_17_01_44.jpg,jpg,2018-04-26,17.016666666666666
3,Module03Chamber1_2018_04_26_18_40_13.jpg,jpg,2018-04-26,18.666666666666668
3,Module03Chamber1_2018_04_26_20_17_59.jpg,jpg,2018-04-26,20.283333333333335
3,Module03Chamber1_2018_04_26_22_04_43.jpg,jpg,2018-04-26,22.066666666666666
3,Module03Chamber1_2018_04_26_23_47_29.jpg,jpg,2018-04-26,23.783333333333335
3,Module03Chamber1_2018_04_27_01_31_08.jpg,jpg,2018-04-27,1.5166666666666666
3,Module03Chamber1_2018_04_27_15_22_00.jpg,jpg,2018-04-27,15.366666666666667
3,Module03Chamber1_2018_04_27_17_06_36.jpg,jpg,2018-04-27,17.1
3,Module03Chamber1_2018_04_27_18_34_29.jpg,jpg,2018-04-27,18.566666666666666
3,Module03Chamber1_2018_04_27_20_13_17.jpg,jpg,2018-04-27,20.216666666666665
3,Module03Chamber1_2018_04_27_21_40_29.jpg,jpg,2018-04-27,21.666666666666668
3,Module03Chamber1_2018_04_27_23_19_17.jpg,jpg,2018-04-27,23.316666666666666
3,Module03Chamber1_2018_04_28_00_47_08.jpg,jpg,2018-04-28,0.7833333333333333
3,Module03Chamber1_2018_04_28_02_24_41.jpg,jpg,2018-04-28,2.4
3,Module03Chamber1_2018_04_28_15_21_33.jpg,jpg,2018-04-28,15.35
3,Module03Chamber1_2018_04_28_16_41_56.jpg,jpg,2018-04-28,16.683333333333334
3,Module03Chamber1_2018_04_28_18_09_46.jpg,jpg,2018-04-28,18.15
3,Module03Chamber1_2018_04_28_19_34_28.jpg,jpg,2018-04-28,19.566666666666666
3,Module03Chamber1_2018_04_28_21_01_10.jpg,jpg,2018-04-28,21.016666666666666
3,Module03Chamber1_2018_04_28_22_30_13.jpg,jpg,2018-04-28,22.5
3,Module03Chamber1_2018_04_28_23_56_18.jpg,jpg,2018-04-28,23.933333333333334
3,Module03Chamber1_2018_04_29_01_19_21.jpg,jpg,2018-04-29,1.3166666666666667
3,Module03Chamber1_2018_04_29_02_48_36.jpg,jpg,2018-04-29,2.8
3,Module03Chamber1_2018_04_29_15_18_06.jpg,jpg,2018-04-29,15.3
3,Module03Chamber1_2018_04_29_16_46_26.jpg,jpg,2018-04-29,16.766666666666666
3,Module03Chamber1_2018_04_29_18_09_21.jpg,jpg,2018-04-29,18.15
3,Module03Chamber1-2018-04-06-11-23-32.mp4,mp4,2018-04-06,11.383333333333333
3,Module03Chamber1-2018-04-06-12-25-28.mp4,mp4,2018-04-06,12.416666666666666
3,Module03Chamber1_2018_04_29_19_34_01.jpg,jpg,2018-04-29,19.566666666666666
3,Module03Chamber1-2018-04-06-15-25-48.mp4,mp4,2018-04-06,15.416666666666666
3,Module03Chamber1-2018-04-06-16-31-29.mp4,mp4,2018-04-06,16.516666666666666
3,Module03Chamber1-2018-04-06-17-55-22.mp4,mp4,2018-04-06,17.916666666666668
3,Module03Chamber1-2018-04-06-19-23-18.mp4,mp4,2018-04-06,19.383333333333333
3,Module03Chamber1-2018-04-06-20-50-29.mp4,mp4,2018-04-06,20.833333333333332
3,Module03Chamber1-2018-04-06-22-19-45.mp4,mp4,2018-04-06,22.316666666666666
3,Module03Chamber1-2018-04-07-11-35-30.mp4,mp4,2018-04-07,11.583333333333334
3,Module03Chamber1-2018-04-07-13-03-32.mp4,mp4,2018-04-07,13.05
3,Module03Chamber1_2018_04_29_21_05_01.jpg,jpg,2018-04-29,21.083333333333332
3,Module03Chamber1-2018-04-07-15-54-48.mp4,mp4,2018-04-07,15.9
3,Module03Chamber1-2018-04-07-19-01-23.mp4,mp4,2018-04-07,19.016666666666666
3,Module03Chamber1-2018-04-07-20-00-44.mp4,mp4,2018-04-07,20.0
3,Module03Chamber1-2018-04-07-21-14-27.mp4,mp4,2018-04-07,21.233333333333334
3,Module03Chamber1-2018-04-07-22-35-43.mp4,mp4,2018-04-07,22.583333333333332
3,Module03Chamber1-2018-04-07-23-59-34.mp4,mp4,2018-04-07,23.983333333333334
3,Module03Chamber1-2018-04-08-13-09-50.mp4,mp4,2018-04-08,13.15
3,Module03Chamber1-2018-04-08-14-37-39.mp4,mp4,2018-04-08,14.616666666666667
3,Module03Chamber1-2018-04-08-16-11-23.mp4,mp4,2018-04-08,16.183333333333334
3,Module03Chamber1-2018-04-08-17-09-50.mp4,mp4,2018-04-08,17.15
3,Module03Chamber1-2018-04-08-18-29-40.mp4,mp4,2018-04-08,18.483333333333334
3,Module03Chamber1-2018-04-08-19-51-35.mp4,mp4,2018-04-08,19.85
3,Module03Chamber1-2018-04-08-21-20-54.mp4,mp4,2018-04-08,21.333333333333332
3,Module03Chamber1-2018-04-08-22-45-34.mp4,mp4,2018-04-08,22.75
3,Module03Chamber1_2018_04_29_22_29_30.jpg,jpg,2018-04-29,22.483333333333334
3,Module03Chamber1-2018-04-09-13-17-02.mp4,mp4,2018-04-09,13.283333333333333
3,Module03Chamber1-2018-04-09-14-37-15.mp4,mp4,2018-04-09,14.616666666666667
3,Module03Chamber1-2018-04-09-16-07-18.mp4,mp4,2018-04-09,16.116666666666667
3,Module03Chamber1-2018-04-09-17-32-26.mp4,mp4,2018-04-09,17.533333333333335
3,Module03Chamber1_2018_04_29_23_58_05.jpg,jpg,2018-04-29,23.966666666666665
3,Module03Chamber1-2018-04-09-20-21-58.mp4,mp4,2018-04-09,20.35
3,Module03Chamber1-2018-04-09-21-39-42.mp4,mp4,2018-04-09,21.65
3,Module03Chamber1-2018-04-09-23-04-05.mp4,mp4,2018-04-09,23.066666666666666
3,Module03Chamber1_2018_04_30_01_28_27.jpg,jpg,2018-04-30,1.4666666666666668
3,Module03Chamber1-2018-04-10-13-13-10.mp4,mp4,2018-04-10,13.216666666666667
3,Module03Chamber1-2018-04-10-14-40-56.mp4,mp4,2018-04-10,14.666666666666666
3,Module03Chamber1-2018-04-10-16-06-56.mp4,mp4,2018-04-10,16.1
3,Module03Chamber1-2018-04-10-17-30-56.mp4,mp4,2018-04-10,17.5
3,Module03Chamber1-2018-04-10-18-56-20.mp4,mp4,2018-04-10,18.933333333333334
3,Module03Chamber1_2018_04_30_02_53_20.jpg,jpg,2018-04-30,2.8833333333333333
3,Module03Chamber1-2018-04-10-21-46-59.mp4,mp4,2018-04-10,21.766666666666666
3,Module03Chamber1-2018-04-10-23-14-23.mp4,mp4,2018-04-10,23.233333333333334
3,Module03Chamber1_2018_05_02_08_03_19.jpg,jpg,2018-05-02,8.05
3,Module03Chamber1-2018-04-11-14-18-59.mp4,mp4,2018-04-11,14.3
3,Module03Chamber1-2018-04-11-15-19-07.mp4,mp4,2018-04-11,15.316666666666666
3,Module03Chamber1-2018-04-11-16-24-45.mp4,mp4,2018-04-11,16.4
3,Module03Chamber1-2018-04-11-17-23-35.mp4,mp4,2018-04-11,17.383333333333333
3,Module03Chamber1-2018-04-11-18-44-54.mp4,mp4,2018-04-11,18.733333333333334
3,Module03Chamber1-2018-04-11-20-11-28.mp4,mp4,2018-04-11,20.183333333333334
3,Module03Chamber1-2018-04-11-21-30-55.mp4,mp4,2018-04-11,21.5
3,Module03Chamber1-2018-04-11-23-00-19.mp4,mp4,2018-04-11,23.0
3,Module03Chamber1_2018_05_02_09_06_32.jpg,jpg,2018-05-02,9.1
3,Module03Chamber1_2018_05_02_10_04_52.jpg,jpg,2018-05-02,10.066666666666666
3,Module03Chamber1-2018-04-12-14-25-02.mp4,mp4,2018-04-12,14.416666666666666
3,Module03Chamber1-2018-04-12-15-45-39.mp4,mp4,2018-04-12,15.75
3,Module03Chamber1-2018-04-12-17-11-57.mp4,mp4,2018-04-12,17.183333333333334
3,._Module03Chamber1-2018-04-12-17-11-57.mp4,mp4,2018-04-12,17.183333333333334
3,._Module03Chamber1-2018-04-12-17-11-57.mp4,mp4,2018-04-12,17.183333333333334
3,Module03Chamber1-2018-04-12-18-34-56.mp4,mp4,2018-04-12,18.566666666666666
3,Module03Chamber1-2018-04-12-20-00-23.mp4,mp4,2018-04-12,20.0
3,Module03Chamber1-2018-04-12-21-24-25.mp4,mp4,2018-04-12,21.4
3,Module03Chamber1-2018-04-12-22-49-01.mp4,mp4,2018-04-12,22.816666666666666
3,Module03Chamber1_2018_05_02_11_09_57.jpg,jpg,2018-05-02,11.15
3,Module03Chamber1-2018-04-13-01-38-12.mp4,mp4,2018-04-13,1.6333333333333333
3,Module03Chamber1-2018-04-13-14-24-48.mp4,mp4,2018-04-13,14.4
3,Module03Chamber1-2018-04-13-15-48-45.mp4,mp4,2018-04-13,15.8
3,Module03Chamber1-2018-04-13-17-15-08.mp4,mp4,2018-04-13,17.25
3,._Module03Chamber1-2018-04-13-17-15-08.mp4,mp4,2018-04-13,17.25
3,._Module03Chamber1-2018-04-13-17-15-08.mp4,mp4,2018-04-13,17.25
3,Module03Chamber1-2018-04-13-18-37-55.mp4,mp4,2018-04-13,18.616666666666667
3,Module03Chamber1-2018-04-13-20-03-44.mp4,mp4,2018-04-13,20.05
3,Module03Chamber1-2018-04-13-21-27-32.mp4,mp4,2018-04-13,21.45
3,Module03Chamber1-2018-04-13-22-52-14.mp4,mp4,2018-04-13,22.866666666666667
3,Module03Chamber1_2018_05_02_12_11_24.jpg,jpg,2018-05-02,12.183333333333334
3,Module03Chamber1-2018-04-14-01-37-16.mp4,mp4,2018-04-14,1.6166666666666667
3,Module03Chamber1-2018-04-14-14-25-03.mp4,mp4,2018-04-14,14.416666666666666
3,Module03Chamber1-2018-04-14-15-45-34.mp4,mp4,2018-04-14,15.75
3,Module03Chamber1-2018-04-14-17-12-43.mp4,mp4,2018-04-14,17.2
3,Module03Chamber1-2018-04-14-18-37-42.mp4,mp4,2018-04-14,18.616666666666667
3,Module03Chamber1-2018-04-14-20-05-57.mp4,mp4,2018-04-14,20.083333333333332
3,Module03Chamber1_2018_05_02_13_15_37.jpg,jpg,2018-05-02,13.25
3,Module03Chamber1-2018-04-14-23-01-43.mp4,mp4,2018-04-14,23.016666666666666
3,Module03Chamber1_2018_05_02_14_22_52.jpg,jpg,2018-05-02,14.366666666666667
3,Module03Chamber1_2018_05_02_15_27_22.jpg,jpg,2018-05-02,15.45
3,Module03Chamber1-2018-04-15-14-22-48.mp4,mp4,2018-04-15,14.366666666666667
3,Module03Chamber1-2018-04-15-15-59-20.mp4,mp4,2018-04-15,15.983333333333333
3,Module03Chamber1-2018-04-15-17-27-27.mp4,mp4,2018-04-15,17.45
3,Module03Chamber1-2018-04-15-19-07-26.mp4,mp4,2018-04-15,19.116666666666667
3,Module03Chamber1-2018-04-15-20-41-50.mp4,mp4,2018-04-15,20.683333333333334
3,Module03Chamber1-2018-04-15-22-15-45.mp4,mp4,2018-04-15,22.25
3,Module03Chamber1-2018-04-15-23-53-15.mp4,mp4,2018-04-15,23.883333333333333
3,Module03Chamber1_2018_05_02_16_31_13.jpg,jpg,2018-05-02,16.516666666666666
3,Module03Chamber1-2018-04-16-14-20-55.mp4,mp4,2018-04-16,14.333333333333334
3,Module03Chamber1-2018-04-16-15-31-23.mp4,mp4,2018-04-16,15.516666666666667
3,Module03Chamber1-2018-04-16-16-37-23.mp4,mp4,2018-04-16,16.616666666666667
3,Module03Chamber1-2018-04-16-18-21-25.mp4,mp4,2018-04-16,18.35
3,Module03Chamber1_2018_05_02_17_35_38.jpg,jpg,2018-05-02,17.583333333333332
3,Module03Chamber1-2018-04-16-21-42-19.mp4,mp4,2018-04-16,21.7
3,Module03Chamber1-2018-04-16-23-18-42.mp4,mp4,2018-04-16,23.3
3,Module03Chamber1-2018-04-17-01-02-22.mp4,mp4,2018-04-17,1.0333333333333334
3,Module03Chamber1-2018-04-17-14-39-04.mp4,mp4,2018-04-17,14.65
3,Module03Chamber1-2018-04-17-16-17-00.mp4,mp4,2018-04-17,16.283333333333335
3,Module03Chamber1-2018-04-17-17-53-02.mp4,mp4,2018-04-17,17.883333333333333
3,Module03Chamber1-2018-04-17-19-27-21.mp4,mp4,2018-04-17,19.45
3,Module03Chamber1-2018-04-17-21-08-02.mp4,mp4,2018-04-17,21.133333333333333
3,Module03Chamber1-2018-04-17-22-48-03.mp4,mp4,2018-04-17,22.8
3,._Module03Chamber1-2018-04-17-22-48-03.mp4,mp4,2018-04-17,22.8
3,._Module03Chamber1-2018-04-17-22-48-03.mp4,mp4,2018-04-17,22.8
3,Module03Chamber1_2018_05_02_18_39_38.jpg,jpg,2018-05-02,18.65
3,Module03Chamber1_2018_05_02_19_43_54.jpg,jpg,2018-05-02,19.716666666666665
3,Module03Chamber1-2018-04-18-14-37-38.mp4,mp4,2018-04-18,14.616666666666667
3,._Module03Chamber1-2018-04-18-14-37-38.mp4,mp4,2018-04-18,14.616666666666667
3,._Module03Chamber1-2018-04-18-14-37-38.mp4,mp4,2018-04-18,14.616666666666667
3,Module03Chamber1-2018-04-18-16-02-57.mp4,mp4,2018-04-18,16.033333333333335
3,Module03Chamber1-2018-04-18-17-30-32.mp4,mp4,2018-04-18,17.5
3,Module03Chamber1-2018-04-18-18-59-59.mp4,mp4,2018-04-18,18.983333333333334
3,Module03Chamber1-2018-04-18-20-28-04.mp4,mp4,2018-04-18,20.466666666666665
3,Module03Chamber1-2018-04-18-22-01-34.mp4,mp4,2018-04-18,22.016666666666666
3,Module03Chamber1-2018-04-18-23-25-42.mp4,mp4,2018-04-18,23.416666666666668
3,Module03Chamber1-2018-04-19-00-53-48.mp4,mp4,2018-04-19,0.8833333333333333
3,Module03Chamber1-2018-04-19-14-37-35.mp4,mp4,2018-04-19,14.616666666666667
3,Module03Chamber1-2018-04-19-16-06-44.mp4,mp4,2018-04-19,16.1
3,Module03Chamber1-2018-04-19-17-33-49.mp4,mp4,2018-04-19,17.55
3,Module03Chamber1-2018-04-19-19-02-40.mp4,mp4,2018-04-19,19.033333333333335
3,Module03Chamber1-2018-04-19-20-26-33.mp4,mp4,2018-04-19,20.433333333333334
3,Module03Chamber1-2018-04-19-21-58-55.mp4,mp4,2018-04-19,21.966666666666665
3,Module03Chamber1-2018-04-19-23-23-12.mp4,mp4,2018-04-19,23.383333333333333
3,Module03Chamber1-2018-04-20-00-50-47.mp4,mp4,2018-04-20,0.8333333333333334
3,Module03Chamber1-2018-04-20-14-37-28.mp4,mp4,2018-04-20,14.616666666666667
3,Module03Chamber1-2018-04-20-16-06-59.mp4,mp4,2018-04-20,16.1
3,Module03Chamber1-2018-04-20-17-33-05.mp4,mp4,2018-04-20,17.55
3,Module03Chamber1-2018-04-20-18-57-10.mp4,mp4,2018-04-20,18.95
3,._Module03Chamber1-2018-04-20-18-57-10.mp4,mp4,2018-04-20,18.95
3,._Module03Chamber1-2018-04-20-18-57-10.mp4,mp4,2018-04-20,18.95
3,Module03Chamber1-2018-04-20-20-24-44.mp4,mp4,2018-04-20,20.4
3,Module03Chamber1-2018-04-20-21-52-25.mp4,mp4,2018-04-20,21.866666666666667
3,Module03Chamber1-2018-04-20-23-24-02.mp4,mp4,2018-04-20,23.4
3,Module03Chamber1-2018-04-21-00-51-42.mp4,mp4,2018-04-21,0.85
3,Module03Chamber1-2018-04-21-14-37-27.mp4,mp4,2018-04-21,14.616666666666667
3,Module03Chamber1-2018-04-21-16-06-05.mp4,mp4,2018-04-21,16.1
3,Module03Chamber1-2018-04-21-17-32-35.mp4,mp4,2018-04-21,17.533333333333335
3,Module03Chamber1-2018-04-21-19-00-45.mp4,mp4,2018-04-21,19.0
3,Module03Chamber1-2018-04-21-20-27-26.mp4,mp4,2018-04-21,20.45
3,Module03Chamber1-2018-04-21-21-55-25.mp4,mp4,2018-04-21,21.916666666666668
3,Module03Chamber1-2018-04-21-23-23-26.mp4,mp4,2018-04-21,23.383333333333333
3,Module03Chamber1_2018_05_03_08_18_22.jpg,jpg,2018-05-03,8.3
3,Module03Chamber1-2018-04-22-02-18-22.mp4,mp4,2018-04-22,2.3
3,Module03Chamber1-2018-04-22-15-20-27.mp4,mp4,2018-04-22,15.333333333333334
3,Module03Chamber1-2018-04-22-16-38-36.mp4,mp4,2018-04-22,16.633333333333333
3,Module03Chamber1-2018-04-22-17-54-47.mp4,mp4,2018-04-22,17.9
3,Module03Chamber1-2018-04-22-19-18-25.mp4,mp4,2018-04-22,19.3
3,Module03Chamber1-2018-04-22-20-35-55.mp4,mp4,2018-04-22,20.583333333333332
3,Module03Chamber1-2018-04-22-21-55-27.mp4,mp4,2018-04-22,21.916666666666668
3,Module03Chamber1-2018-04-22-23-15-26.mp4,mp4,2018-04-22,23.25
3,Module03Chamber1-2018-04-23-00-32-17.mp4,mp4,2018-04-23,0.5333333333333333
3,Module03Chamber1-2018-04-23-01-50-43.mp4,mp4,2018-04-23,1.8333333333333335
3,Module03Chamber1-2018-04-23-15-20-04.mp4,mp4,2018-04-23,15.333333333333334
3,Module03Chamber1-2018-04-23-16-37-17.mp4,mp4,2018-04-23,16.616666666666667
3,Module03Chamber1-2018-04-23-17-56-01.mp4,mp4,2018-04-23,17.933333333333334
3,Module03Chamber1-2018-04-23-19-10-01.mp4,mp4,2018-04-23,19.166666666666668
3,Module03Chamber1-2018-04-23-20-29-42.mp4,mp4,2018-04-23,20.483333333333334
3,Module03Chamber1-2018-04-23-21-46-56.mp4,mp4,2018-04-23,21.766666666666666
3,Module03Chamber1-2018-04-23-23-01-59.mp4,mp4,2018-04-23,23.016666666666666
3,Module03Chamber1_2018_05_03_10_02_13.jpg,jpg,2018-05-03,10.033333333333333
3,Module03Chamber1_2018_05_03_11_26_09.jpg,jpg,2018-05-03,11.433333333333334
3,Module03Chamber1-2018-04-24-03-00-03.mp4,mp4,2018-04-24,3.0
3,Module03Chamber1-2018-04-24-15-16-54.mp4,mp4,2018-04-24,15.266666666666667
3,Module03Chamber1-2018-04-24-16-36-46.mp4,mp4,2018-04-24,16.6
3,Module03Chamber1-2018-04-24-17-51-30.mp4,mp4,2018-04-24,17.85
3,Module03Chamber1-2018-04-24-20-28-22.mp4,mp4,2018-04-24,20.466666666666665
3,Module03Chamber1-2018-04-24-21-50-47.mp4,mp4,2018-04-24,21.833333333333332
3,Module03Chamber1-2018-04-24-23-07-45.mp4,mp4,2018-04-24,23.116666666666667
3,Module03Chamber1-2018-04-25-00-31-07.mp4,mp4,2018-04-25,0.5166666666666667
3,Module03Chamber1-2018-04-25-01-49-25.mp4,mp4,2018-04-25,1.8166666666666667
3,Module03Chamber1-2018-04-25-15-21-11.mp4,mp4,2018-04-25,15.35
3,Module03Chamber1-2018-04-25-16-45-39.mp4,mp4,2018-04-25,16.75
3,Module03Chamber1-2018-04-25-18-13-41.mp4,mp4,2018-04-25,18.216666666666665
3,Module03Chamber1-2018-04-25-19-40-21.mp4,mp4,2018-04-25,19.666666666666668
3,Module03Chamber1-2018-04-25-21-10-07.mp4,mp4,2018-04-25,21.166666666666668
3,Module03Chamber1-2018-04-25-22-34-45.mp4,mp4,2018-04-25,22.566666666666666
3,Module03Chamber1_2018_05_03_12_26_22.jpg,jpg,2018-05-03,12.433333333333334
3,Module03Chamber1-2018-04-26-01-38-04.mp4,mp4,2018-04-26,1.6333333333333333
3,Module03Chamber1-2018-04-26-15-23-53.mp4,mp4,2018-04-26,15.383333333333333
3,Module03Chamber1-2018-04-26-17-01-44.mp4,mp4,2018-04-26,17.016666666666666
3,Module03Chamber1-2018-04-26-18-40-13.mp4,mp4,2018-04-26,18.666666666666668
3,Module03Chamber1-2018-04-26-20-17-59.mp4,mp4,2018-04-26,20.283333333333335
3,Module03Chamber1-2018-04-26-22-04-43.mp4,mp4,2018-04-26,22.066666666666666
3,Module03Chamber1-2018-04-26-23-47-29.mp4,mp4,2018-04-26,23.783333333333335
3,Module03Chamber1-2018-04-27-01-31-08.mp4,mp4,2018-04-27,1.5166666666666666
3,Module03Chamber1-2018-04-27-15-22-00.mp4,mp4,2018-04-27,15.366666666666667
3,Module03Chamber1-2018-04-27-17-06-36.mp4,mp4,2018-04-27,17.1
3,Module03Chamber1-2018-04-27-18-34-29.mp4,mp4,2018-04-27,18.566666666666666
3,Module03Chamber1-2018-04-27-20-13-17.mp4,mp4,2018-04-27,20.216666666666665
3,Module03Chamber1-2018-04-27-21-40-29.mp4,mp4,2018-04-27,21.666666666666668
3,Module03Chamber1-2018-04-27-23-19-17.mp4,mp4,2018-04-27,23.316666666666666
3,Module03Chamber1_2018_05_03_13_32_02.jpg,jpg,2018-05-03,13.533333333333333
3,Module03Chamber1_2018_05_03_14_34_59.jpg,jpg,2018-05-03,14.566666666666666
3,Module03Chamber1-2018-04-28-15-21-33.mp4,mp4,2018-04-28,15.35
3,Module03Chamber1-2018-04-28-16-41-56.mp4,mp4,2018-04-28,16.683333333333334
3,Module03Chamber1-2018-04-28-18-09-46.mp4,mp4,2018-04-28,18.15
3,Module03Chamber1-2018-04-28-19-34-28.mp4,mp4,2018-04-28,19.566666666666666
3,Module03Chamber1-2018-04-28-21-01-10.mp4,mp4,2018-04-28,21.016666666666666
3,Module03Chamber1-2018-04-28-22-30-13.mp4,mp4,2018-04-28,22.5
3,Module03Chamber1-2018-04-28-23-56-18.mp4,mp4,2018-04-28,23.933333333333334
3,._Module03Chamber1-2018-04-28-23-56-18.mp4,mp4,2018-04-28,23.933333333333334
3,._Module03Chamber1-2018-04-28-23-56-18.mp4,mp4,2018-04-28,23.933333333333334
3,Module03Chamber1_2018_05_03_15_38_09.jpg,jpg,2018-05-03,15.633333333333333
3,Module03Chamber1-2018-04-29-02-48-36.mp4,mp4,2018-04-29,2.8
3,Module03Chamber1-2018-04-29-15-18-06.mp4,mp4,2018-04-29,15.3
3,Module03Chamber1-2018-04-29-16-46-26.mp4,mp4,2018-04-29,16.766666666666666
3,Module03Chamber1-2018-04-29-18-09-21.mp4,mp4,2018-04-29,18.15
3,Module03Chamber1-2018-04-29-19-34-01.mp4,mp4,2018-04-29,19.566666666666666
3,Module03Chamber1-2018-04-29-21-05-01.mp4,mp4,2018-04-29,21.083333333333332
3,Module03Chamber1-2018-04-29-22-29-30.mp4,mp4,2018-04-29,22.483333333333334
3,._Module03Chamber1-2018-04-29-22-29-30.mp4,mp4,2018-04-29,22.483333333333334
3,._Module03Chamber1-2018-04-29-22-29-30.mp4,mp4,2018-04-29,22.483333333333334
3,Module03Chamber1-2018-04-29-23-58-05.mp4,mp4,2018-04-29,23.966666666666665
3,Module03Chamber1-2018-04-30-01-28-27.mp4,mp4,2018-04-30,1.4666666666666668
3,Module03Chamber1-2018-04-30-02-53-20.mp4,mp4,2018-04-30,2.8833333333333333
3,Module03Chamber1_2018_05_03_16_40_59.jpg,jpg,2018-05-03,16.666666666666668
3,Module03Chamber1-2018-05-02-09-06-32.mp4,mp4,2018-05-02,9.1
3,Module03Chamber1-2018-05-02-10-04-52.mp4,mp4,2018-05-02,10.066666666666666
3,Module03Chamber1-2018-05-02-11-09-57.mp4,mp4,2018-05-02,11.15
3,Module03Chamber1-2018-05-02-12-11-24.mp4,mp4,2018-05-02,12.183333333333334
3,Module03Chamber1-2018-05-02-13-15-37.mp4,mp4,2018-05-02,13.25
3,Module03Chamber1-2018-05-02-14-22-52.mp4,mp4,2018-05-02,14.366666666666667
3,Module03Chamber1-2018-05-02-15-27-22.mp4,mp4,2018-05-02,15.45
3,Module03Chamber1-2018-05-02-16-31-13.mp4,mp4,2018-05-02,16.516666666666666
3,Module03Chamber1-2018-05-02-17-35-38.mp4,mp4,2018-05-02,17.583333333333332
3,Module03Chamber1-2018-05-02-18-39-38.mp4,mp4,2018-05-02,18.65
3,Module03Chamber1-2018-05-02-19-43-54.mp4,mp4,2018-05-02,19.716666666666665
3,Module03Chamber1_2018_05_03_17_44_00.jpg,jpg,2018-05-03,17.733333333333334
3,Module03Chamber1-2018-05-03-10-02-13.mp4,mp4,2018-05-03,10.033333333333333
3,Module03Chamber1-2018-05-03-11-26-09.mp4,mp4,2018-05-03,11.433333333333334
3,Module03Chamber1-2018-05-03-12-26-22.mp4,mp4,2018-05-03,12.433333333333334
3,Module03Chamber1-2018-05-03-13-32-02.mp4,mp4,2018-05-03,13.533333333333333
3,Module03Chamber1-2018-05-03-14-34-59.mp4,mp4,2018-05-03,14.566666666666666
3,Module03Chamber1-2018-05-03-15-38-09.mp4,mp4,2018-05-03,15.633333333333333
3,Module03Chamber1-2018-05-03-16-40-59.mp4,mp4,2018-05-03,16.666666666666668
3,Module03Chamber1-2018-05-03-17-44-00.mp4,mp4,2018-05-03,17.733333333333334
3,Module03Chamber1-2018-05-03-18-46-59.mp4,mp4,2018-05-03,18.766666666666666
3,Module03Chamber1-2018-05-03-19-49-38.mp4,mp4,2018-05-03,19.816666666666666
3,Module03Chamber1-2018-04-12-01-49-39.mp4,mp4,2018-04-12,1.8166666666666667
3,Module03Chamber1_2018_05_03_18_46_59.jpg,jpg,2018-05-03,18.766666666666666
3,Module03Chamber1_2018_05_03_19_49_38.jpg,jpg,2018-05-03,19.816666666666666
4,Module04Chamber1-2018-04-08-00-06-51.mp4,mp4,2018-04-08,0.1
4,Module04Chamber1-2018-04-09-00-20-08.mp4,mp4,2018-04-09,0.3333333333333333
4,Module04Chamber1-2018-04-09-19-02-06.mp4,mp4,2018-04-09,19.033333333333335
4,Module04Chamber1-2018-04-10-00-38-35.mp4,mp4,2018-04-10,0.6333333333333333
4,Module04Chamber1-2018-04-10-19-04-33.mp4,mp4,2018-04-10,19.066666666666666
4,Module04Chamber1-2018-04-11-00-45-49.mp4,mp4,2018-04-11,0.75
4,Module04Chamber1-2018-04-12-00-32-04.mp4,mp4,2018-04-12,0.5333333333333333
4,Module04Chamber1-2018-04-13-00-22-01.mp4,mp4,2018-04-13,0.36666666666666664
4,Module04Chamber1-2018-04-14-00-24-59.mp4,mp4,2018-04-14,0.4
4,Module04Chamber1-2018-04-14-01-45-12.mp4,mp4,2018-04-14,1.75
4,Module04Chamber1-2018-04-16-00-02-52.mp4,mp4,2018-04-16,0.03333333333333333
4,Module04Chamber1-2018-04-16-01-42-41.mp4,mp4,2018-04-16,1.7
4,Module04Chamber1-2018-04-18-00-39-33.mp4,mp4,2018-04-18,0.65
4,Module04Chamber1-2018-04-24-00-30-18.mp4,mp4,2018-04-24,0.5
4,._Module04Chamber1-2018-04-24-00-30-18.mp4,mp4,2018-04-24,0.5
4,._Module04Chamber1-2018-04-24-00-30-18.mp4,mp4,2018-04-24,0.5
4,Module04Chamber1-2018-04-26-00-16-28.mp4,mp4,2018-04-26,0.26666666666666666
4,._Module04Chamber1-2018-04-26-00-16-28.mp4,mp4,2018-04-26,0.26666666666666666
4,._Module04Chamber1-2018-04-26-00-16-28.mp4,mp4,2018-04-26,0.26666666666666666
4,Module04Chamber1-2018-04-28-00-55-56.mp4,mp4,2018-04-28,0.9166666666666666
4,Module04Chamber1-2018-04-29-00-04-21.mp4,mp4,2018-04-29,0.06666666666666667
4,Module04Chamber1-2018-04-30-00-06-30.mp4,mp4,2018-04-30,0.1
4,Module04Chamber1-2018-05-02-08-07-16.mp4,mp4,2018-05-02,8.116666666666667
4,Module04Chamber1_2018_04_06_11_28_00.jpg,jpg,2018-04-06,11.466666666666667
4,._Module04Chamber1_2018_04_06_11_28_00.jpg,jpg,2018-04-06,11.466666666666667
4,._Module04Chamber1_2018_04_06_11_28_00.jpg,jpg,2018-04-06,11.466666666666667
4,Module04Chamber1_2018_04_06_12_29_56.jpg,jpg,2018-04-06,12.483333333333333
4,Module04Chamber1_2018_04_06_15_30_25.jpg,jpg,2018-04-06,15.5
4,Module04Chamber1_2018_04_06_16_38_47.jpg,jpg,2018-04-06,16.633333333333333
4,Module04Chamber1_2018_04_06_18_03_10.jpg,jpg,2018-04-06,18.05
4,Module04Chamber1_2018_04_06_19_29_56.jpg,jpg,2018-04-06,19.483333333333334
4,Module04Chamber1_2018_04_06_20_58_18.jpg,jpg,2018-04-06,20.966666666666665
4,Module04Chamber1_2018_04_06_22_26_09.jpg,jpg,2018-04-06,22.433333333333334
4,Module04Chamber1_2018_04_07_11_42_39.jpg,jpg,2018-04-07,11.7
4,._Module04Chamber1_2018_04_07_11_42_39.jpg,jpg,2018-04-07,11.7
4,._Module04Chamber1_2018_04_07_11_42_39.jpg,jpg,2018-04-07,11.7
4,Module04Chamber1_2018_04_07_13_11_03.jpg,jpg,2018-04-07,13.183333333333334
4,Module04Chamber1_2018_04_07_14_37_16.jpg,jpg,2018-04-07,14.616666666666667
4,Module04Chamber1_2018_04_07_16_02_30.jpg,jpg,2018-04-07,16.033333333333335
4,Module04Chamber1_2018_04_07_19_06_15.jpg,jpg,2018-04-07,19.1
4,Module04Chamber1_2018_04_07_20_05_28.jpg,jpg,2018-04-07,20.083333333333332
4,Module04Chamber1_2018_04_07_21_20_52.jpg,jpg,2018-04-07,21.333333333333332
4,Module04Chamber1_2018_04_07_22_42_38.jpg,jpg,2018-04-07,22.7
4,Module04Chamber1_2018_04_08_00_06_51.jpg,jpg,2018-04-08,0.1
4,._Module04Chamber1_2018_04_08_00_06_51.jpg,jpg,2018-04-08,0.1
4,._Module04Chamber1_2018_04_08_00_06_51.jpg,jpg,2018-04-08,0.1
4,Module04Chamber1_2018_04_08_13_17_24.jpg,jpg,2018-04-08,13.283333333333333
4,Module04Chamber1_2018_04_08_14_44_58.jpg,jpg,2018-04-08,14.733333333333333
4,Module04Chamber1_2018_04_08_16_16_40.jpg,jpg,2018-04-08,16.266666666666666
4,Module04Chamber1_2018_04_08_17_15_07.jpg,jpg,2018-04-08,17.25
4,Module04Chamber1_2018_04_08_18_37_06.jpg,jpg,2018-04-08,18.616666666666667
4,Module04Chamber1_2018_04_08_19_59_48.jpg,jpg,2018-04-08,19.983333333333334
4,Module04Chamber1_2018_04_08_21_27_48.jpg,jpg,2018-04-08,21.45
4,Module04Chamber1_2018_04_08_22_53_39.jpg,jpg,2018-04-08,22.883333333333333
4,Module04Chamber1_2018_04_09_00_20_08.jpg,jpg,2018-04-09,0.3333333333333333
4,._Module04Chamber1_2018_04_09_00_20_08.jpg,jpg,2018-04-09,0.3333333333333333
4,._Module04Chamber1_2018_04_09_00_20_08.jpg,jpg,2018-04-09,0.3333333333333333
4,Module04Chamber1_2018_04_09_13_23_59.jpg,jpg,2018-04-09,13.383333333333333
4,Module04Chamber1_2018_04_09_14_45_04.jpg,jpg,2018-04-09,14.75
4,Module04Chamber1_2018_04_09_16_15_49.jpg,jpg,2018-04-09,16.25
4,._Module04Chamber1_2018_04_09_16_15_49.jpg,jpg,2018-04-09,16.25
4,._Module04Chamber1_2018_04_09_16_15_49.jpg,jpg,2018-04-09,16.25
4,Module04Chamber1_2018_04_09_17_39_59.jpg,jpg,2018-04-09,17.65
4,Module04Chamber1_2018_04_09_19_02_06.jpg,jpg,2018-04-09,19.033333333333335
4,Module04Chamber1_2018_04_09_20_28_45.jpg,jpg,2018-04-09,20.466666666666665
4,Module04Chamber1_2018_04_09_21_47_29.jpg,jpg,2018-04-09,21.783333333333335
4,Module04Chamber1_2018_04_09_23_12_07.jpg,jpg,2018-04-09,23.2
4,Module04Chamber1_2018_04_10_00_38_35.jpg,jpg,2018-04-10,0.6333333333333333
4,._Module04Chamber1_2018_04_10_00_38_35.jpg,jpg,2018-04-10,0.6333333333333333
4,._Module04Chamber1_2018_04_10_00_38_35.jpg,jpg,2018-04-10,0.6333333333333333
4,Module04Chamber1_2018_04_10_13_20_36.jpg,jpg,2018-04-10,13.333333333333334
4,Module04Chamber1_2018_04_10_14_48_45.jpg,jpg,2018-04-10,14.8
4,Module04Chamber1_2018_04_10_16_15_10.jpg,jpg,2018-04-10,16.25
4,Module04Chamber1_2018_04_10_17_38_28.jpg,jpg,2018-04-10,17.633333333333333
4,Module04Chamber1_2018_04_10_19_04_33.jpg,jpg,2018-04-10,19.066666666666666
4,Module04Chamber1_2018_04_10_20_29_11.jpg,jpg,2018-04-10,20.483333333333334
4,Module04Chamber1_2018_04_10_21_55_10.jpg,jpg,2018-04-10,21.916666666666668
4,Module04Chamber1_2018_04_10_23_21_40.jpg,jpg,2018-04-10,23.35
4,Module04Chamber1_2018_04_11_00_45_49.jpg,jpg,2018-04-11,0.75
4,._Module04Chamber1_2018_04_11_00_45_49.jpg,jpg,2018-04-11,0.75
4,._Module04Chamber1_2018_04_11_00_45_49.jpg,jpg,2018-04-11,0.75
4,Module04Chamber1_2018_04_11_14_23_30.jpg,jpg,2018-04-11,14.383333333333333
4,Module04Chamber1_2018_04_11_15_23_35.jpg,jpg,2018-04-11,15.383333333333333
4,Module04Chamber1_2018_04_11_16_31_49.jpg,jpg,2018-04-11,16.516666666666666
4,Module04Chamber1_2018_04_11_17_28_17.jpg,jpg,2018-04-11,17.466666666666665
4,Module04Chamber1_2018_04_11_18_52_59.jpg,jpg,2018-04-11,18.866666666666667
4,Module04Chamber1_2018_04_11_20_19_09.jpg,jpg,2018-04-11,20.316666666666666
4,Module04Chamber1_2018_04_11_21_38_28.jpg,jpg,2018-04-11,21.633333333333333
4,Module04Chamber1_2018_04_11_23_08_24.jpg,jpg,2018-04-11,23.133333333333333
4,Module04Chamber1_2018_04_12_00_32_04.jpg,jpg,2018-04-12,0.5333333333333333
4,._Module04Chamber1_2018_04_12_00_32_04.jpg,jpg,2018-04-12,0.5333333333333333
4,._Module04Chamber1_2018_04_12_00_32_04.jpg,jpg,2018-04-12,0.5333333333333333
4,Module04Chamber1_2018_04_12_01_57_43.jpg,jpg,2018-04-12,1.95
4,Module04Chamber1_2018_04_12_14_32_13.jpg,jpg,2018-04-12,14.533333333333333
4,Module04Chamber1_2018_04_12_15_53_43.jpg,jpg,2018-04-12,15.883333333333333
4,Module04Chamber1_2018_04_12_17_19_30.jpg,jpg,2018-04-12,17.316666666666666
4,Module04Chamber1_2018_04_12_18_42_37.jpg,jpg,2018-04-12,18.7
4,Module04Chamber1_2018_04_12_20_08_42.jpg,jpg,2018-04-12,20.133333333333333
4,Module04Chamber1_2018_04_12_21_31_19.jpg,jpg,2018-04-12,21.516666666666666
4,Module04Chamber1_2018_04_12_22_57_04.jpg,jpg,2018-04-12,22.95
4,Module04Chamber1_2018_04_13_00_22_01.jpg,jpg,2018-04-13,0.36666666666666664
4,._Module04Chamber1_2018_04_13_00_22_01.jpg,jpg,2018-04-13,0.36666666666666664
4,._Module04Chamber1_2018_04_13_00_22_01.jpg,jpg,2018-04-13,0.36666666666666664
4,Module04Chamber1_2018_04_13_01_46_09.jpg,jpg,2018-04-13,1.7666666666666666
4,Module04Chamber1_2018_04_13_14_31_51.jpg,jpg,2018-04-13,14.516666666666667
4,Module04Chamber1_2018_04_13_15_56_57.jpg,jpg,2018-04-13,15.933333333333334
4,Module04Chamber1_2018_04_13_17_22_02.jpg,jpg,2018-04-13,17.366666666666667
4,Module04Chamber1_2018_04_13_18_45_43.jpg,jpg,2018-04-13,18.75
4,Module04Chamber1_2018_04_13_20_11_57.jpg,jpg,2018-04-13,20.183333333333334
4,._Module04Chamber1_2018_04_13_20_11_57.jpg,jpg,2018-04-13,20.183333333333334
4,._Module04Chamber1_2018_04_13_20_11_57.jpg,jpg,2018-04-13,20.183333333333334
4,Module04Chamber1_2018_04_13_21_34_43.jpg,jpg,2018-04-13,21.566666666666666
4,Module04Chamber1_2018_04_13_23_00_10.jpg,jpg,2018-04-13,23.0
4,Module04Chamber1_2018_04_14_00_24_59.jpg,jpg,2018-04-14,0.4
4,._Module04Chamber1_2018_04_14_00_24_59.jpg,jpg,2018-04-14,0.4
4,._Module04Chamber1_2018_04_14_00_24_59.jpg,jpg,2018-04-14,0.4
4,Module04Chamber1_2018_04_14_01_45_12.jpg,jpg,2018-04-14,1.75
4,Module04Chamber1_2018_04_14_14_32_21.jpg,jpg,2018-04-14,14.533333333333333
4,Module04Chamber1_2018_04_14_17_20_08.jpg,jpg,2018-04-14,17.333333333333332
4,Module04Chamber1_2018_04_14_18_45_47.jpg,jpg,2018-04-14,18.75
4,Module04Chamber1_2018_04_14_20_14_17.jpg,jpg,2018-04-14,20.233333333333334
4,Module04Chamber1_2018_04_14_21_39_48.jpg,jpg,2018-04-14,21.65
4,Module04Chamber1_2018_04_14_23_10_25.jpg,jpg,2018-04-14,23.166666666666668
4,Module04Chamber1_2018_04_15_00_38_56.jpg,jpg,2018-04-15,0.6333333333333333
4,._Module04Chamber1_2018_04_15_00_38_56.jpg,jpg,2018-04-15,0.6333333333333333
4,._Module04Chamber1_2018_04_15_00_38_56.jpg,jpg,2018-04-15,0.6333333333333333
4,Module04Chamber1_2018_04_15_14_30_28.jpg,jpg,2018-04-15,14.5
4,Module04Chamber1_2018_04_15_16_08_03.jpg,jpg,2018-04-15,16.133333333333333
4,Module04Chamber1_2018_04_15_17_35_33.jpg,jpg,2018-04-15,17.583333333333332
4,Module04Chamber1_2018_04_15_19_16_33.jpg,jpg,2018-04-15,19.266666666666666
4,Module04Chamber1_2018_04_15_20_50_52.jpg,jpg,2018-04-15,20.833333333333332
4,Module04Chamber1_2018_04_15_22_23_42.jpg,jpg,2018-04-15,22.383333333333333
4,Module04Chamber1_2018_04_16_00_02_52.jpg,jpg,2018-04-16,0.03333333333333333
4,._Module04Chamber1_2018_04_16_00_02_52.jpg,jpg,2018-04-16,0.03333333333333333
4,._Module04Chamber1_2018_04_16_00_02_52.jpg,jpg,2018-04-16,0.03333333333333333
4,Module04Chamber1_2018_04_16_01_42_41.jpg,jpg,2018-04-16,1.7
4,._Module04Chamber1_2018_04_16_01_42_41.jpg,jpg,2018-04-16,1.7
4,._Module04Chamber1_2018_04_16_01_42_41.jpg,jpg,2018-04-16,1.7
4,Module04Chamber1_2018_04_16_15_37_55.jpg,jpg,2018-04-16,15.616666666666667
4,Module04Chamber1_2018_04_16_16_46_37.jpg,jpg,2018-04-16,16.766666666666666
4,Module04Chamber1_2018_04_16_18_29_52.jpg,jpg,2018-04-16,18.483333333333334
4,Module04Chamber1_2018_04_16_20_12_01.jpg,jpg,2018-04-16,20.2
4,Module04Chamber1_2018_04_16_21_51_35.jpg,jpg,2018-04-16,21.85
4,Module04Chamber1_2018_04_16_23_26_46.jpg,jpg,2018-04-16,23.433333333333334
4,Module04Chamber1_2018_04_17_01_11_56.jpg,jpg,2018-04-17,1.1833333333333333
4,._Module04Chamber1_2018_04_17_01_11_56.jpg,jpg,2018-04-17,1.1833333333333333
4,._Module04Chamber1_2018_04_17_01_11_56.jpg,jpg,2018-04-17,1.1833333333333333
4,Module04Chamber1_2018_04_17_14_47_45.jpg,jpg,2018-04-17,14.783333333333333
4,Module04Chamber1_2018_04_17_16_24_33.jpg,jpg,2018-04-17,16.4
4,Module04Chamber1_2018_04_17_18_02_18.jpg,jpg,2018-04-17,18.033333333333335
4,Module04Chamber1_2018_04_17_19_35_54.jpg,jpg,2018-04-17,19.583333333333332
4,Module04Chamber1_2018_04_17_21_17_36.jpg,jpg,2018-04-17,21.283333333333335
4,Module04Chamber1_2018_04_17_22_57_59.jpg,jpg,2018-04-17,22.95
4,Module04Chamber1_2018_04_18_00_39_33.jpg,jpg,2018-04-18,0.65
4,._Module04Chamber1_2018_04_18_00_39_33.jpg,jpg,2018-04-18,0.65
4,._Module04Chamber1_2018_04_18_00_39_33.jpg,jpg,2018-04-18,0.65
4,Module04Chamber1_2018_04_18_14_45_43.jpg,jpg,2018-04-18,14.75
4,._Module04Chamber1_2018_04_18_14_45_43.jpg,jpg,2018-04-18,14.75
4,._Module04Chamber1_2018_04_18_14_45_43.jpg,jpg,2018-04-18,14.75
4,Module04Chamber1_2018_04_18_16_11_32.jpg,jpg,2018-04-18,16.183333333333334
4,._Module04Chamber1_2018_04_18_16_11_32.jpg,jpg,2018-04-18,16.183333333333334
4,._Module04Chamber1_2018_04_18_16_11_32.jpg,jpg,2018-04-18,16.183333333333334
4,Module04Chamber1_2018_04_18_17_38_29.jpg,jpg,2018-04-18,17.633333333333333
4,Module04Chamber1_2018_04_18_19_08_33.jpg,jpg,2018-04-18,19.133333333333333
4,Module04Chamber1_2018_04_18_20_35_46.jpg,jpg,2018-04-18,20.583333333333332
4,Module04Chamber1_2018_04_18_22_10_02.jpg,jpg,2018-04-18,22.166666666666668
4,Module04Chamber1_2018_04_18_23_33_16.jpg,jpg,2018-04-18,23.55
4,Module04Chamber1_2018_04_19_01_02_22.jpg,jpg,2018-04-19,1.0333333333333334
4,._Module04Chamber1_2018_04_19_01_02_22.jpg,jpg,2018-04-19,1.0333333333333334
4,._Module04Chamber1_2018_04_19_01_02_22.jpg,jpg,2018-04-19,1.0333333333333334
4,Module04Chamber1_2018_04_19_14_45_30.jpg,jpg,2018-04-19,14.75
4,Module04Chamber1_2018_04_19_16_15_03.jpg,jpg,2018-04-19,16.25
4,Module04Chamber1_2018_04_19_17_41_30.jpg,jpg,2018-04-19,17.683333333333334
4,Module04Chamber1_2018_04_19_19_11_08.jpg,jpg,2018-04-19,19.183333333333334
4,Module04Chamber1_2018_04_19_20_34_06.jpg,jpg,2018-04-19,20.566666666666666
4,Module04Chamber1_2018_04_19_22_07_16.jpg,jpg,2018-04-19,22.116666666666667
4,Module04Chamber1_2018_04_19_23_30_39.jpg,jpg,2018-04-19,23.5
4,Module04Chamber1_2018_04_20_00_59_15.jpg,jpg,2018-04-20,0.9833333333333333
4,._Module04Chamber1_2018_04_20_00_59_15.jpg,jpg,2018-04-20,0.9833333333333333
4,._Module04Chamber1_2018_04_20_00_59_15.jpg,jpg,2018-04-20,0.9833333333333333
4,Module04Chamber1_2018_04_20_14_45_31.jpg,jpg,2018-04-20,14.75
4,Module04Chamber1_2018_04_20_16_15_17.jpg,jpg,2018-04-20,16.25
4,Module04Chamber1_2018_04_20_17_40_54.jpg,jpg,2018-04-20,17.666666666666668
4,Module04Chamber1_2018_04_20_19_05_37.jpg,jpg,2018-04-20,19.083333333333332
4,Module04Chamber1_2018_04_20_20_32_19.jpg,jpg,2018-04-20,20.533333333333335
4,Module04Chamber1_2018_04_20_22_00_54.jpg,jpg,2018-04-20,22.0
4,Module04Chamber1_2018_04_20_23_31_19.jpg,jpg,2018-04-20,23.516666666666666
4,Module04Chamber1_2018_04_21_00_59_53.jpg,jpg,2018-04-21,0.9833333333333333
4,._Module04Chamber1_2018_04_21_00_59_53.jpg,jpg,2018-04-21,0.9833333333333333
4,._Module04Chamber1_2018_04_21_00_59_53.jpg,jpg,2018-04-21,0.9833333333333333
4,Module04Chamber1_2018_04_21_14_45_24.jpg,jpg,2018-04-21,14.75
4,Module04Chamber1_2018_04_21_16_14_26.jpg,jpg,2018-04-21,16.233333333333334
4,Module04Chamber1_2018_04_21_17_40_24.jpg,jpg,2018-04-21,17.666666666666668
4,Module04Chamber1_2018_04_21_19_09_05.jpg,jpg,2018-04-21,19.15
4,._Module04Chamber1_2018_04_21_19_09_05.jpg,jpg,2018-04-21,19.15
4,._Module04Chamber1_2018_04_21_19_09_05.jpg,jpg,2018-04-21,19.15
4,Module04Chamber1_2018_04_21_20_34_59.jpg,jpg,2018-04-21,20.566666666666666
4,Module04Chamber1_2018_04_21_22_03_53.jpg,jpg,2018-04-21,22.05
4,Module04Chamber1_2018_04_21_23_30_35.jpg,jpg,2018-04-21,23.5
4,Module04Chamber1_2018_04_22_00_58_02.jpg,jpg,2018-04-22,0.9666666666666667
4,._Module04Chamber1_2018_04_22_00_58_02.jpg,jpg,2018-04-22,0.9666666666666667
4,._Module04Chamber1_2018_04_22_00_58_02.jpg,jpg,2018-04-22,0.9666666666666667
4,Module04Chamber1_2018_04_22_15_27_00.jpg,jpg,2018-04-22,15.45
4,._Module04Chamber1_2018_04_22_15_27_00.jpg,jpg,2018-04-22,15.45
4,._Module04Chamber1_2018_04_22_15_27_00.jpg,jpg,2018-04-22,15.45
4,Module04Chamber1_2018_04_22_16_45_56.jpg,jpg,2018-04-22,16.75
4,._Module04Chamber1_2018_04_22_16_45_56.jpg,jpg,2018-04-22,16.75
4,._Module04Chamber1_2018_04_22_16_45_56.jpg,jpg,2018-04-22,16.75
4,Module04Chamber1_2018_04_22_18_02_28.jpg,jpg,2018-04-22,18.033333333333335
4,._Module04Chamber1_2018_04_22_18_02_28.jpg,jpg,2018-04-22,18.033333333333335
4,._Module04Chamber1_2018_04_22_18_02_28.jpg,jpg,2018-04-22,18.033333333333335
4,Module04Chamber1_2018_04_22_19_24_42.jpg,jpg,2018-04-22,19.4
4,._Module04Chamber1_2018_04_22_19_24_42.jpg,jpg,2018-04-22,19.4
4,._Module04Chamber1_2018_04_22_19_24_42.jpg,jpg,2018-04-22,19.4
4,Module04Chamber1_2018_04_22_20_43_05.jpg,jpg,2018-04-22,20.716666666666665
4,Module04Chamber1_2018_04_22_22_03_02.jpg,jpg,2018-04-22,22.05
4,._Module04Chamber1_2018_04_22_22_03_02.jpg,jpg,2018-04-22,22.05
4,._Module04Chamber1_2018_04_22_22_03_02.jpg,jpg,2018-04-22,22.05
4,Module04Chamber1_2018_04_22_23_21_51.jpg,jpg,2018-04-22,23.35
4,._Module04Chamber1_2018_04_22_23_21_51.jpg,jpg,2018-04-22,23.35
4,._Module04Chamber1_2018_04_22_23_21_51.jpg,jpg,2018-04-22,23.35
4,Module04Chamber1_2018_04_23_00_39_19.jpg,jpg,2018-04-23,0.65
4,._Module04Chamber1_2018_04_23_00_39_19.jpg,jpg,2018-04-23,0.65
4,._Module04Chamber1_2018_04_23_00_39_19.jpg,jpg,2018-04-23,0.65
4,Module04Chamber1_2018_04_23_01_58_05.jpg,jpg,2018-04-23,1.9666666666666668
4,._Module04Chamber1_2018_04_23_01_58_05.jpg,jpg,2018-04-23,1.9666666666666668
4,._Module04Chamber1_2018_04_23_01_58_05.jpg,jpg,2018-04-23,1.9666666666666668
4,Module04Chamber1_2018_04_23_15_26_20.jpg,jpg,2018-04-23,15.433333333333334
4,._Module04Chamber1_2018_04_23_15_26_20.jpg,jpg,2018-04-23,15.433333333333334
4,._Module04Chamber1_2018_04_23_15_26_20.jpg,jpg,2018-04-23,15.433333333333334
4,Module04Chamber1_2018_04_23_16_44_26.jpg,jpg,2018-04-23,16.733333333333334
4,Module04Chamber1_2018_04_23_18_03_19.jpg,jpg,2018-04-23,18.05
4,._Module04Chamber1_2018_04_23_18_03_19.jpg,jpg,2018-04-23,18.05
4,._Module04Chamber1_2018_04_23_18_03_19.jpg,jpg,2018-04-23,18.05
4,Module04Chamber1_2018_04_23_19_17_19.jpg,jpg,2018-04-23,19.283333333333335
4,Module04Chamber1_2018_04_23_20_36_26.jpg,jpg,2018-04-23,20.6
4,._Module04Chamber1_2018_04_23_20_36_26.jpg,jpg,2018-04-23,20.6
4,._Module04Chamber1_2018_04_23_20_36_26.jpg,jpg,2018-04-23,20.6
4,Module04Chamber1_2018_04_23_21_54_13.jpg,jpg,2018-04-23,21.9
4,Module04Chamber1_2018_04_23_23_09_25.jpg,jpg,2018-04-23,23.15
4,Module04Chamber1_2018_04_24_00_30_18.jpg,jpg,2018-04-24,0.5
4,._Module04Chamber1_2018_04_24_00_30_18.jpg,jpg,2018-04-24,0.5
4,._Module04Chamber1_2018_04_24_00_30_18.jpg,jpg,2018-04-24,0.5
4,Module04Chamber1_2018_04_24_01_48_00.jpg,jpg,2018-04-24,1.8
4,._Module04Chamber1_2018_04_24_01_48_00.jpg,jpg,2018-04-24,1.8
4,._Module04Chamber1_2018_04_24_01_48_00.jpg,jpg,2018-04-24,1.8
4,Module04Chamber1_2018_04_24_15_23_04.jpg,jpg,2018-04-24,15.383333333333333
4,Module04Chamber1_2018_04_24_16_43_51.jpg,jpg,2018-04-24,16.716666666666665
4,._Module04Chamber1_2018_04_24_16_43_51.jpg,jpg,2018-04-24,16.716666666666665
4,._Module04Chamber1_2018_04_24_16_43_51.jpg,jpg,2018-04-24,16.716666666666665
4,Module04Chamber1_2018_04_24_17_59_04.jpg,jpg,2018-04-24,17.983333333333334
4,Module04Chamber1_2018_04_24_20_35_12.jpg,jpg,2018-04-24,20.583333333333332
4,Module04Chamber1_2018_04_24_21_58_25.jpg,jpg,2018-04-24,21.966666666666665
4,._Module04Chamber1_2018_04_24_21_58_25.jpg,jpg,2018-04-24,21.966666666666665
4,._Module04Chamber1_2018_04_24_21_58_25.jpg,jpg,2018-04-24,21.966666666666665
4,Module04Chamber1_2018_04_24_23_15_25.jpg,jpg,2018-04-24,23.25
4,._Module04Chamber1_2018_04_24_23_15_25.jpg,jpg,2018-04-24,23.25
4,._Module04Chamber1_2018_04_24_23_15_25.jpg,jpg,2018-04-24,23.25
4,Module04Chamber1_2018_04_25_00_38_21.jpg,jpg,2018-04-25,0.6333333333333333
4,._Module04Chamber1_2018_04_25_00_38_21.jpg,jpg,2018-04-25,0.6333333333333333
4,._Module04Chamber1_2018_04_25_00_38_21.jpg,jpg,2018-04-25,0.6333333333333333
4,Module04Chamber1_2018_04_25_01_57_18.jpg,jpg,2018-04-25,1.95
4,._Module04Chamber1_2018_04_25_01_57_18.jpg,jpg,2018-04-25,1.95
4,._Module04Chamber1_2018_04_25_01_57_18.jpg,jpg,2018-04-25,1.95
4,Module04Chamber1_2018_04_25_15_28_10.jpg,jpg,2018-04-25,15.466666666666667
4,Module04Chamber1_2018_04_25_16_53_53.jpg,jpg,2018-04-25,16.883333333333333
4,._Module04Chamber1_2018_04_25_16_53_53.jpg,jpg,2018-04-25,16.883333333333333
4,._Module04Chamber1_2018_04_25_16_53_53.jpg,jpg,2018-04-25,16.883333333333333
4,Module04Chamber1_2018_04_25_18_21_06.jpg,jpg,2018-04-25,18.35
4,Module04Chamber1_2018_04_25_19_48_21.jpg,jpg,2018-04-25,19.8
4,Module04Chamber1_2018_04_25_21_18_19.jpg,jpg,2018-04-25,21.3
4,Module04Chamber1_2018_04_25_22_42_54.jpg,jpg,2018-04-25,22.7
4,Module04Chamber1_2018_04_26_00_16_28.jpg,jpg,2018-04-26,0.26666666666666666
4,._Module04Chamber1_2018_04_26_00_16_28.jpg,jpg,2018-04-26,0.26666666666666666
4,._Module04Chamber1_2018_04_26_00_16_28.jpg,jpg,2018-04-26,0.26666666666666666
4,Module04Chamber1_2018_04_26_01_46_40.jpg,jpg,2018-04-26,1.7666666666666666
4,Module04Chamber1_2018_04_26_15_31_56.jpg,jpg,2018-04-26,15.516666666666667
4,Module04Chamber1_2018_04_26_17_11_03.jpg,jpg,2018-04-26,17.183333333333334
4,Module04Chamber1_2018_04_26_18_49_29.jpg,jpg,2018-04-26,18.816666666666666
4,Module04Chamber1_2018_04_26_20_26_02.jpg,jpg,2018-04-26,20.433333333333334
4,Module04Chamber1_2018_04_26_22_14_37.jpg,jpg,2018-04-26,22.233333333333334
4,Module04Chamber1_2018_04_26_23_57_16.jpg,jpg,2018-04-26,23.95
4,Module04Chamber1_2018_04_27_01_40_17.jpg,jpg,2018-04-27,1.6666666666666665
4,._Module04Chamber1_2018_04_27_01_40_17.jpg,jpg,2018-04-27,1.6666666666666665
4,._Module04Chamber1_2018_04_27_01_40_17.jpg,jpg,2018-04-27,1.6666666666666665
4,Module04Chamber1_2018_04_27_15_31_00.jpg,jpg,2018-04-27,15.516666666666667
4,Module04Chamber1_2018_04_27_17_15_20.jpg,jpg,2018-04-27,17.25
4,Module04Chamber1_2018_04_27_18_43_01.jpg,jpg,2018-04-27,18.716666666666665
4,Module04Chamber1_2018_04_27_20_21_05.jpg,jpg,2018-04-27,20.35
4,Module04Chamber1_2018_04_27_21_49_11.jpg,jpg,2018-04-27,21.816666666666666
4,Module04Chamber1_2018_04_27_23_26_39.jpg,jpg,2018-04-27,23.433333333333334
4,Module04Chamber1_2018_04_28_00_55_56.jpg,jpg,2018-04-28,0.9166666666666666
4,._Module04Chamber1_2018_04_28_00_55_56.jpg,jpg,2018-04-28,0.9166666666666666
4,._Module04Chamber1_2018_04_28_00_55_56.jpg,jpg,2018-04-28,0.9166666666666666
4,Module04Chamber1_2018_04_28_02_33_18.jpg,jpg,2018-04-28,2.55
4,Module04Chamber1_2018_04_28_15_28_38.jpg,jpg,2018-04-28,15.466666666666667
4,Module04Chamber1_2018_04_28_16_50_04.jpg,jpg,2018-04-28,16.833333333333332
4,Module04Chamber1_2018_04_28_18_17_43.jpg,jpg,2018-04-28,18.283333333333335
4,Module04Chamber1_2018_04_28_19_42_16.jpg,jpg,2018-04-28,19.7
4,Module04Chamber1_2018_04_28_21_09_21.jpg,jpg,2018-04-28,21.15
4,Module04Chamber1_2018_04_28_22_37_44.jpg,jpg,2018-04-28,22.616666666666667
4,Module04Chamber1_2018_04_29_00_04_21.jpg,jpg,2018-04-29,0.06666666666666667
4,._Module04Chamber1_2018_04_29_00_04_21.jpg,jpg,2018-04-29,0.06666666666666667
4,._Module04Chamber1_2018_04_29_00_04_21.jpg,jpg,2018-04-29,0.06666666666666667
4,Module04Chamber1_2018_04_29_01_26_33.jpg,jpg,2018-04-29,1.4333333333333333
4,Module04Chamber1_2018_04_29_02_56_36.jpg,jpg,2018-04-29,2.9333333333333336
4,Module04Chamber1_2018_04_29_15_24_53.jpg,jpg,2018-04-29,15.4
4,Module04Chamber1_2018_04_29_16_54_30.jpg,jpg,2018-04-29,16.9
4,Module04Chamber1_2018_04_29_18_17_23.jpg,jpg,2018-04-29,18.283333333333335
4,Module04Chamber1_2018_04_29_19_41_51.jpg,jpg,2018-04-29,19.683333333333334
4,Module04Chamber1_2018_04_29_21_12_59.jpg,jpg,2018-04-29,21.2
4,Module04Chamber1_2018_04_29_22_36_55.jpg,jpg,2018-04-29,22.6
4,Module04Chamber1_2018_04_30_00_06_30.jpg,jpg,2018-04-30,0.1
4,._Module04Chamber1_2018_04_30_00_06_30.jpg,jpg,2018-04-30,0.1
4,._Module04Chamber1_2018_04_30_00_06_30.jpg,jpg,2018-04-30,0.1
4,Module04Chamber1_2018_04_30_01_34_59.jpg,jpg,2018-04-30,1.5666666666666667
4,Module04Chamber1_2018_04_30_03_01_51.jpg,jpg,2018-04-30,3.0166666666666666
4,Module04Chamber1_2018_05_02_08_07_16.jpg,jpg,2018-05-02,8.116666666666667
4,._Module04Chamber1_2018_05_02_08_07_16.jpg,jpg,2018-05-02,8.116666666666667
4,._Module04Chamber1_2018_05_02_08_07_16.jpg,jpg,2018-05-02,8.116666666666667
4,Module04Chamber1-2018-04-06-11-28-00.mp4,mp4,2018-04-06,11.466666666666667
4,Module04Chamber1-2018-04-06-12-29-56.mp4,mp4,2018-04-06,12.483333333333333
4,Module04Chamber1-2018-04-06-15-30-25.mp4,mp4,2018-04-06,15.5
4,Module04Chamber1-2018-04-06-16-38-47.mp4,mp4,2018-04-06,16.633333333333333
4,Module04Chamber1-2018-04-06-18-03-10.mp4,mp4,2018-04-06,18.05
4,Module04Chamber1-2018-04-06-19-29-56.mp4,mp4,2018-04-06,19.483333333333334
4,Module04Chamber1-2018-04-06-20-58-18.mp4,mp4,2018-04-06,20.966666666666665
4,Module04Chamber1-2018-04-06-22-26-09.mp4,mp4,2018-04-06,22.433333333333334
4,Module04Chamber1-2018-04-07-11-42-39.mp4,mp4,2018-04-07,11.7
4,Module04Chamber1-2018-04-07-13-11-03.mp4,mp4,2018-04-07,13.183333333333334
4,Module04Chamber1-2018-04-07-14-37-16.mp4,mp4,2018-04-07,14.616666666666667
4,Module04Chamber1-2018-04-07-16-02-30.mp4,mp4,2018-04-07,16.033333333333335
4,Module04Chamber1-2018-04-07-19-06-15.mp4,mp4,2018-04-07,19.1
4,Module04Chamber1-2018-04-07-20-05-28.mp4,mp4,2018-04-07,20.083333333333332
4,Module04Chamber1-2018-04-07-21-20-52.mp4,mp4,2018-04-07,21.333333333333332
4,Module04Chamber1-2018-04-07-22-42-38.mp4,mp4,2018-04-07,22.7
4,Module04Chamber1_2018_05_02_09_11_08.jpg,jpg,2018-05-02,9.183333333333334
4,Module04Chamber1-2018-04-08-13-17-24.mp4,mp4,2018-04-08,13.283333333333333
4,Module04Chamber1-2018-04-08-14-44-58.mp4,mp4,2018-04-08,14.733333333333333
4,Module04Chamber1-2018-04-08-16-16-40.mp4,mp4,2018-04-08,16.266666666666666
4,Module04Chamber1-2018-04-08-17-15-07.mp4,mp4,2018-04-08,17.25
4,Module04Chamber1-2018-04-08-18-37-06.mp4,mp4,2018-04-08,18.616666666666667
4,Module04Chamber1-2018-04-08-19-59-48.mp4,mp4,2018-04-08,19.983333333333334
4,Module04Chamber1-2018-04-08-21-27-48.mp4,mp4,2018-04-08,21.45
4,Module04Chamber1-2018-04-08-22-53-39.mp4,mp4,2018-04-08,22.883333333333333
4,Module04Chamber1_2018_05_02_10_10_43.jpg,jpg,2018-05-02,10.166666666666666
4,Module04Chamber1-2018-04-09-13-23-59.mp4,mp4,2018-04-09,13.383333333333333
4,Module04Chamber1-2018-04-09-14-45-04.mp4,mp4,2018-04-09,14.75
4,Module04Chamber1-2018-04-09-16-15-49.mp4,mp4,2018-04-09,16.25
4,Module04Chamber1-2018-04-09-17-39-59.mp4,mp4,2018-04-09,17.65
4,Module04Chamber1_2018_05_02_11_15_52.jpg,jpg,2018-05-02,11.25
4,Module04Chamber1-2018-04-09-20-28-45.mp4,mp4,2018-04-09,20.466666666666665
4,Module04Chamber1-2018-04-09-21-47-29.mp4,mp4,2018-04-09,21.783333333333335
4,Module04Chamber1-2018-04-09-23-12-07.mp4,mp4,2018-04-09,23.2
4,Module04Chamber1_2018_05_02_12_17_16.jpg,jpg,2018-05-02,12.283333333333333
4,Module04Chamber1-2018-04-10-13-20-36.mp4,mp4,2018-04-10,13.333333333333334
4,Module04Chamber1-2018-04-10-14-48-45.mp4,mp4,2018-04-10,14.8
4,Module04Chamber1-2018-04-10-16-15-10.mp4,mp4,2018-04-10,16.25
4,Module04Chamber1-2018-04-10-17-38-28.mp4,mp4,2018-04-10,17.633333333333333
4,Module04Chamber1_2018_05_02_13_21_30.jpg,jpg,2018-05-02,13.35
4,Module04Chamber1-2018-04-10-20-29-11.mp4,mp4,2018-04-10,20.483333333333334
4,Module04Chamber1-2018-04-10-21-55-10.mp4,mp4,2018-04-10,21.916666666666668
4,Module04Chamber1-2018-04-10-23-21-40.mp4,mp4,2018-04-10,23.35
4,Module04Chamber1_2018_05_02_14_28_47.jpg,jpg,2018-05-02,14.466666666666667
4,Module04Chamber1-2018-04-11-14-23-30.mp4,mp4,2018-04-11,14.383333333333333
4,Module04Chamber1-2018-04-11-15-23-35.mp4,mp4,2018-04-11,15.383333333333333
4,Module04Chamber1-2018-04-11-16-31-49.mp4,mp4,2018-04-11,16.516666666666666
4,Module04Chamber1-2018-04-11-17-28-17.mp4,mp4,2018-04-11,17.466666666666665
4,Module04Chamber1-2018-04-11-18-52-59.mp4,mp4,2018-04-11,18.866666666666667
4,Module04Chamber1-2018-04-11-20-19-09.mp4,mp4,2018-04-11,20.316666666666666
4,Module04Chamber1-2018-04-11-21-38-28.mp4,mp4,2018-04-11,21.633333333333333
4,Module04Chamber1-2018-04-11-23-08-24.mp4,mp4,2018-04-11,23.133333333333333
4,Module04Chamber1_2018_05_02_15_33_05.jpg,jpg,2018-05-02,15.55
4,Module04Chamber1-2018-04-12-01-57-43.mp4,mp4,2018-04-12,1.95
4,Module04Chamber1-2018-04-12-14-32-13.mp4,mp4,2018-04-12,14.533333333333333
4,Module04Chamber1-2018-04-12-15-53-43.mp4,mp4,2018-04-12,15.883333333333333
4,Module04Chamber1-2018-04-12-17-19-30.mp4,mp4,2018-04-12,17.316666666666666
4,Module04Chamber1-2018-04-12-18-42-37.mp4,mp4,2018-04-12,18.7
4,Module04Chamber1-2018-04-12-20-08-42.mp4,mp4,2018-04-12,20.133333333333333
4,Module04Chamber1-2018-04-12-21-31-19.mp4,mp4,2018-04-12,21.516666666666666
4,Module04Chamber1-2018-04-12-22-57-04.mp4,mp4,2018-04-12,22.95
4,Module04Chamber1_2018_05_02_16_36_58.jpg,jpg,2018-05-02,16.6
4,Module04Chamber1-2018-04-13-01-46-09.mp4,mp4,2018-04-13,1.7666666666666666
4,Module04Chamber1-2018-04-13-14-31-51.mp4,mp4,2018-04-13,14.516666666666667
4,Module04Chamber1-2018-04-13-15-56-57.mp4,mp4,2018-04-13,15.933333333333334
4,Module04Chamber1-2018-04-13-17-22-02.mp4,mp4,2018-04-13,17.366666666666667
4,Module04Chamber1-2018-04-13-18-45-43.mp4,mp4,2018-04-13,18.75
4,Module04Chamber1-2018-04-13-20-11-57.mp4,mp4,2018-04-13,20.183333333333334
4,Module04Chamber1-2018-04-13-21-34-43.mp4,mp4,2018-04-13,21.566666666666666
4,Module04Chamber1-2018-04-13-23-00-10.mp4,mp4,2018-04-13,23.0
4,Module04Chamber1_2018_05_02_17_41_32.jpg,jpg,2018-05-02,17.683333333333334
4,Module04Chamber1_2018_05_02_18_45_23.jpg,jpg,2018-05-02,18.75
4,Module04Chamber1-2018-04-14-14-32-21.mp4,mp4,2018-04-14,14.533333333333333
4,Module04Chamber1_2018_05_02_19_49_39.jpg,jpg,2018-05-02,19.816666666666666
4,Module04Chamber1-2018-04-14-17-20-08.mp4,mp4,2018-04-14,17.333333333333332
4,Module04Chamber1-2018-04-14-18-45-47.mp4,mp4,2018-04-14,18.75
4,Module04Chamber1-2018-04-14-20-14-17.mp4,mp4,2018-04-14,20.233333333333334
4,Module04Chamber1-2018-04-14-21-39-48.mp4,mp4,2018-04-14,21.65
4,Module04Chamber1-2018-04-14-23-10-25.mp4,mp4,2018-04-14,23.166666666666668
4,Module04Chamber1-2018-04-15-00-38-56.mp4,mp4,2018-04-15,0.6333333333333333
4,Module04Chamber1-2018-04-15-14-30-28.mp4,mp4,2018-04-15,14.5
4,Module04Chamber1-2018-04-15-16-08-03.mp4,mp4,2018-04-15,16.133333333333333
4,Module04Chamber1-2018-04-15-17-35-33.mp4,mp4,2018-04-15,17.583333333333332
4,Module04Chamber1-2018-04-15-19-16-33.mp4,mp4,2018-04-15,19.266666666666666
4,Module04Chamber1-2018-04-15-20-50-52.mp4,mp4,2018-04-15,20.833333333333332
4,Module04Chamber1-2018-04-15-22-23-42.mp4,mp4,2018-04-15,22.383333333333333
4,Module04Chamber1_2018_05_03_08_27_36.jpg,jpg,2018-05-03,8.45
4,._Module04Chamber1_2018_05_03_08_27_36.jpg,jpg,2018-05-03,8.45
4,._Module04Chamber1_2018_05_03_08_27_36.jpg,jpg,2018-05-03,8.45
4,Module04Chamber1_2018_05_03_10_11_43.jpg,jpg,2018-05-03,10.183333333333334
4,Module04Chamber1-2018-04-16-15-37-55.mp4,mp4,2018-04-16,15.616666666666667
4,Module04Chamber1-2018-04-16-16-46-37.mp4,mp4,2018-04-16,16.766666666666666
4,Module04Chamber1-2018-04-16-18-29-52.mp4,mp4,2018-04-16,18.483333333333334
4,Module04Chamber1-2018-04-16-20-12-01.mp4,mp4,2018-04-16,20.2
4,Module04Chamber1-2018-04-16-21-51-35.mp4,mp4,2018-04-16,21.85
4,Module04Chamber1-2018-04-16-23-26-46.mp4,mp4,2018-04-16,23.433333333333334
4,Module04Chamber1-2018-04-17-01-11-56.mp4,mp4,2018-04-17,1.1833333333333333
4,Module04Chamber1-2018-04-17-14-47-45.mp4,mp4,2018-04-17,14.783333333333333
4,Module04Chamber1-2018-04-17-16-24-33.mp4,mp4,2018-04-17,16.4
4,Module04Chamber1-2018-04-17-18-02-18.mp4,mp4,2018-04-17,18.033333333333335
4,Module04Chamber1-2018-04-17-19-35-54.mp4,mp4,2018-04-17,19.583333333333332
4,Module04Chamber1-2018-04-17-21-17-36.mp4,mp4,2018-04-17,21.283333333333335
4,Module04Chamber1-2018-04-17-22-57-59.mp4,mp4,2018-04-17,22.95
4,Module04Chamber1_2018_05_03_11_31_47.jpg,jpg,2018-05-03,11.516666666666667
4,Module04Chamber1-2018-04-18-14-45-43.mp4,mp4,2018-04-18,14.75
4,._Module04Chamber1-2018-04-18-14-45-43.mp4,mp4,2018-04-18,14.75
4,._Module04Chamber1-2018-04-18-14-45-43.mp4,mp4,2018-04-18,14.75
4,Module04Chamber1-2018-04-18-16-11-32.mp4,mp4,2018-04-18,16.183333333333334
4,Module04Chamber1-2018-04-18-17-38-29.mp4,mp4,2018-04-18,17.633333333333333
4,Module04Chamber1-2018-04-18-19-08-33.mp4,mp4,2018-04-18,19.133333333333333
4,Module04Chamber1-2018-04-18-20-35-46.mp4,mp4,2018-04-18,20.583333333333332
4,Module04Chamber1-2018-04-18-22-10-02.mp4,mp4,2018-04-18,22.166666666666668
4,Module04Chamber1-2018-04-18-23-33-16.mp4,mp4,2018-04-18,23.55
4,Module04Chamber1-2018-04-19-01-02-22.mp4,mp4,2018-04-19,1.0333333333333334
4,._Module04Chamber1-2018-04-19-01-02-22.mp4,mp4,2018-04-19,1.0333333333333334
4,._Module04Chamber1-2018-04-19-01-02-22.mp4,mp4,2018-04-19,1.0333333333333334
4,Module04Chamber1-2018-04-19-14-45-30.mp4,mp4,2018-04-19,14.75
4,Module04Chamber1-2018-04-19-16-15-03.mp4,mp4,2018-04-19,16.25
4,Module04Chamber1-2018-04-19-17-41-30.mp4,mp4,2018-04-19,17.683333333333334
4,Module04Chamber1-2018-04-19-19-11-08.mp4,mp4,2018-04-19,19.183333333333334
4,Module04Chamber1-2018-04-19-20-34-06.mp4,mp4,2018-04-19,20.566666666666666
4,Module04Chamber1-2018-04-19-22-07-16.mp4,mp4,2018-04-19,22.116666666666667
4,Module04Chamber1-2018-04-19-23-30-39.mp4,mp4,2018-04-19,23.5
4,Module04Chamber1-2018-04-20-00-59-15.mp4,mp4,2018-04-20,0.9833333333333333
4,Module04Chamber1-2018-04-20-14-45-31.mp4,mp4,2018-04-20,14.75
4,Module04Chamber1-2018-04-20-16-15-17.mp4,mp4,2018-04-20,16.25
4,Module04Chamber1-2018-04-20-17-40-54.mp4,mp4,2018-04-20,17.666666666666668
4,Module04Chamber1-2018-04-20-19-05-37.mp4,mp4,2018-04-20,19.083333333333332
4,Module04Chamber1-2018-04-20-20-32-19.mp4,mp4,2018-04-20,20.533333333333335
4,Module04Chamber1-2018-04-20-22-00-54.mp4,mp4,2018-04-20,22.0
4,Module04Chamber1-2018-04-20-23-31-19.mp4,mp4,2018-04-20,23.516666666666666
4,Module04Chamber1-2018-04-21-00-59-53.mp4,mp4,2018-04-21,0.9833333333333333
4,Module04Chamber1-2018-04-21-14-45-24.mp4,mp4,2018-04-21,14.75
4,._Module04Chamber1-2018-04-21-14-45-24.mp4,mp4,2018-04-21,14.75
4,._Module04Chamber1-2018-04-21-14-45-24.mp4,mp4,2018-04-21,14.75
4,Module04Chamber1-2018-04-21-16-14-26.mp4,mp4,2018-04-21,16.233333333333334
4,Module04Chamber1-2018-04-21-17-40-24.mp4,mp4,2018-04-21,17.666666666666668
4,Module04Chamber1-2018-04-21-19-09-05.mp4,mp4,2018-04-21,19.15
4,._Module04Chamber1-2018-04-21-19-09-05.mp4,mp4,2018-04-21,19.15
4,._Module04Chamber1-2018-04-21-19-09-05.mp4,mp4,2018-04-21,19.15
4,Module04Chamber1-2018-04-21-20-34-59.mp4,mp4,2018-04-21,20.566666666666666
4,Module04Chamber1-2018-04-21-22-03-53.mp4,mp4,2018-04-21,22.05
4,Module04Chamber1-2018-04-21-23-30-35.mp4,mp4,2018-04-21,23.5
4,Module04Chamber1-2018-04-22-00-58-02.mp4,mp4,2018-04-22,0.9666666666666667
4,Module04Chamber1-2018-04-22-15-27-00.mp4,mp4,2018-04-22,15.45
4,._Module04Chamber1-2018-04-22-15-27-00.mp4,mp4,2018-04-22,15.45
4,._Module04Chamber1-2018-04-22-15-27-00.mp4,mp4,2018-04-22,15.45
4,Module04Chamber1-2018-04-22-16-45-56.mp4,mp4,2018-04-22,16.75
4,._Module04Chamber1-2018-04-22-16-45-56.mp4,mp4,2018-04-22,16.75
4,._Module04Chamber1-2018-04-22-16-45-56.mp4,mp4,2018-04-22,16.75
4,Module04Chamber1-2018-04-22-18-02-28.mp4,mp4,2018-04-22,18.033333333333335
4,._Module04Chamber1-2018-04-22-18-02-28.mp4,mp4,2018-04-22,18.033333333333335
4,._Module04Chamber1-2018-04-22-18-02-28.mp4,mp4,2018-04-22,18.033333333333335
4,Module04Chamber1-2018-04-22-19-24-42.mp4,mp4,2018-04-22,19.4
4,._Module04Chamber1-2018-04-22-19-24-42.mp4,mp4,2018-04-22,19.4
4,._Module04Chamber1-2018-04-22-19-24-42.mp4,mp4,2018-04-22,19.4
4,Module04Chamber1-2018-04-22-20-43-05.mp4,mp4,2018-04-22,20.716666666666665
4,Module04Chamber1-2018-04-22-22-03-02.mp4,mp4,2018-04-22,22.05
4,._Module04Chamber1-2018-04-22-22-03-02.mp4,mp4,2018-04-22,22.05
4,._Module04Chamber1-2018-04-22-22-03-02.mp4,mp4,2018-04-22,22.05
4,Module04Chamber1-2018-04-22-23-21-51.mp4,mp4,2018-04-22,23.35
4,._Module04Chamber1-2018-04-22-23-21-51.mp4,mp4,2018-04-22,23.35
4,._Module04Chamber1-2018-04-22-23-21-51.mp4,mp4,2018-04-22,23.35
4,Module04Chamber1-2018-04-23-00-39-19.mp4,mp4,2018-04-23,0.65
4,Module04Chamber1-2018-04-23-01-58-05.mp4,mp4,2018-04-23,1.9666666666666668
4,._Module04Chamber1-2018-04-23-01-58-05.mp4,mp4,2018-04-23,1.9666666666666668
4,._Module04Chamber1-2018-04-23-01-58-05.mp4,mp4,2018-04-23,1.9666666666666668
4,Module04Chamber1-2018-04-23-15-26-20.mp4,mp4,2018-04-23,15.433333333333334
4,._Module04Chamber1-2018-04-23-15-26-20.mp4,mp4,2018-04-23,15.433333333333334
4,._Module04Chamber1-2018-04-23-15-26-20.mp4,mp4,2018-04-23,15.433333333333334
4,Module04Chamber1-2018-04-23-16-44-26.mp4,mp4,2018-04-23,16.733333333333334
4,._Module04Chamber1-2018-04-23-16-44-26.mp4,mp4,2018-04-23,16.733333333333334
4,._Module04Chamber1-2018-04-23-16-44-26.mp4,mp4,2018-04-23,16.733333333333334
4,Module04Chamber1-2018-04-23-18-03-19.mp4,mp4,2018-04-23,18.05
4,._Module04Chamber1-2018-04-23-18-03-19.mp4,mp4,2018-04-23,18.05
4,._Module04Chamber1-2018-04-23-18-03-19.mp4,mp4,2018-04-23,18.05
4,Module04Chamber1-2018-04-23-19-17-19.mp4,mp4,2018-04-23,19.283333333333335
4,Module04Chamber1-2018-04-23-20-36-26.mp4,mp4,2018-04-23,20.6
4,._Module04Chamber1-2018-04-23-20-36-26.mp4,mp4,2018-04-23,20.6
4,._Module04Chamber1-2018-04-23-20-36-26.mp4,mp4,2018-04-23,20.6
4,Module04Chamber1-2018-04-23-21-54-13.mp4,mp4,2018-04-23,21.9
4,Module04Chamber1-2018-04-23-23-09-25.mp4,mp4,2018-04-23,23.15
4,Module04Chamber1_2018_05_03_12_32_07.jpg,jpg,2018-05-03,12.533333333333333
4,Module04Chamber1-2018-04-24-01-48-00.mp4,mp4,2018-04-24,1.8
4,._Module04Chamber1-2018-04-24-01-48-00.mp4,mp4,2018-04-24,1.8
4,._Module04Chamber1-2018-04-24-01-48-00.mp4,mp4,2018-04-24,1.8
4,Module04Chamber1-2018-04-24-15-23-04.mp4,mp4,2018-04-24,15.383333333333333
4,Module04Chamber1-2018-04-24-16-43-51.mp4,mp4,2018-04-24,16.716666666666665
4,._Module04Chamber1-2018-04-24-16-43-51.mp4,mp4,2018-04-24,16.716666666666665
4,._Module04Chamber1-2018-04-24-16-43-51.mp4,mp4,2018-04-24,16.716666666666665
4,Module04Chamber1-2018-04-24-17-59-04.mp4,mp4,2018-04-24,17.983333333333334
4,Module04Chamber1-2018-04-24-20-35-12.mp4,mp4,2018-04-24,20.583333333333332
4,Module04Chamber1-2018-04-24-21-58-25.mp4,mp4,2018-04-24,21.966666666666665
4,._Module04Chamber1-2018-04-24-21-58-25.mp4,mp4,2018-04-24,21.966666666666665
4,._Module04Chamber1-2018-04-24-21-58-25.mp4,mp4,2018-04-24,21.966666666666665
4,Module04Chamber1-2018-04-24-23-15-25.mp4,mp4,2018-04-24,23.25
4,._Module04Chamber1-2018-04-24-23-15-25.mp4,mp4,2018-04-24,23.25
4,._Module04Chamber1-2018-04-24-23-15-25.mp4,mp4,2018-04-24,23.25
4,Module04Chamber1-2018-04-25-00-38-21.mp4,mp4,2018-04-25,0.6333333333333333
4,._Module04Chamber1-2018-04-25-00-38-21.mp4,mp4,2018-04-25,0.6333333333333333
4,._Module04Chamber1-2018-04-25-00-38-21.mp4,mp4,2018-04-25,0.6333333333333333
4,Module04Chamber1-2018-04-25-01-57-18.mp4,mp4,2018-04-25,1.95
4,._Module04Chamber1-2018-04-25-01-57-18.mp4,mp4,2018-04-25,1.95
4,._Module04Chamber1-2018-04-25-01-57-18.mp4,mp4,2018-04-25,1.95
4,Module04Chamber1-2018-04-25-15-28-10.mp4,mp4,2018-04-25,15.466666666666667
4,._Module04Chamber1-2018-04-25-15-28-10.mp4,mp4,2018-04-25,15.466666666666667
4,._Module04Chamber1-2018-04-25-15-28-10.mp4,mp4,2018-04-25,15.466666666666667
4,Module04Chamber1-2018-04-25-16-53-53.mp4,mp4,2018-04-25,16.883333333333333
4,._Module04Chamber1-2018-04-25-16-53-53.mp4,mp4,2018-04-25,16.883333333333333
4,._Module04Chamber1-2018-04-25-16-53-53.mp4,mp4,2018-04-25,16.883333333333333
4,Module04Chamber1-2018-04-25-18-21-06.mp4,mp4,2018-04-25,18.35
4,._Module04Chamber1-2018-04-25-18-21-06.mp4,mp4,2018-04-25,18.35
4,._Module04Chamber1-2018-04-25-18-21-06.mp4,mp4,2018-04-25,18.35
4,Module04Chamber1-2018-04-25-19-48-21.mp4,mp4,2018-04-25,19.8
4,._Module04Chamber1-2018-04-25-19-48-21.mp4,mp4,2018-04-25,19.8
4,._Module04Chamber1-2018-04-25-19-48-21.mp4,mp4,2018-04-25,19.8
4,Module04Chamber1-2018-04-25-21-18-19.mp4,mp4,2018-04-25,21.3
4,._Module04Chamber1-2018-04-25-21-18-19.mp4,mp4,2018-04-25,21.3
4,._Module04Chamber1-2018-04-25-21-18-19.mp4,mp4,2018-04-25,21.3
4,Module04Chamber1-2018-04-25-22-42-54.mp4,mp4,2018-04-25,22.7
4,._Module04Chamber1-2018-04-25-22-42-54.mp4,mp4,2018-04-25,22.7
4,._Module04Chamber1-2018-04-25-22-42-54.mp4,mp4,2018-04-25,22.7
4,Module04Chamber1_2018_05_03_13_37_40.jpg,jpg,2018-05-03,13.616666666666667
4,Module04Chamber1-2018-04-26-01-46-40.mp4,mp4,2018-04-26,1.7666666666666666
4,._Module04Chamber1-2018-04-26-01-46-40.mp4,mp4,2018-04-26,1.7666666666666666
4,._Module04Chamber1-2018-04-26-01-46-40.mp4,mp4,2018-04-26,1.7666666666666666
4,Module04Chamber1-2018-04-26-15-31-56.mp4,mp4,2018-04-26,15.516666666666667
4,._Module04Chamber1-2018-04-26-15-31-56.mp4,mp4,2018-04-26,15.516666666666667
4,._Module04Chamber1-2018-04-26-15-31-56.mp4,mp4,2018-04-26,15.516666666666667
4,Module04Chamber1-2018-04-26-17-11-03.mp4,mp4,2018-04-26,17.183333333333334
4,._Module04Chamber1-2018-04-26-17-11-03.mp4,mp4,2018-04-26,17.183333333333334
4,._Module04Chamber1-2018-04-26-17-11-03.mp4,mp4,2018-04-26,17.183333333333334
4,Module04Chamber1-2018-04-26-18-49-29.mp4,mp4,2018-04-26,18.816666666666666
4,._Module04Chamber1-2018-04-26-18-49-29.mp4,mp4,2018-04-26,18.816666666666666
4,._Module04Chamber1-2018-04-26-18-49-29.mp4,mp4,2018-04-26,18.816666666666666
4,Module04Chamber1-2018-04-26-20-26-02.mp4,mp4,2018-04-26,20.433333333333334
4,._Module04Chamber1-2018-04-26-20-26-02.mp4,mp4,2018-04-26,20.433333333333334
4,._Module04Chamber1-2018-04-26-20-26-02.mp4,mp4,2018-04-26,20.433333333333334
4,Module04Chamber1-2018-04-26-22-14-37.mp4,mp4,2018-04-26,22.233333333333334
4,._Module04Chamber1-2018-04-26-22-14-37.mp4,mp4,2018-04-26,22.233333333333334
4,._Module04Chamber1-2018-04-26-22-14-37.mp4,mp4,2018-04-26,22.233333333333334
4,Module04Chamber1-2018-04-26-23-57-16.mp4,mp4,2018-04-26,23.95
4,._Module04Chamber1-2018-04-26-23-57-16.mp4,mp4,2018-04-26,23.95
4,._Module04Chamber1-2018-04-26-23-57-16.mp4,mp4,2018-04-26,23.95
4,Module04Chamber1-2018-04-27-01-40-17.mp4,mp4,2018-04-27,1.6666666666666665
4,._Module04Chamber1-2018-04-27-01-40-17.mp4,mp4,2018-04-27,1.6666666666666665
4,._Module04Chamber1-2018-04-27-01-40-17.mp4,mp4,2018-04-27,1.6666666666666665
4,Module04Chamber1-2018-04-27-15-31-00.mp4,mp4,2018-04-27,15.516666666666667
4,._Module04Chamber1-2018-04-27-15-31-00.mp4,mp4,2018-04-27,15.516666666666667
4,._Module04Chamber1-2018-04-27-15-31-00.mp4,mp4,2018-04-27,15.516666666666667
4,Module04Chamber1-2018-04-27-17-15-20.mp4,mp4,2018-04-27,17.25
4,._Module04Chamber1-2018-04-27-17-15-20.mp4,mp4,2018-04-27,17.25
4,._Module04Chamber1-2018-04-27-17-15-20.mp4,mp4,2018-04-27,17.25
4,Module04Chamber1-2018-04-27-18-43-01.mp4,mp4,2018-04-27,18.716666666666665
4,._Module04Chamber1-2018-04-27-18-43-01.mp4,mp4,2018-04-27,18.716666666666665
4,._Module04Chamber1-2018-04-27-18-43-01.mp4,mp4,2018-04-27,18.716666666666665
4,Module04Chamber1-2018-04-27-20-21-05.mp4,mp4,2018-04-27,20.35
4,._Module04Chamber1-2018-04-27-20-21-05.mp4,mp4,2018-04-27,20.35
4,._Module04Chamber1-2018-04-27-20-21-05.mp4,mp4,2018-04-27,20.35
4,Module04Chamber1-2018-04-27-21-49-11.mp4,mp4,2018-04-27,21.816666666666666
4,._Module04Chamber1-2018-04-27-21-49-11.mp4,mp4,2018-04-27,21.816666666666666
4,._Module04Chamber1-2018-04-27-21-49-11.mp4,mp4,2018-04-27,21.816666666666666
4,Module04Chamber1-2018-04-27-23-26-39.mp4,mp4,2018-04-27,23.433333333333334
4,._Module04Chamber1-2018-04-27-23-26-39.mp4,mp4,2018-04-27,23.433333333333334
4,._Module04Chamber1-2018-04-27-23-26-39.mp4,mp4,2018-04-27,23.433333333333334
4,Module04Chamber1_2018_05_03_14_40_45.jpg,jpg,2018-05-03,14.666666666666666
4,Module04Chamber1-2018-04-28-02-33-18.mp4,mp4,2018-04-28,2.55
4,Module04Chamber1-2018-04-28-15-28-38.mp4,mp4,2018-04-28,15.466666666666667
4,Module04Chamber1-2018-04-28-16-50-04.mp4,mp4,2018-04-28,16.833333333333332
4,Module04Chamber1-2018-04-28-18-17-43.mp4,mp4,2018-04-28,18.283333333333335
4,Module04Chamber1-2018-04-28-19-42-16.mp4,mp4,2018-04-28,19.7
4,Module04Chamber1-2018-04-28-21-09-21.mp4,mp4,2018-04-28,21.15
4,Module04Chamber1-2018-04-28-22-37-44.mp4,mp4,2018-04-28,22.616666666666667
4,Module04Chamber1_2018_05_03_15_43_47.jpg,jpg,2018-05-03,15.716666666666667
4,Module04Chamber1-2018-04-29-01-26-33.mp4,mp4,2018-04-29,1.4333333333333333
4,Module04Chamber1-2018-04-29-02-56-36.mp4,mp4,2018-04-29,2.9333333333333336
4,Module04Chamber1-2018-04-29-15-24-53.mp4,mp4,2018-04-29,15.4
4,Module04Chamber1-2018-04-29-16-54-30.mp4,mp4,2018-04-29,16.9
4,Module04Chamber1-2018-04-29-18-17-23.mp4,mp4,2018-04-29,18.283333333333335
4,Module04Chamber1-2018-04-29-19-41-51.mp4,mp4,2018-04-29,19.683333333333334
4,Module04Chamber1-2018-04-29-21-12-59.mp4,mp4,2018-04-29,21.2
4,Module04Chamber1-2018-04-29-22-36-55.mp4,mp4,2018-04-29,22.6
4,Module04Chamber1_2018_05_03_16_46_45.jpg,jpg,2018-05-03,16.766666666666666
4,Module04Chamber1-2018-04-30-01-34-59.mp4,mp4,2018-04-30,1.5666666666666667
4,Module04Chamber1-2018-04-30-03-01-51.mp4,mp4,2018-04-30,3.0166666666666666
4,Module04Chamber1_2018_05_03_17_49_37.jpg,jpg,2018-05-03,17.816666666666666
4,Module04Chamber1-2018-05-02-09-11-08.mp4,mp4,2018-05-02,9.183333333333334
4,Module04Chamber1-2018-05-02-10-10-43.mp4,mp4,2018-05-02,10.166666666666666
4,Module04Chamber1-2018-05-02-11-15-52.mp4,mp4,2018-05-02,11.25
4,Module04Chamber1-2018-05-02-12-17-16.mp4,mp4,2018-05-02,12.283333333333333
4,Module04Chamber1-2018-05-02-13-21-30.mp4,mp4,2018-05-02,13.35
4,Module04Chamber1-2018-05-02-14-28-47.mp4,mp4,2018-05-02,14.466666666666667
4,Module04Chamber1-2018-05-02-15-33-05.mp4,mp4,2018-05-02,15.55
4,Module04Chamber1-2018-05-02-16-36-58.mp4,mp4,2018-05-02,16.6
4,Module04Chamber1-2018-05-02-17-41-32.mp4,mp4,2018-05-02,17.683333333333334
4,Module04Chamber1-2018-05-02-18-45-23.mp4,mp4,2018-05-02,18.75
4,Module04Chamber1-2018-05-02-19-49-39.mp4,mp4,2018-05-02,19.816666666666666
4,Module04Chamber1-2018-05-03-08-27-36.mp4,mp4,2018-05-03,8.45
4,Module04Chamber1-2018-05-03-10-11-43.mp4,mp4,2018-05-03,10.183333333333334
4,Module04Chamber1-2018-05-03-11-31-47.mp4,mp4,2018-05-03,11.516666666666667
4,Module04Chamber1-2018-05-03-12-32-07.mp4,mp4,2018-05-03,12.533333333333333
4,Module04Chamber1-2018-05-03-13-37-40.mp4,mp4,2018-05-03,13.616666666666667
4,Module04Chamber1-2018-05-03-14-40-45.mp4,mp4,2018-05-03,14.666666666666666
4,Module04Chamber1-2018-05-03-15-43-47.mp4,mp4,2018-05-03,15.716666666666667
4,Module04Chamber1-2018-05-03-16-46-45.mp4,mp4,2018-05-03,16.766666666666666
4,Module04Chamber1-2018-05-03-17-49-37.mp4,mp4,2018-05-03,17.816666666666666
4,Module04Chamber1-2018-05-03-18-52-36.mp4,mp4,2018-05-03,18.866666666666667
4,Module04Chamber1_2018_05_03_18_52_36.jpg,jpg,2018-05-03,18.866666666666667
5,Module05Chamber1-2018-04-08-00-14-10.mp4,mp4,2018-04-08,0.23333333333333334
5,Module05Chamber1-2018-04-09-00-26-56.mp4,mp4,2018-04-09,0.43333333333333335
5,Module05Chamber1-2018-04-09-19-10-14.mp4,mp4,2018-04-09,19.166666666666668
5,Module05Chamber1-2018-04-10-00-46-24.mp4,mp4,2018-04-10,0.7666666666666667
5,Module05Chamber1-2018-04-10-19-12-46.mp4,mp4,2018-04-10,19.2
5,Module05Chamber1-2018-04-11-00-54-01.mp4,mp4,2018-04-11,0.9
5,Module05Chamber1-2018-04-12-00-39-44.mp4,mp4,2018-04-12,0.65
5,Module05Chamber1-2018-04-13-00-29-03.mp4,mp4,2018-04-13,0.48333333333333334
5,Module05Chamber1-2018-04-14-00-32-09.mp4,mp4,2018-04-14,0.5333333333333333
5,Module05Chamber1-2018-04-16-00-12-22.mp4,mp4,2018-04-16,0.2
5,Module05Chamber1-2018-04-16-01-52-25.mp4,mp4,2018-04-16,1.8666666666666667
5,Module05Chamber1-2018-04-18-00-49-07.mp4,mp4,2018-04-18,0.8166666666666667
5,Module05Chamber1-2018-04-24-00-37-14.mp4,mp4,2018-04-24,0.6166666666666667
5,Module05Chamber1-2018-04-27-00-06-47.mp4,mp4,2018-04-27,0.1
5,Module05Chamber1-2018-04-28-01-04-36.mp4,mp4,2018-04-28,1.0666666666666667
5,Module05Chamber1_2018_04_06_11_32_39.jpg,jpg,2018-04-06,11.533333333333333
5,._Module05Chamber1_2018_04_06_11_32_39.jpg,jpg,2018-04-06,11.533333333333333
5,._Module05Chamber1_2018_04_06_11_32_39.jpg,jpg,2018-04-06,11.533333333333333
5,Module05Chamber1_2018_04_06_12_34_40.jpg,jpg,2018-04-06,12.566666666666666
5,Module05Chamber1_2018_04_06_15_35_08.jpg,jpg,2018-04-06,15.583333333333334
5,Module05Chamber1_2018_04_06_16_46_20.jpg,jpg,2018-04-06,16.766666666666666
5,Module05Chamber1_2018_04_06_18_10_50.jpg,jpg,2018-04-06,18.166666666666668
5,Module05Chamber1_2018_04_06_19_36_59.jpg,jpg,2018-04-06,19.6
5,Module05Chamber1_2018_04_06_21_05_59.jpg,jpg,2018-04-06,21.083333333333332
5,Module05Chamber1_2018_04_06_22_33_05.jpg,jpg,2018-04-06,22.55
5,Module05Chamber1_2018_04_07_11_50_12.jpg,jpg,2018-04-07,11.833333333333334
5,Module05Chamber1_2018_04_07_13_18_23.jpg,jpg,2018-04-07,13.3
5,Module05Chamber1_2018_04_07_14_44_41.jpg,jpg,2018-04-07,14.733333333333333
5,Module05Chamber1_2018_04_07_16_10_12.jpg,jpg,2018-04-07,16.166666666666668
5,Module05Chamber1_2018_04_07_19_10_58.jpg,jpg,2018-04-07,19.166666666666668
5,Module05Chamber1_2018_04_07_20_10_12.jpg,jpg,2018-04-07,20.166666666666668
5,Module05Chamber1_2018_04_07_21_27_00.jpg,jpg,2018-04-07,21.45
5,Module05Chamber1_2018_04_07_22_49_40.jpg,jpg,2018-04-07,22.816666666666666
5,Module05Chamber1_2018_04_08_00_14_10.jpg,jpg,2018-04-08,0.23333333333333334
5,Module05Chamber1_2018_04_08_13_23_41.jpg,jpg,2018-04-08,13.383333333333333
5,Module05Chamber1_2018_04_08_14_52_32.jpg,jpg,2018-04-08,14.866666666666667
5,Module05Chamber1_2018_04_08_16_21_08.jpg,jpg,2018-04-08,16.35
5,Module05Chamber1_2018_04_08_17_20_22.jpg,jpg,2018-04-08,17.333333333333332
5,Module05Chamber1_2018_04_08_18_44_55.jpg,jpg,2018-04-08,18.733333333333334
5,Module05Chamber1_2018_04_08_20_08_00.jpg,jpg,2018-04-08,20.133333333333333
5,Module05Chamber1_2018_04_08_21_35_13.jpg,jpg,2018-04-08,21.583333333333332
5,Module05Chamber1_2018_04_08_23_01_52.jpg,jpg,2018-04-08,23.016666666666666
5,Module05Chamber1_2018_04_09_00_26_56.jpg,jpg,2018-04-09,0.43333333333333335
5,Module05Chamber1_2018_04_09_13_31_10.jpg,jpg,2018-04-09,13.516666666666667
5,Module05Chamber1_2018_04_09_14_53_09.jpg,jpg,2018-04-09,14.883333333333333
5,Module05Chamber1_2018_04_09_16_22_51.jpg,jpg,2018-04-09,16.366666666666667
5,Module05Chamber1_2018_04_09_17_48_05.jpg,jpg,2018-04-09,17.8
5,Module05Chamber1_2018_04_09_19_10_14.jpg,jpg,2018-04-09,19.166666666666668
5,Module05Chamber1_2018_04_09_20_35_17.jpg,jpg,2018-04-09,20.583333333333332
5,Module05Chamber1_2018_04_09_21_55_33.jpg,jpg,2018-04-09,21.916666666666668
5,Module05Chamber1_2018_04_09_23_19_32.jpg,jpg,2018-04-09,23.316666666666666
5,Module05Chamber1_2018_04_10_00_46_24.jpg,jpg,2018-04-10,0.7666666666666667
5,Module05Chamber1_2018_04_10_13_27_38.jpg,jpg,2018-04-10,13.45
5,Module05Chamber1_2018_04_10_14_56_52.jpg,jpg,2018-04-10,14.933333333333334
5,Module05Chamber1_2018_04_10_16_22_12.jpg,jpg,2018-04-10,16.366666666666667
5,Module05Chamber1_2018_04_10_17_45_59.jpg,jpg,2018-04-10,17.75
5,Module05Chamber1_2018_04_10_19_12_46.jpg,jpg,2018-04-10,19.2
5,Module05Chamber1_2018_04_10_20_36_52.jpg,jpg,2018-04-10,20.6
5,Module05Chamber1_2018_04_10_22_03_21.jpg,jpg,2018-04-10,22.05
5,Module05Chamber1_2018_04_10_23_28_43.jpg,jpg,2018-04-10,23.466666666666665
5,Module05Chamber1_2018_04_11_00_54_01.jpg,jpg,2018-04-11,0.9
5,Module05Chamber1_2018_04_11_14_28_21.jpg,jpg,2018-04-11,14.466666666666667
5,Module05Chamber1_2018_04_11_15_28_03.jpg,jpg,2018-04-11,15.466666666666667
5,Module05Chamber1_2018_04_11_16_39_08.jpg,jpg,2018-04-11,16.65
5,Module05Chamber1_2018_04_11_17_33_00.jpg,jpg,2018-04-11,17.55
5,Module05Chamber1_2018_04_11_19_01_03.jpg,jpg,2018-04-11,19.016666666666666
5,Module05Chamber1_2018_04_11_20_25_56.jpg,jpg,2018-04-11,20.416666666666668
5,Module05Chamber1_2018_04_11_21_46_26.jpg,jpg,2018-04-11,21.766666666666666
5,Module05Chamber1_2018_04_11_23_16_27.jpg,jpg,2018-04-11,23.266666666666666
5,Module05Chamber1_2018_04_12_00_39_44.jpg,jpg,2018-04-12,0.65
5,Module05Chamber1_2018_04_12_02_05_47.jpg,jpg,2018-04-12,2.0833333333333335
5,Module05Chamber1_2018_04_12_14_39_55.jpg,jpg,2018-04-12,14.65
5,Module05Chamber1_2018_04_12_16_01_48.jpg,jpg,2018-04-12,16.016666666666666
5,Module05Chamber1_2018_04_12_17_26_17.jpg,jpg,2018-04-12,17.433333333333334
5,Module05Chamber1_2018_04_12_18_50_42.jpg,jpg,2018-04-12,18.833333333333332
5,Module05Chamber1_2018_04_12_20_16_54.jpg,jpg,2018-04-12,20.266666666666666
5,Module05Chamber1_2018_04_12_21_39_01.jpg,jpg,2018-04-12,21.65
5,Module05Chamber1_2018_04_12_23_05_09.jpg,jpg,2018-04-12,23.083333333333332
5,Module05Chamber1_2018_04_13_00_29_03.jpg,jpg,2018-04-13,0.48333333333333334
5,Module05Chamber1_2018_04_13_01_54_20.jpg,jpg,2018-04-13,1.9
5,Module05Chamber1_2018_04_13_14_39_25.jpg,jpg,2018-04-13,14.65
5,Module05Chamber1_2018_04_13_16_05_10.jpg,jpg,2018-04-13,16.083333333333332
5,Module05Chamber1_2018_04_13_17_28_57.jpg,jpg,2018-04-13,17.466666666666665
5,Module05Chamber1_2018_04_13_18_53_48.jpg,jpg,2018-04-13,18.883333333333333
5,Module05Chamber1_2018_04_13_20_19_23.jpg,jpg,2018-04-13,20.316666666666666
5,Module05Chamber1_2018_04_13_21_42_23.jpg,jpg,2018-04-13,21.7
5,Module05Chamber1_2018_04_13_23_08_22.jpg,jpg,2018-04-13,23.133333333333333
5,Module05Chamber1_2018_04_14_00_32_09.jpg,jpg,2018-04-14,0.5333333333333333
5,Module05Chamber1_2018_04_14_01_53_16.jpg,jpg,2018-04-14,1.8833333333333333
5,Module05Chamber1_2018_04_14_14_39_56.jpg,jpg,2018-04-14,14.65
5,Module05Chamber1_2018_04_14_17_27_08.jpg,jpg,2018-04-14,17.45
5,Module05Chamber1_2018_04_14_18_54_00.jpg,jpg,2018-04-14,18.9
5,Module05Chamber1_2018_04_14_20_21_27.jpg,jpg,2018-04-14,20.35
5,Module05Chamber1_2018_04_14_21_48_09.jpg,jpg,2018-04-14,21.8
5,Module05Chamber1_2018_04_14_23_18_26.jpg,jpg,2018-04-14,23.3
5,Module05Chamber1_2018_04_15_00_47_16.jpg,jpg,2018-04-15,0.7833333333333333
5,Module05Chamber1_2018_04_15_14_38_41.jpg,jpg,2018-04-15,14.633333333333333
5,Module05Chamber1_2018_04_15_16_17_01.jpg,jpg,2018-04-15,16.283333333333335
5,Module05Chamber1_2018_04_15_17_44_14.jpg,jpg,2018-04-15,17.733333333333334
5,Module05Chamber1_2018_04_15_19_24_05.jpg,jpg,2018-04-15,19.4
5,Module05Chamber1_2018_04_15_21_00_07.jpg,jpg,2018-04-15,21.0
5,Module05Chamber1_2018_04_15_22_31_54.jpg,jpg,2018-04-15,22.516666666666666
5,Module05Chamber1_2018_04_16_00_12_22.jpg,jpg,2018-04-16,0.2
5,Module05Chamber1_2018_04_16_01_52_25.jpg,jpg,2018-04-16,1.8666666666666667
5,Module05Chamber1_2018_04_16_15_44_50.jpg,jpg,2018-04-16,15.733333333333333
5,Module05Chamber1_2018_04_16_16_56_15.jpg,jpg,2018-04-16,16.933333333333334
5,Module05Chamber1_2018_04_16_18_38_59.jpg,jpg,2018-04-16,18.633333333333333
5,Module05Chamber1_2018_04_16_20_20_51.jpg,jpg,2018-04-16,20.333333333333332
5,Module05Chamber1_2018_04_16_22_01_06.jpg,jpg,2018-04-16,22.016666666666666
5,Module05Chamber1_2018_04_16_23_35_22.jpg,jpg,2018-04-16,23.583333333333332
5,Module05Chamber1_2018_04_17_01_20_38.jpg,jpg,2018-04-17,1.3333333333333333
5,Module05Chamber1_2018_04_17_14_56_59.jpg,jpg,2018-04-17,14.933333333333334
5,Module05Chamber1_2018_04_17_16_32_52.jpg,jpg,2018-04-17,16.533333333333335
5,Module05Chamber1_2018_04_17_18_11_49.jpg,jpg,2018-04-17,18.183333333333334
5,Module05Chamber1_2018_04_17_19_45_00.jpg,jpg,2018-04-17,19.75
5,Module05Chamber1_2018_04_17_21_25_30.jpg,jpg,2018-04-17,21.416666666666668
5,Module05Chamber1_2018_04_17_23_07_46.jpg,jpg,2018-04-17,23.116666666666667
5,Module05Chamber1_2018_04_18_00_49_07.jpg,jpg,2018-04-18,0.8166666666666667
5,Module05Chamber1_2018_04_18_14_54_05.jpg,jpg,2018-04-18,14.9
5,Module05Chamber1_2018_04_18_16_19_24.jpg,jpg,2018-04-18,16.316666666666666
5,Module05Chamber1_2018_04_18_17_46_41.jpg,jpg,2018-04-18,17.766666666666666
5,Module05Chamber1_2018_04_18_19_17_02.jpg,jpg,2018-04-18,19.283333333333335
5,Module05Chamber1_2018_04_18_20_43_51.jpg,jpg,2018-04-18,20.716666666666665
5,Module05Chamber1_2018_04_18_22_18_15.jpg,jpg,2018-04-18,22.3
5,Module05Chamber1_2018_04_18_23_41_14.jpg,jpg,2018-04-18,23.683333333333334
5,Module05Chamber1_2018_04_19_01_10_51.jpg,jpg,2018-04-19,1.1666666666666667
5,Module05Chamber1_2018_04_19_14_53_49.jpg,jpg,2018-04-19,14.883333333333333
5,Module05Chamber1_2018_04_19_16_22_28.jpg,jpg,2018-04-19,16.366666666666667
5,Module05Chamber1_2018_04_19_17_49_43.jpg,jpg,2018-04-19,17.816666666666666
5,Module05Chamber1_2018_04_19_19_19_04.jpg,jpg,2018-04-19,19.316666666666666
5,Module05Chamber1_2018_04_19_20_42_03.jpg,jpg,2018-04-19,20.7
5,Module05Chamber1_2018_04_19_22_15_36.jpg,jpg,2018-04-19,22.25
5,Module05Chamber1_2018_04_19_23_38_27.jpg,jpg,2018-04-19,23.633333333333333
5,Module05Chamber1_2018_04_20_01_07_27.jpg,jpg,2018-04-20,1.1166666666666667
5,Module05Chamber1_2018_04_20_14_53_51.jpg,jpg,2018-04-20,14.883333333333333
5,Module05Chamber1_2018_04_20_16_22_27.jpg,jpg,2018-04-20,16.366666666666667
5,Module05Chamber1_2018_04_20_17_49_00.jpg,jpg,2018-04-20,17.816666666666666
5,Module05Chamber1_2018_04_20_19_14_05.jpg,jpg,2018-04-20,19.233333333333334
5,Module05Chamber1_2018_04_20_20_40_07.jpg,jpg,2018-04-20,20.666666666666668
5,Module05Chamber1_2018_04_20_22_09_14.jpg,jpg,2018-04-20,22.15
5,Module05Chamber1_2018_04_20_23_39_08.jpg,jpg,2018-04-20,23.65
5,Module05Chamber1_2018_04_21_01_08_14.jpg,jpg,2018-04-21,1.1333333333333333
5,Module05Chamber1_2018_04_21_14_53_44.jpg,jpg,2018-04-21,14.883333333333333
5,Module05Chamber1_2018_04_21_16_21_43.jpg,jpg,2018-04-21,16.35
5,Module05Chamber1_2018_04_21_17_48_36.jpg,jpg,2018-04-21,17.8
5,Module05Chamber1_2018_04_21_19_17_17.jpg,jpg,2018-04-21,19.283333333333335
5,Module05Chamber1_2018_04_21_20_42_56.jpg,jpg,2018-04-21,20.7
5,Module05Chamber1_2018_04_21_22_12_14.jpg,jpg,2018-04-21,22.2
5,Module05Chamber1_2018_04_21_23_38_10.jpg,jpg,2018-04-21,23.633333333333333
5,Module05Chamber1_2018_04_22_01_06_24.jpg,jpg,2018-04-22,1.1
5,Module05Chamber1_2018_04_22_15_33_46.jpg,jpg,2018-04-22,15.55
5,Module05Chamber1_2018_04_22_16_53_31.jpg,jpg,2018-04-22,16.883333333333333
5,Module05Chamber1_2018_04_22_18_10_02.jpg,jpg,2018-04-22,18.166666666666668
5,Module05Chamber1_2018_04_22_19_31_21.jpg,jpg,2018-04-22,19.516666666666666
5,Module05Chamber1_2018_04_22_20_50_24.jpg,jpg,2018-04-22,20.833333333333332
5,Module05Chamber1_2018_04_22_22_10_28.jpg,jpg,2018-04-22,22.166666666666668
5,Module05Chamber1_2018_04_22_23_28_22.jpg,jpg,2018-04-22,23.466666666666665
5,Module05Chamber1_2018_04_23_00_46_34.jpg,jpg,2018-04-23,0.7666666666666667
5,Module05Chamber1_2018_04_23_02_05_31.jpg,jpg,2018-04-23,2.0833333333333335
5,Module05Chamber1_2018_04_23_15_33_08.jpg,jpg,2018-04-23,15.55
5,Module05Chamber1_2018_04_23_16_51_50.jpg,jpg,2018-04-23,16.85
5,Module05Chamber1_2018_04_23_18_10_37.jpg,jpg,2018-04-23,18.166666666666668
5,Module05Chamber1_2018_04_23_19_23_24.jpg,jpg,2018-04-23,19.383333333333333
5,Module05Chamber1_2018_04_23_20_43_23.jpg,jpg,2018-04-23,20.716666666666665
5,Module05Chamber1_2018_04_23_22_01_29.jpg,jpg,2018-04-23,22.016666666666666
5,Module05Chamber1_2018_04_23_23_16_47.jpg,jpg,2018-04-23,23.266666666666666
5,Module05Chamber1_2018_04_24_00_37_14.jpg,jpg,2018-04-24,0.6166666666666667
5,Module05Chamber1_2018_04_24_01_55_16.jpg,jpg,2018-04-24,1.9166666666666665
5,Module05Chamber1_2018_04_24_15_29_37.jpg,jpg,2018-04-24,15.483333333333333
5,Module05Chamber1_2018_04_24_16_51_09.jpg,jpg,2018-04-24,16.85
5,Module05Chamber1_2018_04_24_18_06_38.jpg,jpg,2018-04-24,18.1
5,Module05Chamber1_2018_04_24_20_42_13.jpg,jpg,2018-04-24,20.7
5,Module05Chamber1_2018_04_24_22_05_45.jpg,jpg,2018-04-24,22.083333333333332
5,Module05Chamber1_2018_04_24_23_21_58.jpg,jpg,2018-04-24,23.35
5,Module05Chamber1_2018_04_25_00_45_56.jpg,jpg,2018-04-25,0.75
5,Module05Chamber1_2018_04_25_02_05_09.jpg,jpg,2018-04-25,2.0833333333333335
5,Module05Chamber1_2018_04_25_15_35_25.jpg,jpg,2018-04-25,15.583333333333334
5,Module05Chamber1_2018_04_25_17_02_06.jpg,jpg,2018-04-25,17.033333333333335
5,Module05Chamber1_2018_04_25_18_28_15.jpg,jpg,2018-04-25,18.466666666666665
5,Module05Chamber1_2018_04_25_19_56_36.jpg,jpg,2018-04-25,19.933333333333334
5,Module05Chamber1_2018_04_25_21_25_21.jpg,jpg,2018-04-25,21.416666666666668
5,Module05Chamber1_2018_04_25_22_51_26.jpg,jpg,2018-04-25,22.85
5,Module05Chamber1_2018_04_26_00_23_55.jpg,jpg,2018-04-26,0.38333333333333336
5,Module05Chamber1_2018_04_26_01_55_34.jpg,jpg,2018-04-26,1.9166666666666665
5,Module05Chamber1_2018_04_26_15_40_23.jpg,jpg,2018-04-26,15.666666666666666
5,Module05Chamber1_2018_04_26_17_19_47.jpg,jpg,2018-04-26,17.316666666666666
5,Module05Chamber1_2018_04_26_18_58_55.jpg,jpg,2018-04-26,18.966666666666665
5,Module05Chamber1_2018_04_26_20_34_48.jpg,jpg,2018-04-26,20.566666666666666
5,Module05Chamber1_2018_04_26_22_23_04.jpg,jpg,2018-04-26,22.383333333333333
5,Module05Chamber1_2018_04_27_00_06_47.jpg,jpg,2018-04-27,0.1
5,Module05Chamber1_2018_04_27_01_50_01.jpg,jpg,2018-04-27,1.8333333333333335
5,Module05Chamber1_2018_04_27_15_40_27.jpg,jpg,2018-04-27,15.666666666666666
5,Module05Chamber1_2018_04_27_17_22_47.jpg,jpg,2018-04-27,17.366666666666667
5,Module05Chamber1_2018_04_27_18_51_40.jpg,jpg,2018-04-27,18.85
5,Module05Chamber1_2018_04_27_20_28_38.jpg,jpg,2018-04-27,20.466666666666665
5,Module05Chamber1_2018_04_27_21_58_00.jpg,jpg,2018-04-27,21.966666666666665
5,Module05Chamber1_2018_04_27_23_34_36.jpg,jpg,2018-04-27,23.566666666666666
5,Module05Chamber1_2018_04_28_01_04_36.jpg,jpg,2018-04-28,1.0666666666666667
5,Module05Chamber1_2018_04_28_02_42_00.jpg,jpg,2018-04-28,2.7
5,Module05Chamber1_2018_04_28_15_35_58.jpg,jpg,2018-04-28,15.583333333333334
5,Module05Chamber1_2018_04_28_16_58_05.jpg,jpg,2018-04-28,16.966666666666665
5,Module05Chamber1_2018_04_28_18_24_31.jpg,jpg,2018-04-28,18.4
5,Module05Chamber1_2018_04_28_19_50_13.jpg,jpg,2018-04-28,19.833333333333332
5,Module05Chamber1_2018_04_28_21_17_21.jpg,jpg,2018-04-28,21.283333333333335
5,Module05Chamber1_2018_04_28_22_45_38.jpg,jpg,2018-04-28,22.75
5,Module05Chamber1_2018_04_29_00_12_24.jpg,jpg,2018-04-29,0.2
5,Module05Chamber1_2018_04_29_01_33_46.jpg,jpg,2018-04-29,1.55
5,Module05Chamber1_2018_04_29_15_31_57.jpg,jpg,2018-04-29,15.516666666666667
5,Module05Chamber1_2018_04_29_17_02_38.jpg,jpg,2018-04-29,17.033333333333335
5,Module05Chamber1_2018_04_29_18_24_02.jpg,jpg,2018-04-29,18.4
5,Module05Chamber1_2018_04_29_19_49_44.jpg,jpg,2018-04-29,19.816666666666666
5,Module05Chamber1_2018_04_29_21_20_11.jpg,jpg,2018-04-29,21.333333333333332
5,Module05Chamber1_2018_04_29_22_44_38.jpg,jpg,2018-04-29,22.733333333333334
5,Module05Chamber1_2018_04_30_00_14_26.jpg,jpg,2018-04-30,0.23333333333333334
5,Module05Chamber1_2018_04_30_01_41_53.jpg,jpg,2018-04-30,1.6833333333333333
5,Module05Chamber1_2018_05_02_08_11_14.jpg,jpg,2018-05-02,8.183333333333334
5,Module05Chamber1_2018_05_02_09_14_58.jpg,jpg,2018-05-02,9.233333333333333
5,Module05Chamber1_2018_05_02_10_16_37.jpg,jpg,2018-05-02,10.266666666666667
5,Module05Chamber1-2018-04-06-11-32-39.mp4,mp4,2018-04-06,11.533333333333333
5,Module05Chamber1-2018-04-06-12-34-40.mp4,mp4,2018-04-06,12.566666666666666
5,Module05Chamber1-2018-04-06-15-35-08.mp4,mp4,2018-04-06,15.583333333333334
5,Module05Chamber1-2018-04-06-16-46-20.mp4,mp4,2018-04-06,16.766666666666666
5,Module05Chamber1-2018-04-06-18-10-50.mp4,mp4,2018-04-06,18.166666666666668
5,Module05Chamber1-2018-04-06-19-36-59.mp4,mp4,2018-04-06,19.6
5,Module05Chamber1-2018-04-06-21-05-59.mp4,mp4,2018-04-06,21.083333333333332
5,Module05Chamber1-2018-04-06-22-33-05.mp4,mp4,2018-04-06,22.55
5,Module05Chamber1-2018-04-07-11-50-12.mp4,mp4,2018-04-07,11.833333333333334
5,Module05Chamber1-2018-04-07-13-18-23.mp4,mp4,2018-04-07,13.3
5,Module05Chamber1-2018-04-07-14-44-41.mp4,mp4,2018-04-07,14.733333333333333
5,Module05Chamber1-2018-04-07-16-10-12.mp4,mp4,2018-04-07,16.166666666666668
5,Module05Chamber1-2018-04-07-19-10-58.mp4,mp4,2018-04-07,19.166666666666668
5,Module05Chamber1-2018-04-07-20-10-12.mp4,mp4,2018-04-07,20.166666666666668
5,Module05Chamber1-2018-04-07-21-27-00.mp4,mp4,2018-04-07,21.45
5,Module05Chamber1-2018-04-07-22-49-40.mp4,mp4,2018-04-07,22.816666666666666
5,Module05Chamber1_2018_05_02_11_21_36.jpg,jpg,2018-05-02,11.35
5,Module05Chamber1-2018-04-08-13-23-41.mp4,mp4,2018-04-08,13.383333333333333
5,Module05Chamber1-2018-04-08-14-52-32.mp4,mp4,2018-04-08,14.866666666666667
5,Module05Chamber1-2018-04-08-16-21-08.mp4,mp4,2018-04-08,16.35
5,Module05Chamber1-2018-04-08-17-20-22.mp4,mp4,2018-04-08,17.333333333333332
5,Module05Chamber1-2018-04-08-18-44-55.mp4,mp4,2018-04-08,18.733333333333334
5,Module05Chamber1-2018-04-08-20-08-00.mp4,mp4,2018-04-08,20.133333333333333
5,Module05Chamber1-2018-04-08-21-35-13.mp4,mp4,2018-04-08,21.583333333333332
5,Module05Chamber1-2018-04-08-23-01-52.mp4,mp4,2018-04-08,23.016666666666666
5,Module05Chamber1_2018_05_02_12_22_55.jpg,jpg,2018-05-02,12.366666666666667
5,Module05Chamber1-2018-04-09-13-31-10.mp4,mp4,2018-04-09,13.516666666666667
5,Module05Chamber1-2018-04-09-14-53-09.mp4,mp4,2018-04-09,14.883333333333333
5,Module05Chamber1-2018-04-09-16-22-51.mp4,mp4,2018-04-09,16.366666666666667
5,Module05Chamber1-2018-04-09-17-48-05.mp4,mp4,2018-04-09,17.8
5,Module05Chamber1_2018_05_02_13_27_10.jpg,jpg,2018-05-02,13.45
5,Module05Chamber1-2018-04-09-20-35-17.mp4,mp4,2018-04-09,20.583333333333332
5,Module05Chamber1-2018-04-09-21-55-33.mp4,mp4,2018-04-09,21.916666666666668
5,Module05Chamber1-2018-04-09-23-19-32.mp4,mp4,2018-04-09,23.316666666666666
5,Module05Chamber1_2018_05_02_14_34_33.jpg,jpg,2018-05-02,14.566666666666666
5,Module05Chamber1-2018-04-10-13-27-38.mp4,mp4,2018-04-10,13.45
5,Module05Chamber1-2018-04-10-14-56-52.mp4,mp4,2018-04-10,14.933333333333334
5,Module05Chamber1-2018-04-10-16-22-12.mp4,mp4,2018-04-10,16.366666666666667
5,Module05Chamber1-2018-04-10-17-45-59.mp4,mp4,2018-04-10,17.75
5,Module05Chamber1_2018_05_02_15_38_43.jpg,jpg,2018-05-02,15.633333333333333
5,Module05Chamber1-2018-04-10-20-36-52.mp4,mp4,2018-04-10,20.6
5,Module05Chamber1-2018-04-10-22-03-21.mp4,mp4,2018-04-10,22.05
5,Module05Chamber1-2018-04-10-23-28-43.mp4,mp4,2018-04-10,23.466666666666665
5,Module05Chamber1_2018_05_02_16_42_44.jpg,jpg,2018-05-02,16.7
5,Module05Chamber1-2018-04-11-14-28-21.mp4,mp4,2018-04-11,14.466666666666667
5,Module05Chamber1-2018-04-11-15-28-03.mp4,mp4,2018-04-11,15.466666666666667
5,Module05Chamber1-2018-04-11-16-39-08.mp4,mp4,2018-04-11,16.65
5,Module05Chamber1-2018-04-11-17-33-00.mp4,mp4,2018-04-11,17.55
5,Module05Chamber1-2018-04-11-19-01-03.mp4,mp4,2018-04-11,19.016666666666666
5,Module05Chamber1-2018-04-11-20-25-56.mp4,mp4,2018-04-11,20.416666666666668
5,Module05Chamber1-2018-04-11-21-46-26.mp4,mp4,2018-04-11,21.766666666666666
5,Module05Chamber1-2018-04-11-23-16-27.mp4,mp4,2018-04-11,23.266666666666666
5,Module05Chamber1_2018_05_02_17_47_25.jpg,jpg,2018-05-02,17.783333333333335
5,Module05Chamber1-2018-04-12-02-05-47.mp4,mp4,2018-04-12,2.0833333333333335
5,Module05Chamber1-2018-04-12-14-39-55.mp4,mp4,2018-04-12,14.65
5,Module05Chamber1-2018-04-12-16-01-48.mp4,mp4,2018-04-12,16.016666666666666
5,Module05Chamber1-2018-04-12-17-26-17.mp4,mp4,2018-04-12,17.433333333333334
5,Module05Chamber1-2018-04-12-18-50-42.mp4,mp4,2018-04-12,18.833333333333332
5,Module05Chamber1-2018-04-12-20-16-54.mp4,mp4,2018-04-12,20.266666666666666
5,Module05Chamber1-2018-04-12-21-39-01.mp4,mp4,2018-04-12,21.65
5,Module05Chamber1-2018-04-12-23-05-09.mp4,mp4,2018-04-12,23.083333333333332
5,Module05Chamber1_2018_05_02_18_51_02.jpg,jpg,2018-05-02,18.85
5,Module05Chamber1-2018-04-13-01-54-20.mp4,mp4,2018-04-13,1.9
5,Module05Chamber1-2018-04-13-14-39-25.mp4,mp4,2018-04-13,14.65
5,Module05Chamber1-2018-04-13-16-05-10.mp4,mp4,2018-04-13,16.083333333333332
5,Module05Chamber1-2018-04-13-17-28-57.mp4,mp4,2018-04-13,17.466666666666665
5,Module05Chamber1-2018-04-13-18-53-48.mp4,mp4,2018-04-13,18.883333333333333
5,Module05Chamber1-2018-04-13-20-19-23.mp4,mp4,2018-04-13,20.316666666666666
5,Module05Chamber1-2018-04-13-21-42-23.mp4,mp4,2018-04-13,21.7
5,Module05Chamber1-2018-04-13-23-08-22.mp4,mp4,2018-04-13,23.133333333333333
5,Module05Chamber1_2018_05_03_08_36_44.jpg,jpg,2018-05-03,8.6
5,Module05Chamber1-2018-04-14-01-53-16.mp4,mp4,2018-04-14,1.8833333333333333
5,Module05Chamber1-2018-04-14-14-39-56.mp4,mp4,2018-04-14,14.65
5,Module05Chamber1-2018-04-14-17-27-08.mp4,mp4,2018-04-14,17.45
5,Module05Chamber1-2018-04-14-18-54-00.mp4,mp4,2018-04-14,18.9
5,Module05Chamber1-2018-04-14-20-21-27.mp4,mp4,2018-04-14,20.35
5,Module05Chamber1-2018-04-14-21-48-09.mp4,mp4,2018-04-14,21.8
5,Module05Chamber1-2018-04-14-23-18-26.mp4,mp4,2018-04-14,23.3
5,Module05Chamber1-2018-04-15-00-47-16.mp4,mp4,2018-04-15,0.7833333333333333
5,Module05Chamber1-2018-04-15-14-38-41.mp4,mp4,2018-04-15,14.633333333333333
5,Module05Chamber1-2018-04-15-16-17-01.mp4,mp4,2018-04-15,16.283333333333335
5,Module05Chamber1-2018-04-15-17-44-14.mp4,mp4,2018-04-15,17.733333333333334
5,Module05Chamber1-2018-04-15-19-24-05.mp4,mp4,2018-04-15,19.4
5,Module05Chamber1-2018-04-15-21-00-07.mp4,mp4,2018-04-15,21.0
5,Module05Chamber1-2018-04-15-22-31-54.mp4,mp4,2018-04-15,22.516666666666666
5,Module05Chamber1_2018_05_03_10_20_43.jpg,jpg,2018-05-03,10.333333333333334
5,Module05Chamber1_2018_05_03_11_37_25.jpg,jpg,2018-05-03,11.616666666666667
5,Module05Chamber1-2018-04-16-15-44-50.mp4,mp4,2018-04-16,15.733333333333333
5,Module05Chamber1-2018-04-16-16-56-15.mp4,mp4,2018-04-16,16.933333333333334
5,Module05Chamber1-2018-04-16-18-38-59.mp4,mp4,2018-04-16,18.633333333333333
5,Module05Chamber1-2018-04-16-20-20-51.mp4,mp4,2018-04-16,20.333333333333332
5,Module05Chamber1-2018-04-16-22-01-06.mp4,mp4,2018-04-16,22.016666666666666
5,Module05Chamber1-2018-04-16-23-35-22.mp4,mp4,2018-04-16,23.583333333333332
5,Module05Chamber1-2018-04-17-01-20-38.mp4,mp4,2018-04-17,1.3333333333333333
5,Module05Chamber1-2018-04-17-14-56-59.mp4,mp4,2018-04-17,14.933333333333334
5,Module05Chamber1-2018-04-17-16-32-52.mp4,mp4,2018-04-17,16.533333333333335
5,Module05Chamber1-2018-04-17-18-11-49.mp4,mp4,2018-04-17,18.183333333333334
5,Module05Chamber1-2018-04-17-19-45-00.mp4,mp4,2018-04-17,19.75
5,Module05Chamber1-2018-04-17-21-25-30.mp4,mp4,2018-04-17,21.416666666666668
5,Module05Chamber1-2018-04-17-23-07-46.mp4,mp4,2018-04-17,23.116666666666667
5,Module05Chamber1_2018_05_03_12_37_37.jpg,jpg,2018-05-03,12.616666666666667
5,Module05Chamber1-2018-04-18-14-54-05.mp4,mp4,2018-04-18,14.9
5,Module05Chamber1-2018-04-18-16-19-24.mp4,mp4,2018-04-18,16.316666666666666
5,Module05Chamber1-2018-04-18-17-46-41.mp4,mp4,2018-04-18,17.766666666666666
5,Module05Chamber1-2018-04-18-19-17-02.mp4,mp4,2018-04-18,19.283333333333335
5,Module05Chamber1-2018-04-18-20-43-51.mp4,mp4,2018-04-18,20.716666666666665
5,Module05Chamber1-2018-04-18-22-18-15.mp4,mp4,2018-04-18,22.3
5,Module05Chamber1-2018-04-18-23-41-14.mp4,mp4,2018-04-18,23.683333333333334
5,Module05Chamber1-2018-04-19-01-10-51.mp4,mp4,2018-04-19,1.1666666666666667
5,Module05Chamber1-2018-04-19-14-53-49.mp4,mp4,2018-04-19,14.883333333333333
5,Module05Chamber1-2018-04-19-16-22-28.mp4,mp4,2018-04-19,16.366666666666667
5,Module05Chamber1-2018-04-19-17-49-43.mp4,mp4,2018-04-19,17.816666666666666
5,Module05Chamber1-2018-04-19-19-19-04.mp4,mp4,2018-04-19,19.316666666666666
5,Module05Chamber1-2018-04-19-20-42-03.mp4,mp4,2018-04-19,20.7
5,Module05Chamber1-2018-04-19-22-15-36.mp4,mp4,2018-04-19,22.25
5,Module05Chamber1-2018-04-19-23-38-27.mp4,mp4,2018-04-19,23.633333333333333
5,Module05Chamber1-2018-04-20-01-07-27.mp4,mp4,2018-04-20,1.1166666666666667
5,Module05Chamber1-2018-04-20-14-53-51.mp4,mp4,2018-04-20,14.883333333333333
5,Module05Chamber1-2018-04-20-16-22-27.mp4,mp4,2018-04-20,16.366666666666667
5,Module05Chamber1-2018-04-20-17-49-00.mp4,mp4,2018-04-20,17.816666666666666
5,Module05Chamber1-2018-04-20-19-14-05.mp4,mp4,2018-04-20,19.233333333333334
5,Module05Chamber1-2018-04-20-20-40-07.mp4,mp4,2018-04-20,20.666666666666668
5,Module05Chamber1-2018-04-20-22-09-14.mp4,mp4,2018-04-20,22.15
5,Module05Chamber1-2018-04-20-23-39-08.mp4,mp4,2018-04-20,23.65
5,Module05Chamber1-2018-04-21-01-08-14.mp4,mp4,2018-04-21,1.1333333333333333
5,Module05Chamber1-2018-04-21-14-53-44.mp4,mp4,2018-04-21,14.883333333333333
5,Module05Chamber1-2018-04-21-16-21-43.mp4,mp4,2018-04-21,16.35
5,Module05Chamber1-2018-04-21-17-48-36.mp4,mp4,2018-04-21,17.8
5,Module05Chamber1-2018-04-21-19-17-17.mp4,mp4,2018-04-21,19.283333333333335
5,Module05Chamber1-2018-04-21-20-42-56.mp4,mp4,2018-04-21,20.7
5,Module05Chamber1-2018-04-21-22-12-14.mp4,mp4,2018-04-21,22.2
5,Module05Chamber1-2018-04-21-23-38-10.mp4,mp4,2018-04-21,23.633333333333333
5,Module05Chamber1-2018-04-22-01-06-24.mp4,mp4,2018-04-22,1.1
5,Module05Chamber1-2018-04-22-15-33-46.mp4,mp4,2018-04-22,15.55
5,Module05Chamber1-2018-04-22-16-53-31.mp4,mp4,2018-04-22,16.883333333333333
5,Module05Chamber1-2018-04-22-18-10-02.mp4,mp4,2018-04-22,18.166666666666668
5,Module05Chamber1-2018-04-22-19-31-21.mp4,mp4,2018-04-22,19.516666666666666
5,Module05Chamber1-2018-04-22-20-50-24.mp4,mp4,2018-04-22,20.833333333333332
5,Module05Chamber1-2018-04-22-22-10-28.mp4,mp4,2018-04-22,22.166666666666668
5,Module05Chamber1-2018-04-22-23-28-22.mp4,mp4,2018-04-22,23.466666666666665
5,Module05Chamber1-2018-04-23-00-46-34.mp4,mp4,2018-04-23,0.7666666666666667
5,Module05Chamber1-2018-04-23-02-05-31.mp4,mp4,2018-04-23,2.0833333333333335
5,Module05Chamber1-2018-04-23-15-33-08.mp4,mp4,2018-04-23,15.55
5,Module05Chamber1-2018-04-23-16-51-50.mp4,mp4,2018-04-23,16.85
5,Module05Chamber1-2018-04-23-18-10-37.mp4,mp4,2018-04-23,18.166666666666668
5,Module05Chamber1-2018-04-23-19-23-24.mp4,mp4,2018-04-23,19.383333333333333
5,Module05Chamber1-2018-04-23-20-43-23.mp4,mp4,2018-04-23,20.716666666666665
5,Module05Chamber1-2018-04-23-22-01-29.mp4,mp4,2018-04-23,22.016666666666666
5,Module05Chamber1-2018-04-23-23-16-47.mp4,mp4,2018-04-23,23.266666666666666
5,Module05Chamber1_2018_05_03_13_43_18.jpg,jpg,2018-05-03,13.716666666666667
5,Module05Chamber1-2018-04-24-01-55-16.mp4,mp4,2018-04-24,1.9166666666666665
5,Module05Chamber1-2018-04-24-15-29-37.mp4,mp4,2018-04-24,15.483333333333333
5,Module05Chamber1-2018-04-24-16-51-09.mp4,mp4,2018-04-24,16.85
5,Module05Chamber1-2018-04-24-18-06-38.mp4,mp4,2018-04-24,18.1
5,Module05Chamber1-2018-04-24-20-42-13.mp4,mp4,2018-04-24,20.7
5,Module05Chamber1-2018-04-24-22-05-45.mp4,mp4,2018-04-24,22.083333333333332
5,Module05Chamber1-2018-04-24-23-21-58.mp4,mp4,2018-04-24,23.35
5,Module05Chamber1-2018-04-25-00-45-56.mp4,mp4,2018-04-25,0.75
5,Module05Chamber1-2018-04-25-02-05-09.mp4,mp4,2018-04-25,2.0833333333333335
5,Module05Chamber1-2018-04-25-15-35-25.mp4,mp4,2018-04-25,15.583333333333334
5,Module05Chamber1-2018-04-25-17-02-06.mp4,mp4,2018-04-25,17.033333333333335
5,Module05Chamber1-2018-04-25-18-28-15.mp4,mp4,2018-04-25,18.466666666666665
5,Module05Chamber1-2018-04-25-19-56-36.mp4,mp4,2018-04-25,19.933333333333334
5,Module05Chamber1-2018-04-25-21-25-21.mp4,mp4,2018-04-25,21.416666666666668
5,Module05Chamber1-2018-04-25-22-51-26.mp4,mp4,2018-04-25,22.85
5,Module05Chamber1-2018-04-26-00-23-55.mp4,mp4,2018-04-26,0.38333333333333336
5,Module05Chamber1-2018-04-26-01-55-34.mp4,mp4,2018-04-26,1.9166666666666665
5,Module05Chamber1-2018-04-26-15-40-23.mp4,mp4,2018-04-26,15.666666666666666
5,Module05Chamber1-2018-04-26-17-19-47.mp4,mp4,2018-04-26,17.316666666666666
5,Module05Chamber1-2018-04-26-18-58-55.mp4,mp4,2018-04-26,18.966666666666665
5,Module05Chamber1-2018-04-26-20-34-48.mp4,mp4,2018-04-26,20.566666666666666
5,Module05Chamber1-2018-04-26-22-23-04.mp4,mp4,2018-04-26,22.383333333333333
5,Module05Chamber1_2018_05_03_14_46_23.jpg,jpg,2018-05-03,14.766666666666667
5,Module05Chamber1-2018-04-27-01-50-01.mp4,mp4,2018-04-27,1.8333333333333335
5,Module05Chamber1-2018-04-27-15-40-27.mp4,mp4,2018-04-27,15.666666666666666
5,Module05Chamber1-2018-04-27-17-22-47.mp4,mp4,2018-04-27,17.366666666666667
5,Module05Chamber1-2018-04-27-18-51-40.mp4,mp4,2018-04-27,18.85
5,Module05Chamber1-2018-04-27-20-28-38.mp4,mp4,2018-04-27,20.466666666666665
5,Module05Chamber1-2018-04-27-21-58-00.mp4,mp4,2018-04-27,21.966666666666665
5,Module05Chamber1-2018-04-27-23-34-36.mp4,mp4,2018-04-27,23.566666666666666
5,Module05Chamber1_2018_05_03_15_49_26.jpg,jpg,2018-05-03,15.816666666666666
5,Module05Chamber1-2018-04-28-02-42-00.mp4,mp4,2018-04-28,2.7
5,Module05Chamber1-2018-04-28-15-35-58.mp4,mp4,2018-04-28,15.583333333333334
5,Module05Chamber1-2018-04-28-16-58-05.mp4,mp4,2018-04-28,16.966666666666665
5,Module05Chamber1-2018-04-28-18-24-31.mp4,mp4,2018-04-28,18.4
5,Module05Chamber1-2018-04-28-19-50-13.mp4,mp4,2018-04-28,19.833333333333332
5,Module05Chamber1-2018-04-28-21-17-21.mp4,mp4,2018-04-28,21.283333333333335
5,Module05Chamber1-2018-04-28-22-45-38.mp4,mp4,2018-04-28,22.75
5,Module05Chamber1-2018-04-29-00-12-24.mp4,mp4,2018-04-29,0.2
5,Module05Chamber1-2018-04-29-01-33-46.mp4,mp4,2018-04-29,1.55
5,Module05Chamber1-2018-04-29-15-31-57.mp4,mp4,2018-04-29,15.516666666666667
5,Module05Chamber1-2018-04-29-17-02-38.mp4,mp4,2018-04-29,17.033333333333335
5,Module05Chamber1-2018-04-29-18-24-02.mp4,mp4,2018-04-29,18.4
5,Module05Chamber1-2018-04-29-19-49-44.mp4,mp4,2018-04-29,19.816666666666666
5,Module05Chamber1-2018-04-29-21-20-11.mp4,mp4,2018-04-29,21.333333333333332
5,Module05Chamber1-2018-04-29-22-44-38.mp4,mp4,2018-04-29,22.733333333333334
5,Module05Chamber1-2018-04-30-00-14-26.mp4,mp4,2018-04-30,0.23333333333333334
5,Module05Chamber1-2018-04-30-01-41-53.mp4,mp4,2018-04-30,1.6833333333333333
5,Module05Chamber1-2018-05-02-08-11-14.mp4,mp4,2018-05-02,8.183333333333334
5,Module05Chamber1-2018-05-02-09-14-58.mp4,mp4,2018-05-02,9.233333333333333
5,Module05Chamber1-2018-05-02-10-16-37.mp4,mp4,2018-05-02,10.266666666666667
5,Module05Chamber1-2018-05-02-11-21-36.mp4,mp4,2018-05-02,11.35
5,Module05Chamber1-2018-05-02-12-22-55.mp4,mp4,2018-05-02,12.366666666666667
5,Module05Chamber1-2018-05-02-13-27-10.mp4,mp4,2018-05-02,13.45
5,Module05Chamber1-2018-05-02-14-34-33.mp4,mp4,2018-05-02,14.566666666666666
5,Module05Chamber1-2018-05-02-15-38-43.mp4,mp4,2018-05-02,15.633333333333333
5,Module05Chamber1-2018-05-02-16-42-44.mp4,mp4,2018-05-02,16.7
5,Module05Chamber1-2018-05-02-17-47-25.mp4,mp4,2018-05-02,17.783333333333335
5,Module05Chamber1-2018-05-02-18-51-02.mp4,mp4,2018-05-02,18.85
5,Module05Chamber1-2018-05-03-08-36-44.mp4,mp4,2018-05-03,8.6
5,Module05Chamber1-2018-05-03-10-20-43.mp4,mp4,2018-05-03,10.333333333333334
5,Module05Chamber1-2018-05-03-11-37-25.mp4,mp4,2018-05-03,11.616666666666667
5,Module05Chamber1-2018-05-03-12-37-37.mp4,mp4,2018-05-03,12.616666666666667
5,Module05Chamber1-2018-05-03-13-43-18.mp4,mp4,2018-05-03,13.716666666666667
5,Module05Chamber1-2018-05-03-14-46-23.mp4,mp4,2018-05-03,14.766666666666667
5,Module05Chamber1-2018-05-03-15-49-26.mp4,mp4,2018-05-03,15.816666666666666
5,Module05Chamber1-2018-05-03-16-52-23.mp4,mp4,2018-05-03,16.866666666666667
5,Module05Chamber1-2018-05-03-17-55-16.mp4,mp4,2018-05-03,17.916666666666668
5,Module05Chamber1-2018-05-03-18-58-15.mp4,mp4,2018-05-03,18.966666666666665
5,Module05Chamber1_2018_05_03_16_52_23.jpg,jpg,2018-05-03,16.866666666666667
5,Module05Chamber1_2018_05_03_17_55_16.jpg,jpg,2018-05-03,17.916666666666668
5,Module05Chamber1_2018_05_03_18_58_15.jpg,jpg,2018-05-03,18.966666666666665
6,Module06Chamber1-2018-04-08-00-20-42.mp4,mp4,2018-04-08,0.3333333333333333
6,Module06Chamber1-2018-04-09-00-34-20.mp4,mp4,2018-04-09,0.5666666666666667
6,Module06Chamber1-2018-04-09-17-56-16.mp4,mp4,2018-04-09,17.933333333333334
6,Module06Chamber1-2018-04-10-00-54-28.mp4,mp4,2018-04-10,0.9
6,Module06Chamber1-2018-04-10-19-20-13.mp4,mp4,2018-04-10,19.333333333333332
6,Module06Chamber1-2018-04-13-00-36-36.mp4,mp4,2018-04-13,0.6
6,Module06Chamber1-2018-04-14-00-39-43.mp4,mp4,2018-04-14,0.65
6,Module06Chamber1-2018-04-14-02-01-20.mp4,mp4,2018-04-14,2.0166666666666666
6,Module06Chamber1-2018-04-16-00-21-06.mp4,mp4,2018-04-16,0.35
6,Module06Chamber1-2018-04-16-02-02-17.mp4,mp4,2018-04-16,2.033333333333333
6,Module06Chamber1-2018-04-18-00-58-54.mp4,mp4,2018-04-18,0.9666666666666667
6,Module06Chamber1-2018-04-24-00-44-05.mp4,mp4,2018-04-24,0.7333333333333333
6,Module06Chamber1-2018-04-24-02-02-35.mp4,mp4,2018-04-24,2.033333333333333
6,Module06Chamber1-2018-04-27-00-16-24.mp4,mp4,2018-04-27,0.26666666666666666
6,Module06Chamber1-2018-04-28-01-13-13.mp4,mp4,2018-04-28,1.2166666666666668
6,Module06Chamber1_2018_04_06_11_37_24.jpg,jpg,2018-04-06,11.616666666666667
6,Module06Chamber1_2018_04_06_12_39_23.jpg,jpg,2018-04-06,12.65
6,Module06Chamber1_2018_04_06_15_39_50.jpg,jpg,2018-04-06,15.65
6,Module06Chamber1_2018_04_06_16_52_50.jpg,jpg,2018-04-06,16.866666666666667
6,Module06Chamber1_2018_04_06_18_18_15.jpg,jpg,2018-04-06,18.3
6,Module06Chamber1_2018_04_06_19_44_22.jpg,jpg,2018-04-06,19.733333333333334
6,Module06Chamber1_2018_04_06_21_13_31.jpg,jpg,2018-04-06,21.216666666666665
6,Module06Chamber1_2018_04_06_22_39_44.jpg,jpg,2018-04-06,22.65
6,Module06Chamber1_2018_04_07_11_57_49.jpg,jpg,2018-04-07,11.95
6,Module06Chamber1_2018_04_07_13_24_47.jpg,jpg,2018-04-07,13.4
6,Module06Chamber1_2018_04_07_14_52_31.jpg,jpg,2018-04-07,14.866666666666667
6,Module06Chamber1_2018_04_07_16_17_38.jpg,jpg,2018-04-07,16.283333333333335
6,Module06Chamber1_2018_04_07_19_15_48.jpg,jpg,2018-04-07,19.25
6,Module06Chamber1_2018_04_07_20_14_55.jpg,jpg,2018-04-07,20.233333333333334
6,Module06Chamber1_2018_04_07_21_33_31.jpg,jpg,2018-04-07,21.55
6,Module06Chamber1_2018_04_07_22_56_58.jpg,jpg,2018-04-07,22.933333333333334
6,Module06Chamber1_2018_04_08_00_20_42.jpg,jpg,2018-04-08,0.3333333333333333
6,Module06Chamber1_2018_04_08_13_30_18.jpg,jpg,2018-04-08,13.5
6,Module06Chamber1_2018_04_08_15_00_21.jpg,jpg,2018-04-08,15.0
6,Module06Chamber1_2018_04_08_16_25_35.jpg,jpg,2018-04-08,16.416666666666668
6,Module06Chamber1_2018_04_08_17_27_16.jpg,jpg,2018-04-08,17.45
6,Module06Chamber1_2018_04_08_18_53_09.jpg,jpg,2018-04-08,18.883333333333333
6,Module06Chamber1_2018_04_08_20_16_06.jpg,jpg,2018-04-08,20.266666666666666
6,Module06Chamber1_2018_04_08_21_43_02.jpg,jpg,2018-04-08,21.716666666666665
6,Module06Chamber1_2018_04_08_23_09_57.jpg,jpg,2018-04-08,23.15
6,Module06Chamber1_2018_04_09_00_34_20.jpg,jpg,2018-04-09,0.5666666666666667
6,Module06Chamber1_2018_04_09_13_38_51.jpg,jpg,2018-04-09,13.633333333333333
6,Module06Chamber1_2018_04_09_15_01_15.jpg,jpg,2018-04-09,15.016666666666667
6,Module06Chamber1_2018_04_09_16_29_53.jpg,jpg,2018-04-09,16.483333333333334
6,Module06Chamber1_2018_04_09_17_56_16.jpg,jpg,2018-04-09,17.933333333333334
6,Module06Chamber1_2018_04_09_19_18_01.jpg,jpg,2018-04-09,19.3
6,Module06Chamber1_2018_04_09_20_42_53.jpg,jpg,2018-04-09,20.7
6,Module06Chamber1_2018_04_09_22_03_31.jpg,jpg,2018-04-09,22.05
6,Module06Chamber1_2018_04_09_23_26_11.jpg,jpg,2018-04-09,23.433333333333334
6,Module06Chamber1_2018_04_10_00_54_28.jpg,jpg,2018-04-10,0.9
6,Module06Chamber1_2018_04_10_13_34_57.jpg,jpg,2018-04-10,13.566666666666666
6,Module06Chamber1_2018_04_10_15_05_01.jpg,jpg,2018-04-10,15.083333333333334
6,Module06Chamber1_2018_04_10_16_29_15.jpg,jpg,2018-04-10,16.483333333333334
6,Module06Chamber1_2018_04_10_17_53_56.jpg,jpg,2018-04-10,17.883333333333333
6,Module06Chamber1_2018_04_10_19_20_13.jpg,jpg,2018-04-10,19.333333333333332
6,Module06Chamber1_2018_04_10_20_44_42.jpg,jpg,2018-04-10,20.733333333333334
6,Module06Chamber1_2018_04_10_22_11_32.jpg,jpg,2018-04-10,22.183333333333334
6,Module06Chamber1_2018_04_10_23_36_01.jpg,jpg,2018-04-10,23.6
6,Module06Chamber1_2018_04_11_14_33_19.jpg,jpg,2018-04-11,14.55
6,Module06Chamber1_2018_04_11_15_32_47.jpg,jpg,2018-04-11,15.533333333333333
6,Module06Chamber1_2018_04_11_16_45_25.jpg,jpg,2018-04-11,16.75
6,Module06Chamber1_2018_04_11_17_39_08.jpg,jpg,2018-04-11,17.65
6,Module06Chamber1_2018_04_11_19_08_58.jpg,jpg,2018-04-11,19.133333333333333
6,Module06Chamber1_2018_04_11_20_32_59.jpg,jpg,2018-04-11,20.533333333333335
6,Module06Chamber1_2018_04_11_21_54_21.jpg,jpg,2018-04-11,21.9
6,Module06Chamber1_2018_04_11_23_23_07.jpg,jpg,2018-04-11,23.383333333333333
6,Module06Chamber1_2018_04_12_00_47_33.jpg,jpg,2018-04-12,0.7833333333333333
6,Module06Chamber1_2018_04_12_14_47_43.jpg,jpg,2018-04-12,14.783333333333333
6,Module06Chamber1_2018_04_12_16_09_52.jpg,jpg,2018-04-12,16.15
6,Module06Chamber1_2018_04_12_17_33_35.jpg,jpg,2018-04-12,17.55
6,Module06Chamber1_2018_04_12_18_58_45.jpg,jpg,2018-04-12,18.966666666666665
6,Module06Chamber1_2018_04_12_20_23_25.jpg,jpg,2018-04-12,20.383333333333333
6,Module06Chamber1_2018_04_12_21_46_50.jpg,jpg,2018-04-12,21.766666666666666
6,Module06Chamber1_2018_04_12_23_13_07.jpg,jpg,2018-04-12,23.216666666666665
6,Module06Chamber1_2018_04_13_00_36_36.jpg,jpg,2018-04-13,0.6
6,Module06Chamber1_2018_04_13_02_02_32.jpg,jpg,2018-04-13,2.033333333333333
6,Module06Chamber1_2018_04_13_14_47_08.jpg,jpg,2018-04-13,14.783333333333333
6,Module06Chamber1_2018_04_13_16_13_22.jpg,jpg,2018-04-13,16.216666666666665
6,Module06Chamber1_2018_04_13_17_36_07.jpg,jpg,2018-04-13,17.6
6,Module06Chamber1_2018_04_13_19_02_00.jpg,jpg,2018-04-13,19.033333333333335
6,Module06Chamber1_2018_04_13_20_26_03.jpg,jpg,2018-04-13,20.433333333333334
6,Module06Chamber1_2018_04_13_21_50_28.jpg,jpg,2018-04-13,21.833333333333332
6,Module06Chamber1_2018_04_13_23_16_18.jpg,jpg,2018-04-13,23.266666666666666
6,Module06Chamber1_2018_04_14_00_39_43.jpg,jpg,2018-04-14,0.65
6,Module06Chamber1_2018_04_14_02_01_20.jpg,jpg,2018-04-14,2.0166666666666666
6,Module06Chamber1_2018_04_14_14_47_45.jpg,jpg,2018-04-14,14.783333333333333
6,Module06Chamber1_2018_04_14_16_10_10.jpg,jpg,2018-04-14,16.166666666666668
6,Module06Chamber1_2018_04_14_17_34_34.jpg,jpg,2018-04-14,17.566666666666666
6,Module06Chamber1_2018_04_14_19_02_19.jpg,jpg,2018-04-14,19.033333333333335
6,Module06Chamber1_2018_04_14_20_28_29.jpg,jpg,2018-04-14,20.466666666666665
6,Module06Chamber1_2018_04_14_21_56_45.jpg,jpg,2018-04-14,21.933333333333334
6,Module06Chamber1_2018_04_14_23_25_28.jpg,jpg,2018-04-14,23.416666666666668
6,Module06Chamber1_2018_04_15_00_56_08.jpg,jpg,2018-04-15,0.9333333333333333
6,Module06Chamber1_2018_04_15_14_47_15.jpg,jpg,2018-04-15,14.783333333333333
6,Module06Chamber1_2018_04_15_16_24_19.jpg,jpg,2018-04-15,16.4
6,Module06Chamber1_2018_04_15_17_53_11.jpg,jpg,2018-04-15,17.883333333333333
6,Module06Chamber1_2018_04_15_19_31_55.jpg,jpg,2018-04-15,19.516666666666666
6,Module06Chamber1_2018_04_15_21_09_13.jpg,jpg,2018-04-15,21.15
6,Module06Chamber1_2018_04_15_22_40_30.jpg,jpg,2018-04-15,22.666666666666668
6,Module06Chamber1_2018_04_16_00_21_06.jpg,jpg,2018-04-16,0.35
6,Module06Chamber1_2018_04_16_02_02_17.jpg,jpg,2018-04-16,2.033333333333333
6,Module06Chamber1_2018_04_16_15_50_50.jpg,jpg,2018-04-16,15.833333333333334
6,Module06Chamber1_2018_04_16_17_06_08.jpg,jpg,2018-04-16,17.1
6,Module06Chamber1_2018_04_16_18_48_13.jpg,jpg,2018-04-16,18.8
6,Module06Chamber1_2018_04_16_20_28_56.jpg,jpg,2018-04-16,20.466666666666665
6,Module06Chamber1_2018_04_16_22_10_31.jpg,jpg,2018-04-16,22.166666666666668
6,Module06Chamber1_2018_04_16_23_44_18.jpg,jpg,2018-04-16,23.733333333333334
6,Module06Chamber1_2018_04_17_01_28_42.jpg,jpg,2018-04-17,1.4666666666666668
6,Module06Chamber1_2018_04_17_15_06_06.jpg,jpg,2018-04-17,15.1
6,Module06Chamber1_2018_04_17_16_41_21.jpg,jpg,2018-04-17,16.683333333333334
6,Module06Chamber1_2018_04_17_18_20_24.jpg,jpg,2018-04-17,18.333333333333332
6,Module06Chamber1_2018_04_17_19_54_21.jpg,jpg,2018-04-17,19.9
6,Module06Chamber1_2018_04_17_21_34_11.jpg,jpg,2018-04-17,21.566666666666666
6,Module06Chamber1_2018_04_17_23_17_22.jpg,jpg,2018-04-17,23.283333333333335
6,Module06Chamber1_2018_04_18_00_58_54.jpg,jpg,2018-04-18,0.9666666666666667
6,Module06Chamber1_2018_04_18_15_02_24.jpg,jpg,2018-04-18,15.033333333333333
6,Module06Chamber1_2018_04_18_16_26_27.jpg,jpg,2018-04-18,16.433333333333334
6,Module06Chamber1_2018_04_18_17_55_06.jpg,jpg,2018-04-18,17.916666666666668
6,Module06Chamber1_2018_04_18_19_23_56.jpg,jpg,2018-04-18,19.383333333333333
6,Module06Chamber1_2018_04_18_20_52_11.jpg,jpg,2018-04-18,20.866666666666667
6,Module06Chamber1_2018_04_18_22_25_18.jpg,jpg,2018-04-18,22.416666666666668
6,Module06Chamber1_2018_04_18_23_49_27.jpg,jpg,2018-04-18,23.816666666666666
6,Module06Chamber1_2018_04_19_01_18_54.jpg,jpg,2018-04-19,1.3
6,Module06Chamber1_2018_04_19_15_02_16.jpg,jpg,2018-04-19,15.033333333333333
6,Module06Chamber1_2018_04_19_16_29_32.jpg,jpg,2018-04-19,16.483333333333334
6,Module06Chamber1_2018_04_19_17_58_06.jpg,jpg,2018-04-19,17.966666666666665
6,Module06Chamber1_2018_04_19_19_26_07.jpg,jpg,2018-04-19,19.433333333333334
6,Module06Chamber1_2018_04_19_20_50_17.jpg,jpg,2018-04-19,20.833333333333332
6,Module06Chamber1_2018_04_19_22_22_23.jpg,jpg,2018-04-19,22.366666666666667
6,Module06Chamber1_2018_04_19_23_46_23.jpg,jpg,2018-04-19,23.766666666666666
6,Module06Chamber1_2018_04_20_01_15_46.jpg,jpg,2018-04-20,1.25
6,Module06Chamber1_2018_04_20_15_02_04.jpg,jpg,2018-04-20,15.033333333333333
6,Module06Chamber1_2018_04_20_16_29_30.jpg,jpg,2018-04-20,16.483333333333334
6,Module06Chamber1_2018_04_20_17_57_11.jpg,jpg,2018-04-20,17.95
6,Module06Chamber1_2018_04_20_19_21_22.jpg,jpg,2018-04-20,19.35
6,Module06Chamber1_2018_04_20_20_48_19.jpg,jpg,2018-04-20,20.8
6,Module06Chamber1_2018_04_20_22_17_27.jpg,jpg,2018-04-20,22.283333333333335
6,Module06Chamber1_2018_04_20_23_47_05.jpg,jpg,2018-04-20,23.783333333333335
6,Module06Chamber1_2018_04_21_01_16_13.jpg,jpg,2018-04-21,1.2666666666666666
6,Module06Chamber1_2018_04_21_15_01_56.jpg,jpg,2018-04-21,15.016666666666667
6,Module06Chamber1_2018_04_21_16_28_47.jpg,jpg,2018-04-21,16.466666666666665
6,Module06Chamber1_2018_04_21_17_56_41.jpg,jpg,2018-04-21,17.933333333333334
6,Module06Chamber1_2018_04_21_19_24_04.jpg,jpg,2018-04-21,19.4
6,Module06Chamber1_2018_04_21_20_50_51.jpg,jpg,2018-04-21,20.833333333333332
6,Module06Chamber1_2018_04_21_22_19_47.jpg,jpg,2018-04-21,22.316666666666666
6,Module06Chamber1_2018_04_21_23_45_59.jpg,jpg,2018-04-21,23.75
6,Module06Chamber1_2018_04_22_01_14_29.jpg,jpg,2018-04-22,1.2333333333333334
6,Module06Chamber1_2018_04_22_15_40_43.jpg,jpg,2018-04-22,15.666666666666666
6,Module06Chamber1_2018_04_22_17_00_49.jpg,jpg,2018-04-22,17.0
6,Module06Chamber1_2018_04_22_18_17_27.jpg,jpg,2018-04-22,18.283333333333335
6,Module06Chamber1_2018_04_22_19_38_09.jpg,jpg,2018-04-22,19.633333333333333
6,Module06Chamber1_2018_04_22_20_57_42.jpg,jpg,2018-04-22,20.95
6,Module06Chamber1_2018_04_22_22_17_46.jpg,jpg,2018-04-22,22.283333333333335
6,Module06Chamber1_2018_04_22_23_35_01.jpg,jpg,2018-04-22,23.583333333333332
6,Module06Chamber1_2018_04_23_00_53_42.jpg,jpg,2018-04-23,0.8833333333333333
6,Module06Chamber1_2018_04_23_02_12_49.jpg,jpg,2018-04-23,2.2
6,Module06Chamber1_2018_04_23_15_39_58.jpg,jpg,2018-04-23,15.65
6,Module06Chamber1_2018_04_23_16_59_06.jpg,jpg,2018-04-23,16.983333333333334
6,Module06Chamber1_2018_04_23_18_17_34.jpg,jpg,2018-04-23,18.283333333333335
6,Module06Chamber1_2018_04_23_19_29_43.jpg,jpg,2018-04-23,19.483333333333334
6,Module06Chamber1_2018_04_23_20_50_30.jpg,jpg,2018-04-23,20.833333333333332
6,Module06Chamber1_2018_04_23_22_08_42.jpg,jpg,2018-04-23,22.133333333333333
6,Module06Chamber1_2018_04_23_23_22_57.jpg,jpg,2018-04-23,23.366666666666667
6,Module06Chamber1_2018_04_24_00_44_05.jpg,jpg,2018-04-24,0.7333333333333333
6,Module06Chamber1_2018_04_24_02_02_35.jpg,jpg,2018-04-24,2.033333333333333
6,Module06Chamber1_2018_04_24_15_36_23.jpg,jpg,2018-04-24,15.6
6,Module06Chamber1_2018_04_24_16_58_23.jpg,jpg,2018-04-24,16.966666666666665
6,Module06Chamber1_2018_04_24_18_14_04.jpg,jpg,2018-04-24,18.233333333333334
6,Module06Chamber1_2018_04_24_19_34_23.jpg,jpg,2018-04-24,19.566666666666666
6,Module06Chamber1_2018_04_24_20_49_29.jpg,jpg,2018-04-24,20.816666666666666
6,Module06Chamber1_2018_04_24_22_13_04.jpg,jpg,2018-04-24,22.216666666666665
6,Module06Chamber1_2018_04_24_23_28_31.jpg,jpg,2018-04-24,23.466666666666665
6,Module06Chamber1_2018_04_25_00_53_25.jpg,jpg,2018-04-25,0.8833333333333333
6,Module06Chamber1_2018_04_25_02_12_56.jpg,jpg,2018-04-25,2.2
6,Module06Chamber1_2018_04_25_15_42_59.jpg,jpg,2018-04-25,15.7
6,Module06Chamber1_2018_04_25_17_10_15.jpg,jpg,2018-04-25,17.166666666666668
6,Module06Chamber1_2018_04_25_18_35_43.jpg,jpg,2018-04-25,18.583333333333332
6,Module06Chamber1_2018_04_25_20_04_47.jpg,jpg,2018-04-25,20.066666666666666
6,Module06Chamber1_2018_04_25_21_32_49.jpg,jpg,2018-04-25,21.533333333333335
6,Module06Chamber1_2018_04_25_22_59_58.jpg,jpg,2018-04-25,22.983333333333334
6,Module06Chamber1_2018_04_26_00_31_38.jpg,jpg,2018-04-26,0.5166666666666667
6,Module06Chamber1_2018_04_26_02_04_11.jpg,jpg,2018-04-26,2.066666666666667
6,Module06Chamber1_2018_04_26_15_49_15.jpg,jpg,2018-04-26,15.816666666666666
6,Module06Chamber1_2018_04_26_17_27_37.jpg,jpg,2018-04-26,17.45
6,Module06Chamber1_2018_04_26_19_08_17.jpg,jpg,2018-04-26,19.133333333333333
6,Module06Chamber1_2018_04_26_20_43_56.jpg,jpg,2018-04-26,20.716666666666665
6,Module06Chamber1_2018_04_26_22_31_40.jpg,jpg,2018-04-26,22.516666666666666
6,Module06Chamber1_2018_04_27_00_16_24.jpg,jpg,2018-04-27,0.26666666666666666
6,Module06Chamber1_2018_04_27_01_59_43.jpg,jpg,2018-04-27,1.9833333333333334
6,Module06Chamber1_2018_04_27_15_50_00.jpg,jpg,2018-04-27,15.833333333333334
6,Module06Chamber1_2018_04_27_17_30_14.jpg,jpg,2018-04-27,17.5
6,Module06Chamber1_2018_04_27_19_00_22.jpg,jpg,2018-04-27,19.0
6,Module06Chamber1_2018_04_27_20_36_25.jpg,jpg,2018-04-27,20.6
6,Module06Chamber1_2018_04_27_22_06_38.jpg,jpg,2018-04-27,22.1
6,Module06Chamber1_2018_04_27_23_42_44.jpg,jpg,2018-04-27,23.7
6,Module06Chamber1_2018_04_28_01_13_13.jpg,jpg,2018-04-28,1.2166666666666668
6,Module06Chamber1_2018_04_28_02_50_34.jpg,jpg,2018-04-28,2.8333333333333335
6,Module06Chamber1_2018_04_28_15_43_28.jpg,jpg,2018-04-28,15.716666666666667
6,Module06Chamber1_2018_04_28_17_06_08.jpg,jpg,2018-04-28,17.1
6,Module06Chamber1_2018_04_28_18_31_40.jpg,jpg,2018-04-28,18.516666666666666
6,Module06Chamber1_2018_04_28_19_58_09.jpg,jpg,2018-04-28,19.966666666666665
6,Module06Chamber1_2018_04_28_21_24_00.jpg,jpg,2018-04-28,21.4
6,Module06Chamber1_2018_04_28_22_53_36.jpg,jpg,2018-04-28,22.883333333333333
6,Module06Chamber1_2018_04_29_00_19_43.jpg,jpg,2018-04-29,0.31666666666666665
6,Module06Chamber1_2018_04_29_01_41_19.jpg,jpg,2018-04-29,1.6833333333333333
6,Module06Chamber1_2018_04_29_15_39_22.jpg,jpg,2018-04-29,15.65
6,Module06Chamber1_2018_04_29_17_10_38.jpg,jpg,2018-04-29,17.166666666666668
6,Module06Chamber1_2018_04_29_18_31_06.jpg,jpg,2018-04-29,18.516666666666666
6,Module06Chamber1_2018_04_29_19_57_43.jpg,jpg,2018-04-29,19.95
6,Module06Chamber1_2018_04_29_21_26_51.jpg,jpg,2018-04-29,21.433333333333334
6,Module06Chamber1_2018_04_29_22_52_26.jpg,jpg,2018-04-29,22.866666666666667
6,Module06Chamber1_2018_04_30_00_21_35.jpg,jpg,2018-04-30,0.35
6,Module06Chamber1_2018_04_30_01_49_04.jpg,jpg,2018-04-30,1.8166666666666667
6,Module06Chamber1_2018_05_02_08_15_12.jpg,jpg,2018-05-02,8.25
6,Module06Chamber1_2018_05_02_09_18_56.jpg,jpg,2018-05-02,9.3
6,Module06Chamber1_2018_05_02_10_22_22.jpg,jpg,2018-05-02,10.366666666666667
6,Module06Chamber1-2018-04-06-11-37-24.mp4,mp4,2018-04-06,11.616666666666667
6,Module06Chamber1-2018-04-06-12-39-23.mp4,mp4,2018-04-06,12.65
6,Module06Chamber1-2018-04-06-15-39-50.mp4,mp4,2018-04-06,15.65
6,Module06Chamber1-2018-04-06-16-52-50.mp4,mp4,2018-04-06,16.866666666666667
6,Module06Chamber1-2018-04-06-18-18-15.mp4,mp4,2018-04-06,18.3
6,Module06Chamber1-2018-04-06-19-44-22.mp4,mp4,2018-04-06,19.733333333333334
6,Module06Chamber1-2018-04-06-21-13-31.mp4,mp4,2018-04-06,21.216666666666665
6,Module06Chamber1-2018-04-06-22-39-44.mp4,mp4,2018-04-06,22.65
6,Module06Chamber1-2018-04-07-11-57-49.mp4,mp4,2018-04-07,11.95
6,Module06Chamber1-2018-04-07-13-24-47.mp4,mp4,2018-04-07,13.4
6,Module06Chamber1-2018-04-07-14-52-31.mp4,mp4,2018-04-07,14.866666666666667
6,Module06Chamber1-2018-04-07-16-17-38.mp4,mp4,2018-04-07,16.283333333333335
6,Module06Chamber1-2018-04-07-19-15-48.mp4,mp4,2018-04-07,19.25
6,Module06Chamber1-2018-04-07-20-14-55.mp4,mp4,2018-04-07,20.233333333333334
6,Module06Chamber1-2018-04-07-21-33-31.mp4,mp4,2018-04-07,21.55
6,Module06Chamber1-2018-04-07-22-56-58.mp4,mp4,2018-04-07,22.933333333333334
6,Module06Chamber1_2018_05_02_11_27_14.jpg,jpg,2018-05-02,11.45
6,Module06Chamber1-2018-04-08-13-30-18.mp4,mp4,2018-04-08,13.5
6,Module06Chamber1-2018-04-08-15-00-21.mp4,mp4,2018-04-08,15.0
6,Module06Chamber1-2018-04-08-16-25-35.mp4,mp4,2018-04-08,16.416666666666668
6,Module06Chamber1-2018-04-08-17-27-16.mp4,mp4,2018-04-08,17.45
6,Module06Chamber1-2018-04-08-18-53-09.mp4,mp4,2018-04-08,18.883333333333333
6,Module06Chamber1-2018-04-08-20-16-06.mp4,mp4,2018-04-08,20.266666666666666
6,Module06Chamber1-2018-04-08-21-43-02.mp4,mp4,2018-04-08,21.716666666666665
6,Module06Chamber1-2018-04-08-23-09-57.mp4,mp4,2018-04-08,23.15
6,Module06Chamber1_2018_05_02_12_28_33.jpg,jpg,2018-05-02,12.466666666666667
6,Module06Chamber1-2018-04-09-13-38-51.mp4,mp4,2018-04-09,13.633333333333333
6,Module06Chamber1-2018-04-09-15-01-15.mp4,mp4,2018-04-09,15.016666666666667
6,Module06Chamber1-2018-04-09-16-29-53.mp4,mp4,2018-04-09,16.483333333333334
6,Module06Chamber1_2018_05_02_13_32_47.jpg,jpg,2018-05-02,13.533333333333333
6,Module06Chamber1-2018-04-09-19-18-01.mp4,mp4,2018-04-09,19.3
6,Module06Chamber1-2018-04-09-20-42-53.mp4,mp4,2018-04-09,20.7
6,Module06Chamber1-2018-04-09-22-03-31.mp4,mp4,2018-04-09,22.05
6,Module06Chamber1-2018-04-09-23-26-11.mp4,mp4,2018-04-09,23.433333333333334
6,Module06Chamber1_2018_05_02_14_40_09.jpg,jpg,2018-05-02,14.666666666666666
6,Module06Chamber1-2018-04-10-13-34-57.mp4,mp4,2018-04-10,13.566666666666666
6,Module06Chamber1-2018-04-10-15-05-01.mp4,mp4,2018-04-10,15.083333333333334
6,Module06Chamber1-2018-04-10-16-29-15.mp4,mp4,2018-04-10,16.483333333333334
6,Module06Chamber1-2018-04-10-17-53-56.mp4,mp4,2018-04-10,17.883333333333333
6,Module06Chamber1_2018_05_02_15_44_22.jpg,jpg,2018-05-02,15.733333333333333
6,Module06Chamber1-2018-04-10-20-44-42.mp4,mp4,2018-04-10,20.733333333333334
6,Module06Chamber1-2018-04-10-22-11-32.mp4,mp4,2018-04-10,22.183333333333334
6,Module06Chamber1-2018-04-10-23-36-01.mp4,mp4,2018-04-10,23.6
6,Module06Chamber1-2018-04-11-14-33-19.mp4,mp4,2018-04-11,14.55
6,Module06Chamber1-2018-04-11-15-32-47.mp4,mp4,2018-04-11,15.533333333333333
6,Module06Chamber1-2018-04-11-16-45-25.mp4,mp4,2018-04-11,16.75
6,Module06Chamber1-2018-04-11-17-39-08.mp4,mp4,2018-04-11,17.65
6,Module06Chamber1-2018-04-11-19-08-58.mp4,mp4,2018-04-11,19.133333333333333
6,Module06Chamber1-2018-04-11-20-32-59.mp4,mp4,2018-04-11,20.533333333333335
6,Module06Chamber1-2018-04-11-21-54-21.mp4,mp4,2018-04-11,21.9
6,Module06Chamber1-2018-04-11-23-23-07.mp4,mp4,2018-04-11,23.383333333333333
6,Module06Chamber1-2018-04-12-00-47-33.mp4,mp4,2018-04-12,0.7833333333333333
6,Module06Chamber1-2018-04-12-14-47-43.mp4,mp4,2018-04-12,14.783333333333333
6,Module06Chamber1-2018-04-12-16-09-52.mp4,mp4,2018-04-12,16.15
6,Module06Chamber1-2018-04-12-17-33-35.mp4,mp4,2018-04-12,17.55
6,Module06Chamber1-2018-04-12-18-58-45.mp4,mp4,2018-04-12,18.966666666666665
6,Module06Chamber1-2018-04-12-20-23-25.mp4,mp4,2018-04-12,20.383333333333333
6,Module06Chamber1-2018-04-12-21-46-50.mp4,mp4,2018-04-12,21.766666666666666
6,Module06Chamber1-2018-04-12-23-13-07.mp4,mp4,2018-04-12,23.216666666666665
6,Module06Chamber1_2018_05_02_16_48_23.jpg,jpg,2018-05-02,16.8
6,Module06Chamber1-2018-04-13-02-02-32.mp4,mp4,2018-04-13,2.033333333333333
6,Module06Chamber1-2018-04-13-14-47-08.mp4,mp4,2018-04-13,14.783333333333333
6,Module06Chamber1-2018-04-13-16-13-22.mp4,mp4,2018-04-13,16.216666666666665
6,Module06Chamber1-2018-04-13-17-36-07.mp4,mp4,2018-04-13,17.6
6,Module06Chamber1-2018-04-13-19-02-00.mp4,mp4,2018-04-13,19.033333333333335
6,Module06Chamber1-2018-04-13-20-26-03.mp4,mp4,2018-04-13,20.433333333333334
6,Module06Chamber1-2018-04-13-21-50-28.mp4,mp4,2018-04-13,21.833333333333332
6,Module06Chamber1-2018-04-13-23-16-18.mp4,mp4,2018-04-13,23.266666666666666
6,Module06Chamber1_2018_05_02_17_53_03.jpg,jpg,2018-05-02,17.883333333333333
6,Module06Chamber1_2018_05_02_18_56_40.jpg,jpg,2018-05-02,18.933333333333334
6,Module06Chamber1-2018-04-14-14-47-45.mp4,mp4,2018-04-14,14.783333333333333
6,Module06Chamber1-2018-04-14-16-10-10.mp4,mp4,2018-04-14,16.166666666666668
6,Module06Chamber1-2018-04-14-17-34-34.mp4,mp4,2018-04-14,17.566666666666666
6,Module06Chamber1-2018-04-14-19-02-19.mp4,mp4,2018-04-14,19.033333333333335
6,Module06Chamber1-2018-04-14-20-28-29.mp4,mp4,2018-04-14,20.466666666666665
6,Module06Chamber1-2018-04-14-21-56-45.mp4,mp4,2018-04-14,21.933333333333334
6,Module06Chamber1-2018-04-14-23-25-28.mp4,mp4,2018-04-14,23.416666666666668
6,Module06Chamber1-2018-04-15-00-56-08.mp4,mp4,2018-04-15,0.9333333333333333
6,Module06Chamber1-2018-04-15-14-47-15.mp4,mp4,2018-04-15,14.783333333333333
6,Module06Chamber1-2018-04-15-16-24-19.mp4,mp4,2018-04-15,16.4
6,Module06Chamber1-2018-04-15-17-53-11.mp4,mp4,2018-04-15,17.883333333333333
6,Module06Chamber1-2018-04-15-19-31-55.mp4,mp4,2018-04-15,19.516666666666666
6,Module06Chamber1-2018-04-15-21-09-13.mp4,mp4,2018-04-15,21.15
6,Module06Chamber1-2018-04-15-22-40-30.mp4,mp4,2018-04-15,22.666666666666668
6,Module06Chamber1_2018_05_03_08_45_57.jpg,jpg,2018-05-03,8.75
6,Module06Chamber1_2018_05_03_10_29_49.jpg,jpg,2018-05-03,10.483333333333333
6,Module06Chamber1-2018-04-16-15-50-50.mp4,mp4,2018-04-16,15.833333333333334
6,Module06Chamber1-2018-04-16-17-06-08.mp4,mp4,2018-04-16,17.1
6,Module06Chamber1-2018-04-16-18-48-13.mp4,mp4,2018-04-16,18.8
6,Module06Chamber1-2018-04-16-20-28-56.mp4,mp4,2018-04-16,20.466666666666665
6,Module06Chamber1-2018-04-16-22-10-31.mp4,mp4,2018-04-16,22.166666666666668
6,Module06Chamber1-2018-04-16-23-44-18.mp4,mp4,2018-04-16,23.733333333333334
6,Module06Chamber1-2018-04-17-01-28-42.mp4,mp4,2018-04-17,1.4666666666666668
6,Module06Chamber1-2018-04-17-15-06-06.mp4,mp4,2018-04-17,15.1
6,Module06Chamber1-2018-04-17-16-41-21.mp4,mp4,2018-04-17,16.683333333333334
6,Module06Chamber1-2018-04-17-18-20-24.mp4,mp4,2018-04-17,18.333333333333332
6,Module06Chamber1-2018-04-17-19-54-21.mp4,mp4,2018-04-17,19.9
6,Module06Chamber1-2018-04-17-21-34-11.mp4,mp4,2018-04-17,21.566666666666666
6,Module06Chamber1-2018-04-17-23-17-22.mp4,mp4,2018-04-17,23.283333333333335
6,Module06Chamber1_2018_05_03_11_42_57.jpg,jpg,2018-05-03,11.7
6,Module06Chamber1-2018-04-18-15-02-24.mp4,mp4,2018-04-18,15.033333333333333
6,Module06Chamber1-2018-04-18-16-26-27.mp4,mp4,2018-04-18,16.433333333333334
6,Module06Chamber1-2018-04-18-17-55-06.mp4,mp4,2018-04-18,17.916666666666668
6,Module06Chamber1-2018-04-18-19-23-56.mp4,mp4,2018-04-18,19.383333333333333
6,Module06Chamber1-2018-04-18-20-52-11.mp4,mp4,2018-04-18,20.866666666666667
6,Module06Chamber1-2018-04-18-22-25-18.mp4,mp4,2018-04-18,22.416666666666668
6,Module06Chamber1-2018-04-18-23-49-27.mp4,mp4,2018-04-18,23.816666666666666
6,Module06Chamber1-2018-04-19-01-18-54.mp4,mp4,2018-04-19,1.3
6,Module06Chamber1-2018-04-19-15-02-16.mp4,mp4,2018-04-19,15.033333333333333
6,Module06Chamber1-2018-04-19-16-29-32.mp4,mp4,2018-04-19,16.483333333333334
6,Module06Chamber1-2018-04-19-17-58-06.mp4,mp4,2018-04-19,17.966666666666665
6,Module06Chamber1-2018-04-19-19-26-07.mp4,mp4,2018-04-19,19.433333333333334
6,Module06Chamber1-2018-04-19-20-50-17.mp4,mp4,2018-04-19,20.833333333333332
6,Module06Chamber1-2018-04-19-22-22-23.mp4,mp4,2018-04-19,22.366666666666667
6,Module06Chamber1-2018-04-19-23-46-23.mp4,mp4,2018-04-19,23.766666666666666
6,Module06Chamber1-2018-04-20-01-15-46.mp4,mp4,2018-04-20,1.25
6,Module06Chamber1-2018-04-20-15-02-04.mp4,mp4,2018-04-20,15.033333333333333
6,Module06Chamber1-2018-04-20-16-29-30.mp4,mp4,2018-04-20,16.483333333333334
6,Module06Chamber1-2018-04-20-17-57-11.mp4,mp4,2018-04-20,17.95
6,Module06Chamber1-2018-04-20-19-21-22.mp4,mp4,2018-04-20,19.35
6,Module06Chamber1-2018-04-20-20-48-19.mp4,mp4,2018-04-20,20.8
6,Module06Chamber1-2018-04-20-22-17-27.mp4,mp4,2018-04-20,22.283333333333335
6,Module06Chamber1-2018-04-20-23-47-05.mp4,mp4,2018-04-20,23.783333333333335
6,Module06Chamber1-2018-04-21-01-16-13.mp4,mp4,2018-04-21,1.2666666666666666
6,Module06Chamber1-2018-04-21-15-01-56.mp4,mp4,2018-04-21,15.016666666666667
6,Module06Chamber1-2018-04-21-16-28-47.mp4,mp4,2018-04-21,16.466666666666665
6,Module06Chamber1-2018-04-21-17-56-41.mp4,mp4,2018-04-21,17.933333333333334
6,Module06Chamber1-2018-04-21-19-24-04.mp4,mp4,2018-04-21,19.4
6,Module06Chamber1-2018-04-21-20-50-51.mp4,mp4,2018-04-21,20.833333333333332
6,Module06Chamber1-2018-04-21-22-19-47.mp4,mp4,2018-04-21,22.316666666666666
6,Module06Chamber1-2018-04-21-23-45-59.mp4,mp4,2018-04-21,23.75
6,Module06Chamber1-2018-04-22-01-14-29.mp4,mp4,2018-04-22,1.2333333333333334
6,Module06Chamber1-2018-04-22-15-40-43.mp4,mp4,2018-04-22,15.666666666666666
6,Module06Chamber1-2018-04-22-17-00-49.mp4,mp4,2018-04-22,17.0
6,Module06Chamber1-2018-04-22-18-17-27.mp4,mp4,2018-04-22,18.283333333333335
6,Module06Chamber1-2018-04-22-19-38-09.mp4,mp4,2018-04-22,19.633333333333333
6,Module06Chamber1-2018-04-22-20-57-42.mp4,mp4,2018-04-22,20.95
6,Module06Chamber1-2018-04-22-22-17-46.mp4,mp4,2018-04-22,22.283333333333335
6,Module06Chamber1-2018-04-22-23-35-01.mp4,mp4,2018-04-22,23.583333333333332
6,Module06Chamber1-2018-04-23-00-53-42.mp4,mp4,2018-04-23,0.8833333333333333
6,Module06Chamber1-2018-04-23-02-12-49.mp4,mp4,2018-04-23,2.2
6,Module06Chamber1-2018-04-23-15-39-58.mp4,mp4,2018-04-23,15.65
6,Module06Chamber1-2018-04-23-16-59-06.mp4,mp4,2018-04-23,16.983333333333334
6,Module06Chamber1-2018-04-23-18-17-34.mp4,mp4,2018-04-23,18.283333333333335
6,Module06Chamber1-2018-04-23-19-29-43.mp4,mp4,2018-04-23,19.483333333333334
6,Module06Chamber1-2018-04-23-20-50-30.mp4,mp4,2018-04-23,20.833333333333332
6,Module06Chamber1-2018-04-23-22-08-42.mp4,mp4,2018-04-23,22.133333333333333
6,Module06Chamber1-2018-04-23-23-22-57.mp4,mp4,2018-04-23,23.366666666666667
6,Module06Chamber1_2018_05_03_12_43_14.jpg,jpg,2018-05-03,12.716666666666667
6,Module06Chamber1_2018_05_03_13_48_50.jpg,jpg,2018-05-03,13.8
6,Module06Chamber1-2018-04-24-15-36-23.mp4,mp4,2018-04-24,15.6
6,Module06Chamber1-2018-04-24-16-58-23.mp4,mp4,2018-04-24,16.966666666666665
6,Module06Chamber1-2018-04-24-18-14-04.mp4,mp4,2018-04-24,18.233333333333334
6,Module06Chamber1-2018-04-24-19-34-23.mp4,mp4,2018-04-24,19.566666666666666
6,Module06Chamber1-2018-04-24-20-49-29.mp4,mp4,2018-04-24,20.816666666666666
6,Module06Chamber1-2018-04-24-22-13-04.mp4,mp4,2018-04-24,22.216666666666665
6,Module06Chamber1-2018-04-24-23-28-31.mp4,mp4,2018-04-24,23.466666666666665
6,Module06Chamber1-2018-04-25-00-53-25.mp4,mp4,2018-04-25,0.8833333333333333
6,Module06Chamber1-2018-04-25-02-12-56.mp4,mp4,2018-04-25,2.2
6,Module06Chamber1-2018-04-25-15-42-59.mp4,mp4,2018-04-25,15.7
6,Module06Chamber1-2018-04-25-17-10-15.mp4,mp4,2018-04-25,17.166666666666668
6,Module06Chamber1-2018-04-25-18-35-43.mp4,mp4,2018-04-25,18.583333333333332
6,Module06Chamber1-2018-04-25-20-04-47.mp4,mp4,2018-04-25,20.066666666666666
6,Module06Chamber1-2018-04-25-21-32-49.mp4,mp4,2018-04-25,21.533333333333335
6,Module06Chamber1-2018-04-25-22-59-58.mp4,mp4,2018-04-25,22.983333333333334
6,Module06Chamber1-2018-04-26-00-31-38.mp4,mp4,2018-04-26,0.5166666666666667
6,Module06Chamber1-2018-04-26-02-04-11.mp4,mp4,2018-04-26,2.066666666666667
6,Module06Chamber1-2018-04-26-15-49-15.mp4,mp4,2018-04-26,15.816666666666666
6,Module06Chamber1-2018-04-26-17-27-37.mp4,mp4,2018-04-26,17.45
6,Module06Chamber1-2018-04-26-19-08-17.mp4,mp4,2018-04-26,19.133333333333333
6,Module06Chamber1-2018-04-26-20-43-56.mp4,mp4,2018-04-26,20.716666666666665
6,Module06Chamber1-2018-04-26-22-31-40.mp4,mp4,2018-04-26,22.516666666666666
6,Module06Chamber1_2018_05_03_14_51_59.jpg,jpg,2018-05-03,14.85
6,Module06Chamber1-2018-04-27-01-59-43.mp4,mp4,2018-04-27,1.9833333333333334
6,Module06Chamber1-2018-04-27-15-50-00.mp4,mp4,2018-04-27,15.833333333333334
6,Module06Chamber1-2018-04-27-17-30-14.mp4,mp4,2018-04-27,17.5
6,Module06Chamber1-2018-04-27-19-00-22.mp4,mp4,2018-04-27,19.0
6,Module06Chamber1-2018-04-27-20-36-25.mp4,mp4,2018-04-27,20.6
6,Module06Chamber1-2018-04-27-22-06-38.mp4,mp4,2018-04-27,22.1
6,Module06Chamber1-2018-04-27-23-42-44.mp4,mp4,2018-04-27,23.7
6,Module06Chamber1_2018_05_03_15_55_03.jpg,jpg,2018-05-03,15.916666666666666
6,Module06Chamber1-2018-04-28-02-50-34.mp4,mp4,2018-04-28,2.8333333333333335
6,Module06Chamber1-2018-04-28-15-43-28.mp4,mp4,2018-04-28,15.716666666666667
6,Module06Chamber1-2018-04-28-17-06-08.mp4,mp4,2018-04-28,17.1
6,Module06Chamber1-2018-04-28-18-31-40.mp4,mp4,2018-04-28,18.516666666666666
6,Module06Chamber1-2018-04-28-19-58-09.mp4,mp4,2018-04-28,19.966666666666665
6,Module06Chamber1-2018-04-28-21-24-00.mp4,mp4,2018-04-28,21.4
6,Module06Chamber1-2018-04-28-22-53-36.mp4,mp4,2018-04-28,22.883333333333333
6,Module06Chamber1-2018-04-29-00-19-43.mp4,mp4,2018-04-29,0.31666666666666665
6,Module06Chamber1-2018-04-29-01-41-19.mp4,mp4,2018-04-29,1.6833333333333333
6,Module06Chamber1-2018-04-29-15-39-22.mp4,mp4,2018-04-29,15.65
6,Module06Chamber1-2018-04-29-17-10-38.mp4,mp4,2018-04-29,17.166666666666668
6,Module06Chamber1-2018-04-29-18-31-06.mp4,mp4,2018-04-29,18.516666666666666
6,Module06Chamber1-2018-04-29-19-57-43.mp4,mp4,2018-04-29,19.95
6,Module06Chamber1-2018-04-29-21-26-51.mp4,mp4,2018-04-29,21.433333333333334
6,Module06Chamber1-2018-04-29-22-52-26.mp4,mp4,2018-04-29,22.866666666666667
6,Module06Chamber1-2018-04-30-00-21-35.mp4,mp4,2018-04-30,0.35
6,Module06Chamber1-2018-04-30-01-49-04.mp4,mp4,2018-04-30,1.8166666666666667
6,Module06Chamber1-2018-05-02-08-15-12.mp4,mp4,2018-05-02,8.25
6,Module06Chamber1-2018-05-02-09-18-56.mp4,mp4,2018-05-02,9.3
6,Module06Chamber1-2018-05-02-10-22-22.mp4,mp4,2018-05-02,10.366666666666667
6,Module06Chamber1-2018-05-02-11-27-14.mp4,mp4,2018-05-02,11.45
6,Module06Chamber1-2018-05-02-12-28-33.mp4,mp4,2018-05-02,12.466666666666667
6,Module06Chamber1-2018-05-02-13-32-47.mp4,mp4,2018-05-02,13.533333333333333
6,Module06Chamber1-2018-05-02-14-40-09.mp4,mp4,2018-05-02,14.666666666666666
6,Module06Chamber1-2018-05-02-15-44-22.mp4,mp4,2018-05-02,15.733333333333333
6,Module06Chamber1-2018-05-02-16-48-23.mp4,mp4,2018-05-02,16.8
6,Module06Chamber1-2018-05-02-17-53-03.mp4,mp4,2018-05-02,17.883333333333333
6,Module06Chamber1-2018-05-02-18-56-40.mp4,mp4,2018-05-02,18.933333333333334
6,Module06Chamber1-2018-05-03-08-45-57.mp4,mp4,2018-05-03,8.75
6,Module06Chamber1-2018-05-03-10-29-49.mp4,mp4,2018-05-03,10.483333333333333
6,Module06Chamber1-2018-05-03-11-42-57.mp4,mp4,2018-05-03,11.7
6,Module06Chamber1-2018-05-03-12-43-14.mp4,mp4,2018-05-03,12.716666666666667
6,Module06Chamber1-2018-05-03-13-48-50.mp4,mp4,2018-05-03,13.8
6,Module06Chamber1-2018-05-03-14-51-59.mp4,mp4,2018-05-03,14.85
6,Module06Chamber1-2018-05-03-15-55-03.mp4,mp4,2018-05-03,15.916666666666666
6,Module06Chamber1-2018-05-03-16-58-00.mp4,mp4,2018-05-03,16.966666666666665
6,Module06Chamber1-2018-05-03-18-00-46.mp4,mp4,2018-05-03,18.0
6,Module06Chamber1-2018-05-03-19-03-36.mp4,mp4,2018-05-03,19.05
6,Module06Chamber1_2018_05_03_16_58_00.jpg,jpg,2018-05-03,16.966666666666665
6,Module06Chamber1_2018_05_03_18_00_46.jpg,jpg,2018-05-03,18.0
6,Module06Chamber1_2018_05_03_19_03_36.jpg,jpg,2018-05-03,19.05
7,Module07Chamber1-2018-04-08-00-26-58.mp4,mp4,2018-04-08,0.43333333333333335
7,Module07Chamber1-2018-04-09-00-42-17.mp4,mp4,2018-04-09,0.7
7,Module07Chamber1-2018-04-09-20-50-54.mp4,mp4,2018-04-09,20.833333333333332
7,Module07Chamber1-2018-04-10-20-52-54.mp4,mp4,2018-04-10,20.866666666666667
7,Module07Chamber1-2018-04-14-00-47-32.mp4,mp4,2018-04-14,0.7833333333333333
7,Module07Chamber1-2018-04-16-00-29-20.mp4,mp4,2018-04-16,0.48333333333333334
7,Module07Chamber1-2018-04-18-01-08-44.mp4,mp4,2018-04-18,1.1333333333333333
7,Module07Chamber1-2018-04-24-00-51-31.mp4,mp4,2018-04-24,0.85
7,Module07Chamber1-2018-04-27-00-24-50.mp4,mp4,2018-04-27,0.4
7,Module07Chamber1-2018-04-28-01-21-01.mp4,mp4,2018-04-28,1.35
7,Module07Chamber1_2018_04_06_11_44_36.jpg,jpg,2018-04-06,11.733333333333333
7,Module07Chamber1_2018_04_06_12_44_15.jpg,jpg,2018-04-06,12.733333333333333
7,Module07Chamber1_2018_04_06_15_44_40.jpg,jpg,2018-04-06,15.733333333333333
7,Module07Chamber1_2018_04_06_16_57_49.jpg,jpg,2018-04-06,16.95
7,Module07Chamber1_2018_04_06_18_24_40.jpg,jpg,2018-04-06,18.4
7,Module07Chamber1_2018_04_06_19_52_02.jpg,jpg,2018-04-06,19.866666666666667
7,Module07Chamber1_2018_04_06_21_20_25.jpg,jpg,2018-04-06,21.333333333333332
7,Module07Chamber1_2018_04_06_22_44_34.jpg,jpg,2018-04-06,22.733333333333334
7,Module07Chamber1_2018_04_07_12_05_23.jpg,jpg,2018-04-07,12.083333333333334
7,Module07Chamber1_2018_04_07_13_31_41.jpg,jpg,2018-04-07,13.516666666666667
7,Module07Chamber1_2018_04_07_15_00_19.jpg,jpg,2018-04-07,15.0
7,Module07Chamber1_2018_04_07_16_24_01.jpg,jpg,2018-04-07,16.4
7,Module07Chamber1_2018_04_07_19_20_08.jpg,jpg,2018-04-07,19.333333333333332
7,Module07Chamber1_2018_04_07_20_19_15.jpg,jpg,2018-04-07,20.316666666666666
7,Module07Chamber1_2018_04_07_21_40_17.jpg,jpg,2018-04-07,21.666666666666668
7,Module07Chamber1_2018_04_07_23_04_25.jpg,jpg,2018-04-07,23.066666666666666
7,Module07Chamber1_2018_04_08_00_26_58.jpg,jpg,2018-04-08,0.43333333333333335
7,Module07Chamber1_2018_04_08_13_37_21.jpg,jpg,2018-04-08,13.616666666666667
7,Module07Chamber1_2018_04_08_15_08_09.jpg,jpg,2018-04-08,15.133333333333333
7,Module07Chamber1_2018_04_08_16_30_11.jpg,jpg,2018-04-08,16.5
7,Module07Chamber1_2018_04_08_17_34_42.jpg,jpg,2018-04-08,17.566666666666666
7,Module07Chamber1_2018_04_08_19_01_27.jpg,jpg,2018-04-08,19.016666666666666
7,Module07Chamber1_2018_04_08_20_22_53.jpg,jpg,2018-04-08,20.366666666666667
7,Module07Chamber1_2018_04_08_21_51_14.jpg,jpg,2018-04-08,21.85
7,Module07Chamber1_2018_04_08_23_18_09.jpg,jpg,2018-04-08,23.3
7,Module07Chamber1_2018_04_09_00_42_17.jpg,jpg,2018-04-09,0.7
7,Module07Chamber1_2018_04_09_13_46_47.jpg,jpg,2018-04-09,13.766666666666667
7,Module07Chamber1_2018_04_09_15_09_20.jpg,jpg,2018-04-09,15.15
7,Module07Chamber1_2018_04_09_16_37_26.jpg,jpg,2018-04-09,16.616666666666667
7,Module07Chamber1_2018_04_09_18_04_34.jpg,jpg,2018-04-09,18.066666666666666
7,Module07Chamber1_2018_04_09_19_24_36.jpg,jpg,2018-04-09,19.4
7,Module07Chamber1_2018_04_09_20_50_54.jpg,jpg,2018-04-09,20.833333333333332
7,Module07Chamber1_2018_04_09_22_11_24.jpg,jpg,2018-04-09,22.183333333333334
7,Module07Chamber1_2018_04_09_23_33_12.jpg,jpg,2018-04-09,23.55
7,Module07Chamber1_2018_04_10_13_42_39.jpg,jpg,2018-04-10,13.7
7,Module07Chamber1_2018_04_10_15_13_05.jpg,jpg,2018-04-10,15.216666666666667
7,Module07Chamber1_2018_04_10_16_36_39.jpg,jpg,2018-04-10,16.6
7,Module07Chamber1_2018_04_10_18_02_13.jpg,jpg,2018-04-10,18.033333333333335
7,Module07Chamber1_2018_04_10_19_27_09.jpg,jpg,2018-04-10,19.45
7,Module07Chamber1_2018_04_10_20_52_54.jpg,jpg,2018-04-10,20.866666666666667
7,Module07Chamber1_2018_04_10_22_19_14.jpg,jpg,2018-04-10,22.316666666666666
7,Module07Chamber1_2018_04_10_23_43_50.jpg,jpg,2018-04-10,23.716666666666665
7,Module07Chamber1_2018_04_11_14_38_25.jpg,jpg,2018-04-11,14.633333333333333
7,Module07Chamber1_2018_04_11_15_37_47.jpg,jpg,2018-04-11,15.616666666666667
7,Module07Chamber1_2018_04_11_16_50_41.jpg,jpg,2018-04-11,16.833333333333332
7,Module07Chamber1_2018_04_11_17_46_57.jpg,jpg,2018-04-11,17.766666666666666
7,Module07Chamber1_2018_04_11_19_17_10.jpg,jpg,2018-04-11,19.283333333333335
7,Module07Chamber1_2018_04_11_20_40_39.jpg,jpg,2018-04-11,20.666666666666668
7,Module07Chamber1_2018_04_11_22_02_17.jpg,jpg,2018-04-11,22.033333333333335
7,Module07Chamber1_2018_04_11_23_30_11.jpg,jpg,2018-04-11,23.5
7,Module07Chamber1_2018_04_12_00_55_46.jpg,jpg,2018-04-12,0.9166666666666666
7,Module07Chamber1_2018_04_12_14_55_55.jpg,jpg,2018-04-12,14.916666666666666
7,Module07Chamber1_2018_04_12_16_17_57.jpg,jpg,2018-04-12,16.283333333333335
7,Module07Chamber1_2018_04_12_17_41_02.jpg,jpg,2018-04-12,17.683333333333334
7,Module07Chamber1_2018_04_12_19_06_49.jpg,jpg,2018-04-12,19.1
7,Module07Chamber1_2018_04_12_20_30_27.jpg,jpg,2018-04-12,20.5
7,Module07Chamber1_2018_04_12_21_54_55.jpg,jpg,2018-04-12,21.9
7,Module07Chamber1_2018_04_12_23_20_24.jpg,jpg,2018-04-12,23.333333333333332
7,Module07Chamber1_2018_04_13_00_44_08.jpg,jpg,2018-04-13,0.7333333333333333
7,Module07Chamber1_2018_04_13_14_55_14.jpg,jpg,2018-04-13,14.916666666666666
7,Module07Chamber1_2018_04_13_16_20_47.jpg,jpg,2018-04-13,16.333333333333332
7,Module07Chamber1_2018_04_13_17_43_56.jpg,jpg,2018-04-13,17.716666666666665
7,Module07Chamber1_2018_04_13_19_10_02.jpg,jpg,2018-04-13,19.166666666666668
7,Module07Chamber1_2018_04_13_20_33_21.jpg,jpg,2018-04-13,20.55
7,Module07Chamber1_2018_04_13_21_58_40.jpg,jpg,2018-04-13,21.966666666666665
7,Module07Chamber1_2018_04_13_23_23_05.jpg,jpg,2018-04-13,23.383333333333333
7,Module07Chamber1_2018_04_14_00_47_32.jpg,jpg,2018-04-14,0.7833333333333333
7,Module07Chamber1_2018_04_14_14_55_49.jpg,jpg,2018-04-14,14.916666666666666
7,Module07Chamber1_2018_04_14_16_17_59.jpg,jpg,2018-04-14,16.283333333333335
7,Module07Chamber1_2018_04_14_17_42_08.jpg,jpg,2018-04-14,17.7
7,Module07Chamber1_2018_04_14_19_10_31.jpg,jpg,2018-04-14,19.166666666666668
7,Module07Chamber1_2018_04_14_20_36_03.jpg,jpg,2018-04-14,20.6
7,Module07Chamber1_2018_04_14_22_04_55.jpg,jpg,2018-04-14,22.066666666666666
7,Module07Chamber1_2018_04_14_23_33_02.jpg,jpg,2018-04-14,23.55
7,Module07Chamber1_2018_04_15_01_04_52.jpg,jpg,2018-04-15,1.0666666666666667
7,Module07Chamber1_2018_04_15_14_56_00.jpg,jpg,2018-04-15,14.933333333333334
7,Module07Chamber1_2018_04_15_16_32_15.jpg,jpg,2018-04-15,16.533333333333335
7,Module07Chamber1_2018_04_15_18_01_57.jpg,jpg,2018-04-15,18.016666666666666
7,Module07Chamber1_2018_04_15_19_40_40.jpg,jpg,2018-04-15,19.666666666666668
7,Module07Chamber1_2018_04_15_21_18_18.jpg,jpg,2018-04-15,21.3
7,Module07Chamber1_2018_04_15_22_49_38.jpg,jpg,2018-04-15,22.816666666666666
7,Module07Chamber1_2018_04_16_00_29_20.jpg,jpg,2018-04-16,0.48333333333333334
7,Module07Chamber1_2018_04_16_15_57_07.jpg,jpg,2018-04-16,15.95
7,Module07Chamber1_2018_04_16_17_15_38.jpg,jpg,2018-04-16,17.25
7,Module07Chamber1_2018_04_16_18_58_01.jpg,jpg,2018-04-16,18.966666666666665
7,Module07Chamber1_2018_04_16_20_37_47.jpg,jpg,2018-04-16,20.616666666666667
7,Module07Chamber1_2018_04_16_22_19_39.jpg,jpg,2018-04-16,22.316666666666666
7,Module07Chamber1_2018_04_16_23_53_40.jpg,jpg,2018-04-16,23.883333333333333
7,Module07Chamber1_2018_04_17_01_37_41.jpg,jpg,2018-04-17,1.6166666666666667
7,Module07Chamber1_2018_04_17_15_15_30.jpg,jpg,2018-04-17,15.25
7,Module07Chamber1_2018_04_17_16_50_26.jpg,jpg,2018-04-17,16.833333333333332
7,Module07Chamber1_2018_04_17_18_28_36.jpg,jpg,2018-04-17,18.466666666666665
7,Module07Chamber1_2018_04_17_20_03_48.jpg,jpg,2018-04-17,20.05
7,Module07Chamber1_2018_04_17_21_43_10.jpg,jpg,2018-04-17,21.716666666666665
7,Module07Chamber1_2018_04_17_23_25_25.jpg,jpg,2018-04-17,23.416666666666668
7,Module07Chamber1_2018_04_18_01_08_44.jpg,jpg,2018-04-18,1.1333333333333333
7,Module07Chamber1_2018_04_18_15_11_02.jpg,jpg,2018-04-18,15.183333333333334
7,Module07Chamber1_2018_04_18_16_33_54.jpg,jpg,2018-04-18,16.55
7,Module07Chamber1_2018_04_18_18_03_33.jpg,jpg,2018-04-18,18.05
7,Module07Chamber1_2018_04_18_19_31_14.jpg,jpg,2018-04-18,19.516666666666666
7,Module07Chamber1_2018_04_18_21_00_31.jpg,jpg,2018-04-18,21.0
7,Module07Chamber1_2018_04_18_22_33_07.jpg,jpg,2018-04-18,22.55
7,Module07Chamber1_2018_04_18_23_57_47.jpg,jpg,2018-04-18,23.95
7,Module07Chamber1_2018_04_19_01_25_57.jpg,jpg,2018-04-19,1.4166666666666667
7,Module07Chamber1_2018_04_19_15_10_45.jpg,jpg,2018-04-19,15.166666666666666
7,Module07Chamber1_2018_04_19_16_37_21.jpg,jpg,2018-04-19,16.616666666666667
7,Module07Chamber1_2018_04_19_18_06_32.jpg,jpg,2018-04-19,18.1
7,Module07Chamber1_2018_04_19_19_33_49.jpg,jpg,2018-04-19,19.55
7,Module07Chamber1_2018_04_19_20_58_31.jpg,jpg,2018-04-19,20.966666666666665
7,Module07Chamber1_2018_04_19_22_29_49.jpg,jpg,2018-04-19,22.483333333333334
7,Module07Chamber1_2018_04_19_23_54_38.jpg,jpg,2018-04-19,23.9
7,Module07Chamber1_2018_04_20_01_22_40.jpg,jpg,2018-04-20,1.3666666666666667
7,Module07Chamber1_2018_04_20_15_10_41.jpg,jpg,2018-04-20,15.166666666666666
7,Module07Chamber1_2018_04_20_16_37_10.jpg,jpg,2018-04-20,16.616666666666667
7,Module07Chamber1_2018_04_20_18_05_36.jpg,jpg,2018-04-20,18.083333333333332
7,Module07Chamber1_2018_04_20_19_28_25.jpg,jpg,2018-04-20,19.466666666666665
7,Module07Chamber1_2018_04_20_20_56_33.jpg,jpg,2018-04-20,20.933333333333334
7,Module07Chamber1_2018_04_20_22_24_06.jpg,jpg,2018-04-20,22.4
7,Module07Chamber1_2018_04_20_23_55_33.jpg,jpg,2018-04-20,23.916666666666668
7,Module07Chamber1_2018_04_21_01_23_23.jpg,jpg,2018-04-21,1.3833333333333333
7,Module07Chamber1_2018_04_21_15_10_22.jpg,jpg,2018-04-21,15.166666666666666
7,Module07Chamber1_2018_04_21_16_36_22.jpg,jpg,2018-04-21,16.6
7,Module07Chamber1_2018_04_21_18_05_00.jpg,jpg,2018-04-21,18.083333333333332
7,Module07Chamber1_2018_04_21_19_31_22.jpg,jpg,2018-04-21,19.516666666666666
7,Module07Chamber1_2018_04_21_20_59_22.jpg,jpg,2018-04-21,20.983333333333334
7,Module07Chamber1_2018_04_21_22_26_50.jpg,jpg,2018-04-21,22.433333333333334
7,Module07Chamber1_2018_04_21_23_54_22.jpg,jpg,2018-04-21,23.9
7,Module07Chamber1_2018_04_22_01_21_55.jpg,jpg,2018-04-22,1.35
7,Module07Chamber1_2018_04_22_15_48_16.jpg,jpg,2018-04-22,15.8
7,Module07Chamber1_2018_04_22_17_08_26.jpg,jpg,2018-04-22,17.133333333333333
7,Module07Chamber1_2018_04_22_18_23_36.jpg,jpg,2018-04-22,18.383333333333333
7,Module07Chamber1_2018_04_22_19_45_35.jpg,jpg,2018-04-22,19.75
7,Module07Chamber1_2018_04_22_21_05_22.jpg,jpg,2018-04-22,21.083333333333332
7,Module07Chamber1_2018_04_22_22_24_03.jpg,jpg,2018-04-22,22.4
7,Module07Chamber1_2018_04_22_23_42_12.jpg,jpg,2018-04-22,23.7
7,Module07Chamber1_2018_04_23_01_01_17.jpg,jpg,2018-04-23,1.0166666666666666
7,Module07Chamber1_2018_04_23_02_19_45.jpg,jpg,2018-04-23,2.3166666666666664
7,Module07Chamber1_2018_04_23_15_47_19.jpg,jpg,2018-04-23,15.783333333333333
7,Module07Chamber1_2018_04_23_17_06_32.jpg,jpg,2018-04-23,17.1
7,Module07Chamber1_2018_04_23_18_23_39.jpg,jpg,2018-04-23,18.383333333333333
7,Module07Chamber1_2018_04_23_19_36_20.jpg,jpg,2018-04-23,19.6
7,Module07Chamber1_2018_04_23_20_58_00.jpg,jpg,2018-04-23,20.966666666666665
7,Module07Chamber1_2018_04_23_22_16_15.jpg,jpg,2018-04-23,22.266666666666666
7,Module07Chamber1_2018_04_23_23_29_13.jpg,jpg,2018-04-23,23.483333333333334
7,Module07Chamber1_2018_04_24_00_51_31.jpg,jpg,2018-04-24,0.85
7,Module07Chamber1_2018_04_24_02_10_09.jpg,jpg,2018-04-24,2.1666666666666665
7,Module07Chamber1_2018_04_24_15_43_19.jpg,jpg,2018-04-24,15.716666666666667
7,Module07Chamber1_2018_04_24_17_05_51.jpg,jpg,2018-04-24,17.083333333333332
7,Module07Chamber1_2018_04_24_19_41_36.jpg,jpg,2018-04-24,19.683333333333334
7,Module07Chamber1_2018_04_24_20_56_49.jpg,jpg,2018-04-24,20.933333333333334
7,Module07Chamber1_2018_04_24_22_19_55.jpg,jpg,2018-04-24,22.316666666666666
7,Module07Chamber1_2018_04_24_23_35_25.jpg,jpg,2018-04-24,23.583333333333332
7,Module07Chamber1_2018_04_25_01_01_09.jpg,jpg,2018-04-25,1.0166666666666666
7,Module07Chamber1_2018_04_25_02_20_06.jpg,jpg,2018-04-25,2.3333333333333335
7,Module07Chamber1_2018_04_25_15_51_12.jpg,jpg,2018-04-25,15.85
7,Module07Chamber1_2018_04_25_17_18_13.jpg,jpg,2018-04-25,17.3
7,Module07Chamber1_2018_04_25_18_43_53.jpg,jpg,2018-04-25,18.716666666666665
7,Module07Chamber1_2018_04_25_20_13_16.jpg,jpg,2018-04-25,20.216666666666665
7,Module07Chamber1_2018_04_25_21_41_03.jpg,jpg,2018-04-25,21.683333333333334
7,Module07Chamber1_2018_04_25_23_08_35.jpg,jpg,2018-04-25,23.133333333333333
7,Module07Chamber1_2018_04_26_00_39_42.jpg,jpg,2018-04-26,0.65
7,Module07Chamber1_2018_04_26_02_12_57.jpg,jpg,2018-04-26,2.2
7,Module07Chamber1_2018_04_26_15_58_37.jpg,jpg,2018-04-26,15.966666666666667
7,Module07Chamber1_2018_04_26_17_36_19.jpg,jpg,2018-04-26,17.6
7,Module07Chamber1_2018_04_26_19_17_48.jpg,jpg,2018-04-26,19.283333333333335
7,Module07Chamber1_2018_04_26_20_53_23.jpg,jpg,2018-04-26,20.883333333333333
7,Module07Chamber1_2018_04_26_22_41_03.jpg,jpg,2018-04-26,22.683333333333334
7,Module07Chamber1_2018_04_27_00_24_50.jpg,jpg,2018-04-27,0.4
7,Module07Chamber1_2018_04_27_02_09_52.jpg,jpg,2018-04-27,2.15
7,Module07Chamber1_2018_04_27_15_59_35.jpg,jpg,2018-04-27,15.983333333333333
7,Module07Chamber1_2018_04_27_17_38_40.jpg,jpg,2018-04-27,17.633333333333333
7,Module07Chamber1_2018_04_27_19_09_01.jpg,jpg,2018-04-27,19.15
7,Module07Chamber1_2018_04_27_20_45_03.jpg,jpg,2018-04-27,20.75
7,Module07Chamber1_2018_04_27_22_15_14.jpg,jpg,2018-04-27,22.25
7,Module07Chamber1_2018_04_27_23_51_37.jpg,jpg,2018-04-27,23.85
7,Module07Chamber1_2018_04_28_01_21_01.jpg,jpg,2018-04-28,1.35
7,Module07Chamber1_2018_04_28_02_59_39.jpg,jpg,2018-04-28,2.9833333333333334
7,Module07Chamber1_2018_04_28_15_51_36.jpg,jpg,2018-04-28,15.85
7,Module07Chamber1_2018_04_28_17_14_14.jpg,jpg,2018-04-28,17.233333333333334
7,Module07Chamber1_2018_04_28_18_39_08.jpg,jpg,2018-04-28,18.65
7,Module07Chamber1_2018_04_28_20_06_13.jpg,jpg,2018-04-28,20.1
7,Module07Chamber1_2018_04_28_21_31_06.jpg,jpg,2018-04-28,21.516666666666666
7,Module07Chamber1_2018_04_28_23_01_43.jpg,jpg,2018-04-28,23.016666666666666
7,Module07Chamber1_2018_04_29_00_26_46.jpg,jpg,2018-04-29,0.43333333333333335
7,Module07Chamber1_2018_04_29_01_49_10.jpg,jpg,2018-04-29,1.8166666666666667
7,Module07Chamber1_2018_04_29_15_47_03.jpg,jpg,2018-04-29,15.783333333333333
7,Module07Chamber1_2018_04_29_17_18_26.jpg,jpg,2018-04-29,17.3
7,Module07Chamber1_2018_04_29_18_38_31.jpg,jpg,2018-04-29,18.633333333333333
7,Module07Chamber1_2018_04_29_20_05_41.jpg,jpg,2018-04-29,20.083333333333332
7,Module07Chamber1_2018_04_29_21_34_17.jpg,jpg,2018-04-29,21.566666666666666
7,Module07Chamber1_2018_04_29_23_00_31.jpg,jpg,2018-04-29,23.0
7,Module07Chamber1_2018_04_30_00_28_53.jpg,jpg,2018-04-30,0.4666666666666667
7,Module07Chamber1_2018_04_30_01_56_30.jpg,jpg,2018-04-30,1.9333333333333333
7,Module07Chamber1_2018_05_02_08_19_02.jpg,jpg,2018-05-02,8.316666666666666
7,Module07Chamber1_2018_05_02_09_22_46.jpg,jpg,2018-05-02,9.366666666666667
7,Module07Chamber1_2018_05_02_10_28_25.jpg,jpg,2018-05-02,10.466666666666667
7,Module07Chamber1_2018_05_02_11_33_14.jpg,jpg,2018-05-02,11.55
7,Module07Chamber1_2018_05_02_12_34_18.jpg,jpg,2018-05-02,12.566666666666666
7,Module07Chamber1-2018-04-06-11-44-36.mp4,mp4,2018-04-06,11.733333333333333
7,Module07Chamber1-2018-04-06-12-44-15.mp4,mp4,2018-04-06,12.733333333333333
7,Module07Chamber1-2018-04-06-15-44-40.mp4,mp4,2018-04-06,15.733333333333333
7,Module07Chamber1-2018-04-06-16-57-49.mp4,mp4,2018-04-06,16.95
7,Module07Chamber1-2018-04-06-18-24-40.mp4,mp4,2018-04-06,18.4
7,._Module07Chamber1-2018-04-06-18-24-40.mp4,mp4,2018-04-06,18.4
7,._Module07Chamber1-2018-04-06-18-24-40.mp4,mp4,2018-04-06,18.4
7,Module07Chamber1-2018-04-06-19-52-02.mp4,mp4,2018-04-06,19.866666666666667
7,Module07Chamber1-2018-04-06-21-20-25.mp4,mp4,2018-04-06,21.333333333333332
7,Module07Chamber1-2018-04-06-22-44-34.mp4,mp4,2018-04-06,22.733333333333334
7,Module07Chamber1-2018-04-07-12-05-23.mp4,mp4,2018-04-07,12.083333333333334
7,Module07Chamber1-2018-04-07-13-31-41.mp4,mp4,2018-04-07,13.516666666666667
7,Module07Chamber1-2018-04-07-15-00-19.mp4,mp4,2018-04-07,15.0
7,Module07Chamber1-2018-04-07-16-24-01.mp4,mp4,2018-04-07,16.4
7,Module07Chamber1-2018-04-07-19-20-08.mp4,mp4,2018-04-07,19.333333333333332
7,Module07Chamber1-2018-04-07-20-19-15.mp4,mp4,2018-04-07,20.316666666666666
7,Module07Chamber1-2018-04-07-21-40-17.mp4,mp4,2018-04-07,21.666666666666668
7,Module07Chamber1-2018-04-07-23-04-25.mp4,mp4,2018-04-07,23.066666666666666
7,Module07Chamber1_2018_05_02_13_38_24.jpg,jpg,2018-05-02,13.633333333333333
7,Module07Chamber1-2018-04-08-13-37-21.mp4,mp4,2018-04-08,13.616666666666667
7,Module07Chamber1-2018-04-08-15-08-09.mp4,mp4,2018-04-08,15.133333333333333
7,Module07Chamber1-2018-04-08-16-30-11.mp4,mp4,2018-04-08,16.5
7,Module07Chamber1-2018-04-08-17-34-42.mp4,mp4,2018-04-08,17.566666666666666
7,Module07Chamber1-2018-04-08-19-01-27.mp4,mp4,2018-04-08,19.016666666666666
7,Module07Chamber1-2018-04-08-20-22-53.mp4,mp4,2018-04-08,20.366666666666667
7,Module07Chamber1-2018-04-08-21-51-14.mp4,mp4,2018-04-08,21.85
7,Module07Chamber1-2018-04-08-23-18-09.mp4,mp4,2018-04-08,23.3
7,Module07Chamber1_2018_05_02_14_46_02.jpg,jpg,2018-05-02,14.766666666666667
7,Module07Chamber1-2018-04-09-13-46-47.mp4,mp4,2018-04-09,13.766666666666667
7,Module07Chamber1-2018-04-09-15-09-20.mp4,mp4,2018-04-09,15.15
7,Module07Chamber1-2018-04-09-16-37-26.mp4,mp4,2018-04-09,16.616666666666667
7,Module07Chamber1-2018-04-09-18-04-34.mp4,mp4,2018-04-09,18.066666666666666
7,Module07Chamber1-2018-04-09-19-24-36.mp4,mp4,2018-04-09,19.4
7,Module07Chamber1_2018_05_02_15_50_15.jpg,jpg,2018-05-02,15.833333333333334
7,Module07Chamber1-2018-04-09-22-11-24.mp4,mp4,2018-04-09,22.183333333333334
7,Module07Chamber1-2018-04-09-23-33-12.mp4,mp4,2018-04-09,23.55
7,Module07Chamber1-2018-04-10-13-42-39.mp4,mp4,2018-04-10,13.7
7,Module07Chamber1-2018-04-10-15-13-05.mp4,mp4,2018-04-10,15.216666666666667
7,Module07Chamber1-2018-04-10-16-36-39.mp4,mp4,2018-04-10,16.6
7,Module07Chamber1-2018-04-10-18-02-13.mp4,mp4,2018-04-10,18.033333333333335
7,Module07Chamber1-2018-04-10-19-27-09.mp4,mp4,2018-04-10,19.45
7,Module07Chamber1_2018_05_02_16_54_16.jpg,jpg,2018-05-02,16.9
7,Module07Chamber1-2018-04-10-22-19-14.mp4,mp4,2018-04-10,22.316666666666666
7,Module07Chamber1-2018-04-10-23-43-50.mp4,mp4,2018-04-10,23.716666666666665
7,Module07Chamber1-2018-04-11-14-38-25.mp4,mp4,2018-04-11,14.633333333333333
7,Module07Chamber1-2018-04-11-15-37-47.mp4,mp4,2018-04-11,15.616666666666667
7,Module07Chamber1-2018-04-11-16-50-41.mp4,mp4,2018-04-11,16.833333333333332
7,Module07Chamber1-2018-04-11-17-46-57.mp4,mp4,2018-04-11,17.766666666666666
7,Module07Chamber1-2018-04-11-19-17-10.mp4,mp4,2018-04-11,19.283333333333335
7,Module07Chamber1-2018-04-11-20-40-39.mp4,mp4,2018-04-11,20.666666666666668
7,Module07Chamber1-2018-04-11-22-02-17.mp4,mp4,2018-04-11,22.033333333333335
7,Module07Chamber1-2018-04-11-23-30-11.mp4,mp4,2018-04-11,23.5
7,Module07Chamber1-2018-04-12-00-55-46.mp4,mp4,2018-04-12,0.9166666666666666
7,Module07Chamber1-2018-04-12-14-55-55.mp4,mp4,2018-04-12,14.916666666666666
7,Module07Chamber1-2018-04-12-16-17-57.mp4,mp4,2018-04-12,16.283333333333335
7,Module07Chamber1-2018-04-12-17-41-02.mp4,mp4,2018-04-12,17.683333333333334
7,Module07Chamber1-2018-04-12-19-06-49.mp4,mp4,2018-04-12,19.1
7,Module07Chamber1-2018-04-12-20-30-27.mp4,mp4,2018-04-12,20.5
7,Module07Chamber1-2018-04-12-21-54-55.mp4,mp4,2018-04-12,21.9
7,Module07Chamber1-2018-04-12-23-20-24.mp4,mp4,2018-04-12,23.333333333333332
7,._Module07Chamber1-2018-04-12-23-20-24.mp4,mp4,2018-04-12,23.333333333333332
7,._Module07Chamber1-2018-04-12-23-20-24.mp4,mp4,2018-04-12,23.333333333333332
7,Module07Chamber1-2018-04-13-00-44-08.mp4,mp4,2018-04-13,0.7333333333333333
7,Module07Chamber1-2018-04-13-14-55-14.mp4,mp4,2018-04-13,14.916666666666666
7,Module07Chamber1-2018-04-13-16-20-47.mp4,mp4,2018-04-13,16.333333333333332
7,Module07Chamber1-2018-04-13-17-43-56.mp4,mp4,2018-04-13,17.716666666666665
7,Module07Chamber1-2018-04-13-19-10-02.mp4,mp4,2018-04-13,19.166666666666668
7,Module07Chamber1-2018-04-13-20-33-21.mp4,mp4,2018-04-13,20.55
7,Module07Chamber1-2018-04-13-21-58-40.mp4,mp4,2018-04-13,21.966666666666665
7,Module07Chamber1-2018-04-13-23-23-05.mp4,mp4,2018-04-13,23.383333333333333
7,Module07Chamber1_2018_05_02_17_58_50.jpg,jpg,2018-05-02,17.966666666666665
7,Module07Chamber1-2018-04-14-14-55-49.mp4,mp4,2018-04-14,14.916666666666666
7,Module07Chamber1-2018-04-14-16-17-59.mp4,mp4,2018-04-14,16.283333333333335
7,Module07Chamber1-2018-04-14-17-42-08.mp4,mp4,2018-04-14,17.7
7,Module07Chamber1-2018-04-14-19-10-31.mp4,mp4,2018-04-14,19.166666666666668
7,Module07Chamber1-2018-04-14-20-36-03.mp4,mp4,2018-04-14,20.6
7,Module07Chamber1-2018-04-14-22-04-55.mp4,mp4,2018-04-14,22.066666666666666
7,Module07Chamber1-2018-04-14-23-33-02.mp4,mp4,2018-04-14,23.55
7,Module07Chamber1-2018-04-15-01-04-52.mp4,mp4,2018-04-15,1.0666666666666667
7,Module07Chamber1-2018-04-15-14-56-00.mp4,mp4,2018-04-15,14.933333333333334
7,Module07Chamber1-2018-04-15-16-32-15.mp4,mp4,2018-04-15,16.533333333333335
7,Module07Chamber1-2018-04-15-18-01-57.mp4,mp4,2018-04-15,18.016666666666666
7,Module07Chamber1-2018-04-15-19-40-40.mp4,mp4,2018-04-15,19.666666666666668
7,Module07Chamber1-2018-04-15-21-18-18.mp4,mp4,2018-04-15,21.3
7,Module07Chamber1-2018-04-15-22-49-38.mp4,mp4,2018-04-15,22.816666666666666
7,Module07Chamber1_2018_05_02_19_02_41.jpg,jpg,2018-05-02,19.033333333333335
7,Module07Chamber1-2018-04-16-15-57-07.mp4,mp4,2018-04-16,15.95
7,Module07Chamber1-2018-04-16-17-15-38.mp4,mp4,2018-04-16,17.25
7,Module07Chamber1-2018-04-16-18-58-01.mp4,mp4,2018-04-16,18.966666666666665
7,Module07Chamber1-2018-04-16-20-37-47.mp4,mp4,2018-04-16,20.616666666666667
7,Module07Chamber1-2018-04-16-22-19-39.mp4,mp4,2018-04-16,22.316666666666666
7,Module07Chamber1-2018-04-16-23-53-40.mp4,mp4,2018-04-16,23.883333333333333
7,Module07Chamber1-2018-04-17-01-37-41.mp4,mp4,2018-04-17,1.6166666666666667
7,Module07Chamber1-2018-04-17-15-15-30.mp4,mp4,2018-04-17,15.25
7,Module07Chamber1-2018-04-17-16-50-26.mp4,mp4,2018-04-17,16.833333333333332
7,Module07Chamber1-2018-04-17-18-28-36.mp4,mp4,2018-04-17,18.466666666666665
7,Module07Chamber1-2018-04-17-20-03-48.mp4,mp4,2018-04-17,20.05
7,Module07Chamber1-2018-04-17-21-43-10.mp4,mp4,2018-04-17,21.716666666666665
7,Module07Chamber1-2018-04-17-23-25-25.mp4,mp4,2018-04-17,23.416666666666668
7,Module07Chamber1_2018_05_03_08_55_15.jpg,jpg,2018-05-03,8.916666666666666
7,Module07Chamber1-2018-04-18-15-11-02.mp4,mp4,2018-04-18,15.183333333333334
7,Module07Chamber1-2018-04-18-16-33-54.mp4,mp4,2018-04-18,16.55
7,Module07Chamber1-2018-04-18-18-03-33.mp4,mp4,2018-04-18,18.05
7,Module07Chamber1-2018-04-18-19-31-14.mp4,mp4,2018-04-18,19.516666666666666
7,Module07Chamber1-2018-04-18-21-00-31.mp4,mp4,2018-04-18,21.0
7,Module07Chamber1-2018-04-18-22-33-07.mp4,mp4,2018-04-18,22.55
7,Module07Chamber1-2018-04-18-23-57-47.mp4,mp4,2018-04-18,23.95
7,Module07Chamber1-2018-04-19-01-25-57.mp4,mp4,2018-04-19,1.4166666666666667
7,Module07Chamber1-2018-04-19-15-10-45.mp4,mp4,2018-04-19,15.166666666666666
7,Module07Chamber1-2018-04-19-16-37-21.mp4,mp4,2018-04-19,16.616666666666667
7,Module07Chamber1-2018-04-19-18-06-32.mp4,mp4,2018-04-19,18.1
7,Module07Chamber1-2018-04-19-19-33-49.mp4,mp4,2018-04-19,19.55
7,Module07Chamber1-2018-04-19-20-58-31.mp4,mp4,2018-04-19,20.966666666666665
7,Module07Chamber1-2018-04-19-22-29-49.mp4,mp4,2018-04-19,22.483333333333334
7,Module07Chamber1-2018-04-19-23-54-38.mp4,mp4,2018-04-19,23.9
7,Module07Chamber1-2018-04-20-01-22-40.mp4,mp4,2018-04-20,1.3666666666666667
7,Module07Chamber1-2018-04-20-15-10-41.mp4,mp4,2018-04-20,15.166666666666666
7,Module07Chamber1-2018-04-20-16-37-10.mp4,mp4,2018-04-20,16.616666666666667
7,Module07Chamber1-2018-04-20-18-05-36.mp4,mp4,2018-04-20,18.083333333333332
7,Module07Chamber1-2018-04-20-19-28-25.mp4,mp4,2018-04-20,19.466666666666665
7,Module07Chamber1-2018-04-20-20-56-33.mp4,mp4,2018-04-20,20.933333333333334
7,Module07Chamber1-2018-04-20-22-24-06.mp4,mp4,2018-04-20,22.4
7,Module07Chamber1-2018-04-20-23-55-33.mp4,mp4,2018-04-20,23.916666666666668
7,Module07Chamber1-2018-04-21-01-23-23.mp4,mp4,2018-04-21,1.3833333333333333
7,Module07Chamber1-2018-04-21-15-10-22.mp4,mp4,2018-04-21,15.166666666666666
7,Module07Chamber1-2018-04-21-16-36-22.mp4,mp4,2018-04-21,16.6
7,Module07Chamber1-2018-04-21-18-05-00.mp4,mp4,2018-04-21,18.083333333333332
7,Module07Chamber1-2018-04-21-19-31-22.mp4,mp4,2018-04-21,19.516666666666666
7,Module07Chamber1-2018-04-21-20-59-22.mp4,mp4,2018-04-21,20.983333333333334
7,Module07Chamber1-2018-04-21-22-26-50.mp4,mp4,2018-04-21,22.433333333333334
7,Module07Chamber1-2018-04-21-23-54-22.mp4,mp4,2018-04-21,23.9
7,Module07Chamber1-2018-04-22-01-21-55.mp4,mp4,2018-04-22,1.35
7,Module07Chamber1-2018-04-22-15-48-16.mp4,mp4,2018-04-22,15.8
7,Module07Chamber1-2018-04-22-17-08-26.mp4,mp4,2018-04-22,17.133333333333333
7,Module07Chamber1-2018-04-22-18-23-36.mp4,mp4,2018-04-22,18.383333333333333
7,Module07Chamber1-2018-04-22-19-45-35.mp4,mp4,2018-04-22,19.75
7,Module07Chamber1-2018-04-22-21-05-22.mp4,mp4,2018-04-22,21.083333333333332
7,Module07Chamber1-2018-04-22-22-24-03.mp4,mp4,2018-04-22,22.4
7,._Module07Chamber1-2018-04-22-22-24-03.mp4,mp4,2018-04-22,22.4
7,._Module07Chamber1-2018-04-22-22-24-03.mp4,mp4,2018-04-22,22.4
7,Module07Chamber1-2018-04-22-23-42-12.mp4,mp4,2018-04-22,23.7
7,Module07Chamber1-2018-04-23-01-01-17.mp4,mp4,2018-04-23,1.0166666666666666
7,Module07Chamber1-2018-04-23-02-19-45.mp4,mp4,2018-04-23,2.3166666666666664
7,Module07Chamber1-2018-04-23-15-47-19.mp4,mp4,2018-04-23,15.783333333333333
7,Module07Chamber1-2018-04-23-17-06-32.mp4,mp4,2018-04-23,17.1
7,Module07Chamber1-2018-04-23-18-23-39.mp4,mp4,2018-04-23,18.383333333333333
7,Module07Chamber1-2018-04-23-19-36-20.mp4,mp4,2018-04-23,19.6
7,Module07Chamber1-2018-04-23-20-58-00.mp4,mp4,2018-04-23,20.966666666666665
7,Module07Chamber1-2018-04-23-22-16-15.mp4,mp4,2018-04-23,22.266666666666666
7,Module07Chamber1-2018-04-23-23-29-13.mp4,mp4,2018-04-23,23.483333333333334
7,Module07Chamber1_2018_05_03_10_39_19.jpg,jpg,2018-05-03,10.65
7,Module07Chamber1-2018-04-24-02-10-09.mp4,mp4,2018-04-24,2.1666666666666665
7,Module07Chamber1-2018-04-24-15-43-19.mp4,mp4,2018-04-24,15.716666666666667
7,Module07Chamber1-2018-04-24-17-05-51.mp4,mp4,2018-04-24,17.083333333333332
7,Module07Chamber1-2018-04-24-19-41-36.mp4,mp4,2018-04-24,19.683333333333334
7,Module07Chamber1-2018-04-24-20-56-49.mp4,mp4,2018-04-24,20.933333333333334
7,Module07Chamber1-2018-04-24-22-19-55.mp4,mp4,2018-04-24,22.316666666666666
7,Module07Chamber1-2018-04-24-23-35-25.mp4,mp4,2018-04-24,23.583333333333332
7,Module07Chamber1-2018-04-25-01-01-09.mp4,mp4,2018-04-25,1.0166666666666666
7,Module07Chamber1-2018-04-25-02-20-06.mp4,mp4,2018-04-25,2.3333333333333335
7,Module07Chamber1-2018-04-25-15-51-12.mp4,mp4,2018-04-25,15.85
7,Module07Chamber1-2018-04-25-17-18-13.mp4,mp4,2018-04-25,17.3
7,Module07Chamber1-2018-04-25-18-43-53.mp4,mp4,2018-04-25,18.716666666666665
7,Module07Chamber1-2018-04-25-20-13-16.mp4,mp4,2018-04-25,20.216666666666665
7,Module07Chamber1-2018-04-25-21-41-03.mp4,mp4,2018-04-25,21.683333333333334
7,Module07Chamber1-2018-04-25-23-08-35.mp4,mp4,2018-04-25,23.133333333333333
7,Module07Chamber1-2018-04-26-00-39-42.mp4,mp4,2018-04-26,0.65
7,Module07Chamber1-2018-04-26-02-12-57.mp4,mp4,2018-04-26,2.2
7,Module07Chamber1-2018-04-26-15-58-37.mp4,mp4,2018-04-26,15.966666666666667
7,Module07Chamber1-2018-04-26-17-36-19.mp4,mp4,2018-04-26,17.6
7,Module07Chamber1-2018-04-26-19-17-48.mp4,mp4,2018-04-26,19.283333333333335
7,Module07Chamber1-2018-04-26-20-53-23.mp4,mp4,2018-04-26,20.883333333333333
7,Module07Chamber1-2018-04-26-22-41-03.mp4,mp4,2018-04-26,22.683333333333334
7,Module07Chamber1_2018_05_03_11_48_43.jpg,jpg,2018-05-03,11.8
7,Module07Chamber1-2018-04-27-02-09-52.mp4,mp4,2018-04-27,2.15
7,Module07Chamber1-2018-04-27-15-59-35.mp4,mp4,2018-04-27,15.983333333333333
7,Module07Chamber1-2018-04-27-17-38-40.mp4,mp4,2018-04-27,17.633333333333333
7,Module07Chamber1-2018-04-27-19-09-01.mp4,mp4,2018-04-27,19.15
7,Module07Chamber1-2018-04-27-20-45-03.mp4,mp4,2018-04-27,20.75
7,Module07Chamber1-2018-04-27-22-15-14.mp4,mp4,2018-04-27,22.25
7,Module07Chamber1-2018-04-27-23-51-37.mp4,mp4,2018-04-27,23.85
7,Module07Chamber1_2018_05_03_12_48_52.jpg,jpg,2018-05-03,12.8
7,Module07Chamber1-2018-04-28-02-59-39.mp4,mp4,2018-04-28,2.9833333333333334
7,Module07Chamber1-2018-04-28-15-51-36.mp4,mp4,2018-04-28,15.85
7,Module07Chamber1-2018-04-28-17-14-14.mp4,mp4,2018-04-28,17.233333333333334
7,Module07Chamber1-2018-04-28-18-39-08.mp4,mp4,2018-04-28,18.65
7,Module07Chamber1-2018-04-28-20-06-13.mp4,mp4,2018-04-28,20.1
7,Module07Chamber1-2018-04-28-21-31-06.mp4,mp4,2018-04-28,21.516666666666666
7,Module07Chamber1-2018-04-28-23-01-43.mp4,mp4,2018-04-28,23.016666666666666
7,Module07Chamber1-2018-04-29-00-26-46.mp4,mp4,2018-04-29,0.43333333333333335
7,Module07Chamber1-2018-04-29-01-49-10.mp4,mp4,2018-04-29,1.8166666666666667
7,Module07Chamber1-2018-04-29-15-47-03.mp4,mp4,2018-04-29,15.783333333333333
7,Module07Chamber1-2018-04-29-17-18-26.mp4,mp4,2018-04-29,17.3
7,Module07Chamber1-2018-04-29-18-38-31.mp4,mp4,2018-04-29,18.633333333333333
7,Module07Chamber1-2018-04-29-20-05-41.mp4,mp4,2018-04-29,20.083333333333332
7,Module07Chamber1-2018-04-29-21-34-17.mp4,mp4,2018-04-29,21.566666666666666
7,Module07Chamber1-2018-04-29-23-00-31.mp4,mp4,2018-04-29,23.0
7,Module07Chamber1-2018-04-30-00-28-53.mp4,mp4,2018-04-30,0.4666666666666667
7,Module07Chamber1-2018-04-30-01-56-30.mp4,mp4,2018-04-30,1.9333333333333333
7,Module07Chamber1-2018-05-02-08-19-02.mp4,mp4,2018-05-02,8.316666666666666
7,Module07Chamber1-2018-05-02-09-22-46.mp4,mp4,2018-05-02,9.366666666666667
7,Module07Chamber1-2018-05-02-10-28-25.mp4,mp4,2018-05-02,10.466666666666667
7,Module07Chamber1-2018-05-02-11-33-14.mp4,mp4,2018-05-02,11.55
7,Module07Chamber1-2018-05-02-12-34-18.mp4,mp4,2018-05-02,12.566666666666666
7,Module07Chamber1-2018-05-02-13-38-24.mp4,mp4,2018-05-02,13.633333333333333
7,Module07Chamber1-2018-05-02-14-46-02.mp4,mp4,2018-05-02,14.766666666666667
7,Module07Chamber1-2018-05-02-15-50-15.mp4,mp4,2018-05-02,15.833333333333334
7,Module07Chamber1-2018-05-02-16-54-16.mp4,mp4,2018-05-02,16.9
7,Module07Chamber1-2018-05-02-17-58-50.mp4,mp4,2018-05-02,17.966666666666665
7,Module07Chamber1-2018-05-02-19-02-41.mp4,mp4,2018-05-02,19.033333333333335
7,Module07Chamber1-2018-05-03-08-55-15.mp4,mp4,2018-05-03,8.916666666666666
7,Module07Chamber1-2018-05-03-10-39-19.mp4,mp4,2018-05-03,10.65
7,Module07Chamber1-2018-05-03-11-48-43.mp4,mp4,2018-05-03,11.8
7,Module07Chamber1-2018-05-03-12-48-52.mp4,mp4,2018-05-03,12.8
7,Module07Chamber1-2018-05-03-13-54-37.mp4,mp4,2018-05-03,13.9
7,Module07Chamber1-2018-05-03-14-57-45.mp4,mp4,2018-05-03,14.95
7,Module07Chamber1-2018-05-03-16-00-42.mp4,mp4,2018-05-03,16.0
7,Module07Chamber1-2018-05-03-17-03-47.mp4,mp4,2018-05-03,17.05
7,Module07Chamber1-2018-05-03-18-06-32.mp4,mp4,2018-05-03,18.1
7,Module07Chamber1-2018-05-03-19-09-22.mp4,mp4,2018-05-03,19.15
7,Module07Chamber1_2018_05_03_13_54_37.jpg,jpg,2018-05-03,13.9
7,Module07Chamber1_2018_05_03_14_57_45.jpg,jpg,2018-05-03,14.95
7,Module07Chamber1_2018_05_03_16_00_42.jpg,jpg,2018-05-03,16.0
7,Module07Chamber1_2018_05_03_17_03_47.jpg,jpg,2018-05-03,17.05
7,Module07Chamber1_2018_05_03_18_06_32.jpg,jpg,2018-05-03,18.1
7,Module07Chamber1_2018_05_03_19_09_22.jpg,jpg,2018-05-03,19.15
8,Module08Chamber1-2018-04-08-00-33-22.mp4,mp4,2018-04-08,0.55
8,Module08Chamber1-2018-04-09-00-50-29.mp4,mp4,2018-04-09,0.8333333333333334
8,Module08Chamber1-2018-04-09-20-58-53.mp4,mp4,2018-04-09,20.966666666666665
8,Module08Chamber1-2018-04-10-19-34-27.mp4,mp4,2018-04-10,19.566666666666666
8,Module08Chamber1-2018-04-14-00-55-50.mp4,mp4,2018-04-14,0.9166666666666666
8,Module08Chamber1-2018-04-22-00-02-52.mp4,mp4,2018-04-22,0.03333333333333333
8,Module08Chamber1-2018-04-24-00-59-02.mp4,mp4,2018-04-24,0.9833333333333333
8,Module08Chamber1-2018-04-28-00-00-42.mp4,mp4,2018-04-28,0.0
8,Module08Chamber1_2018_04_06_11_51_25.jpg,jpg,2018-04-06,11.85
8,Module08Chamber1_2018_04_06_12_51_09.jpg,jpg,2018-04-06,12.85
8,Module08Chamber1_2018_04_06_15_49_40.jpg,jpg,2018-04-06,15.816666666666666
8,Module08Chamber1_2018_04_06_17_02_49.jpg,jpg,2018-04-06,17.033333333333335
8,Module08Chamber1_2018_04_06_18_31_29.jpg,jpg,2018-04-06,18.516666666666666
8,Module08Chamber1_2018_04_06_19_59_42.jpg,jpg,2018-04-06,19.983333333333334
8,Module08Chamber1_2018_04_06_21_26_57.jpg,jpg,2018-04-06,21.433333333333334
8,Module08Chamber1_2018_04_06_22_49_34.jpg,jpg,2018-04-06,22.816666666666666
8,Module08Chamber1_2018_04_07_12_13_00.jpg,jpg,2018-04-07,12.216666666666667
8,Module08Chamber1_2018_04_07_13_38_44.jpg,jpg,2018-04-07,13.633333333333333
8,Module08Chamber1_2018_04_07_15_08_00.jpg,jpg,2018-04-07,15.133333333333333
8,Module08Chamber1_2018_04_07_16_30_55.jpg,jpg,2018-04-07,16.5
8,Module08Chamber1_2018_04_07_19_24_22.jpg,jpg,2018-04-07,19.4
8,Module08Chamber1_2018_04_07_20_24_44.jpg,jpg,2018-04-07,20.4
8,Module08Chamber1_2018_04_07_21_47_19.jpg,jpg,2018-04-07,21.783333333333335
8,Module08Chamber1_2018_04_07_23_11_50.jpg,jpg,2018-04-07,23.183333333333334
8,Module08Chamber1_2018_04_08_00_33_22.jpg,jpg,2018-04-08,0.55
8,Module08Chamber1_2018_04_08_13_44_39.jpg,jpg,2018-04-08,13.733333333333333
8,Module08Chamber1_2018_04_08_15_15_51.jpg,jpg,2018-04-08,15.25
8,Module08Chamber1_2018_04_08_16_35_10.jpg,jpg,2018-04-08,16.583333333333332
8,Module08Chamber1_2018_04_08_17_42_31.jpg,jpg,2018-04-08,17.7
8,Module08Chamber1_2018_04_08_19_09_39.jpg,jpg,2018-04-08,19.15
8,Module08Chamber1_2018_04_08_20_30_03.jpg,jpg,2018-04-08,20.5
8,Module08Chamber1_2018_04_08_21_59_25.jpg,jpg,2018-04-08,21.983333333333334
8,Module08Chamber1_2018_04_08_23_25_04.jpg,jpg,2018-04-08,23.416666666666668
8,Module08Chamber1_2018_04_09_00_50_29.jpg,jpg,2018-04-09,0.8333333333333334
8,Module08Chamber1_2018_04_09_13_54_59.jpg,jpg,2018-04-09,13.9
8,Module08Chamber1_2018_04_09_15_17_28.jpg,jpg,2018-04-09,15.283333333333333
8,Module08Chamber1_2018_04_09_16_45_24.jpg,jpg,2018-04-09,16.75
8,Module08Chamber1_2018_04_09_18_12_46.jpg,jpg,2018-04-09,18.2
8,Module08Chamber1_2018_04_09_19_31_40.jpg,jpg,2018-04-09,19.516666666666666
8,Module08Chamber1_2018_04_09_20_58_53.jpg,jpg,2018-04-09,20.966666666666665
8,Module08Chamber1_2018_04_09_22_18_58.jpg,jpg,2018-04-09,22.3
8,Module08Chamber1_2018_04_09_23_40_46.jpg,jpg,2018-04-09,23.666666666666668
8,Module08Chamber1_2018_04_10_13_50_55.jpg,jpg,2018-04-10,13.833333333333334
8,Module08Chamber1_2018_04_10_15_20_25.jpg,jpg,2018-04-10,15.333333333333334
8,Module08Chamber1_2018_04_10_16_44_27.jpg,jpg,2018-04-10,16.733333333333334
8,Module08Chamber1_2018_04_10_19_34_27.jpg,jpg,2018-04-10,19.566666666666666
8,Module08Chamber1_2018_04_10_21_01_07.jpg,jpg,2018-04-10,21.016666666666666
8,Module08Chamber1_2018_04_10_22_26_16.jpg,jpg,2018-04-10,22.433333333333334
8,Module08Chamber1_2018_04_10_23_51_54.jpg,jpg,2018-04-10,23.85
8,Module08Chamber1_2018_04_11_14_43_39.jpg,jpg,2018-04-11,14.716666666666667
8,Module08Chamber1_2018_04_11_15_42_45.jpg,jpg,2018-04-11,15.7
8,Module08Chamber1_2018_04_11_16_55_56.jpg,jpg,2018-04-11,16.916666666666668
8,Module08Chamber1_2018_04_11_17_55_10.jpg,jpg,2018-04-11,17.916666666666668
8,Module08Chamber1_2018_04_11_19_23_58.jpg,jpg,2018-04-11,19.383333333333333
8,Module08Chamber1_2018_04_11_20_48_43.jpg,jpg,2018-04-11,20.8
8,Module08Chamber1_2018_04_11_22_10_30.jpg,jpg,2018-04-11,22.166666666666668
8,Module08Chamber1_2018_04_11_23_37_46.jpg,jpg,2018-04-11,23.616666666666667
8,Module08Chamber1_2018_04_12_01_03_58.jpg,jpg,2018-04-12,1.05
8,Module08Chamber1_2018_04_12_15_04_00.jpg,jpg,2018-04-12,15.066666666666666
8,Module08Chamber1_2018_04_12_16_24_43.jpg,jpg,2018-04-12,16.4
8,Module08Chamber1_2018_04_12_17_49_05.jpg,jpg,2018-04-12,17.816666666666666
8,Module08Chamber1_2018_04_12_19_15_01.jpg,jpg,2018-04-12,19.25
8,Module08Chamber1_2018_04_12_20_38_00.jpg,jpg,2018-04-12,20.633333333333333
8,Module08Chamber1_2018_04_12_22_03_10.jpg,jpg,2018-04-12,22.05
8,Module08Chamber1_2018_04_12_23_27_25.jpg,jpg,2018-04-12,23.45
8,Module08Chamber1_2018_04_13_00_52_12.jpg,jpg,2018-04-13,0.8666666666666667
8,Module08Chamber1_2018_04_13_15_03_25.jpg,jpg,2018-04-13,15.05
8,Module08Chamber1_2018_04_13_16_27_40.jpg,jpg,2018-04-13,16.45
8,Module08Chamber1_2018_04_13_17_52_01.jpg,jpg,2018-04-13,17.866666666666667
8,Module08Chamber1_2018_04_13_19_18_01.jpg,jpg,2018-04-13,19.3
8,Module08Chamber1_2018_04_13_20_41_09.jpg,jpg,2018-04-13,20.683333333333334
8,Module08Chamber1_2018_04_13_22_06_42.jpg,jpg,2018-04-13,22.1
8,Module08Chamber1_2018_04_13_23_30_08.jpg,jpg,2018-04-13,23.5
8,Module08Chamber1_2018_04_14_00_55_50.jpg,jpg,2018-04-14,0.9166666666666666
8,Module08Chamber1_2018_04_14_15_04_02.jpg,jpg,2018-04-14,15.066666666666666
8,Module08Chamber1_2018_04_14_16_24_54.jpg,jpg,2018-04-14,16.4
8,Module08Chamber1_2018_04_14_17_50_36.jpg,jpg,2018-04-14,17.833333333333332
8,Module08Chamber1_2018_04_14_19_18_44.jpg,jpg,2018-04-14,19.3
8,Module08Chamber1_2018_04_14_20_43_59.jpg,jpg,2018-04-14,20.716666666666665
8,Module08Chamber1_2018_04_14_22_13_27.jpg,jpg,2018-04-14,22.216666666666665
8,Module08Chamber1_2018_04_14_23_41_21.jpg,jpg,2018-04-14,23.683333333333334
8,Module08Chamber1_2018_04_15_01_13_44.jpg,jpg,2018-04-15,1.2166666666666668
8,Module08Chamber1_2018_04_15_15_04_51.jpg,jpg,2018-04-15,15.066666666666666
8,Module08Chamber1_2018_04_15_16_40_34.jpg,jpg,2018-04-15,16.666666666666668
8,Module08Chamber1_2018_04_15_18_11_03.jpg,jpg,2018-04-15,18.183333333333334
8,Module08Chamber1_2018_04_15_19_49_38.jpg,jpg,2018-04-15,19.816666666666666
8,Module08Chamber1_2018_04_15_21_25_58.jpg,jpg,2018-04-15,21.416666666666668
8,Module08Chamber1_2018_04_15_22_59_07.jpg,jpg,2018-04-15,22.983333333333334
8,Module08Chamber1_2018_04_16_00_38_13.jpg,jpg,2018-04-16,0.6333333333333333
8,Module08Chamber1_2018_04_16_16_03_24.jpg,jpg,2018-04-16,16.05
8,Module08Chamber1_2018_04_16_17_24_05.jpg,jpg,2018-04-16,17.4
8,Module08Chamber1_2018_04_16_19_07_46.jpg,jpg,2018-04-16,19.116666666666667
8,Module08Chamber1_2018_04_16_20_47_07.jpg,jpg,2018-04-16,20.783333333333335
8,Module08Chamber1_2018_04_16_22_27_51.jpg,jpg,2018-04-16,22.45
8,Module08Chamber1_2018_04_17_01_46_51.jpg,jpg,2018-04-17,1.7666666666666666
8,Module08Chamber1_2018_04_17_15_23_30.jpg,jpg,2018-04-17,15.383333333333333
8,Module08Chamber1_2018_04_17_16_59_43.jpg,jpg,2018-04-17,16.983333333333334
8,Module08Chamber1_2018_04_17_18_37_26.jpg,jpg,2018-04-17,18.616666666666667
8,Module08Chamber1_2018_04_17_20_13_27.jpg,jpg,2018-04-17,20.216666666666665
8,Module08Chamber1_2018_04_17_21_52_54.jpg,jpg,2018-04-17,21.866666666666667
8,Module08Chamber1_2018_04_17_23_34_11.jpg,jpg,2018-04-17,23.566666666666666
8,Module08Chamber1_2018_04_18_01_18_24.jpg,jpg,2018-04-18,1.3
8,Module08Chamber1_2018_04_18_15_19_08.jpg,jpg,2018-04-18,15.316666666666666
8,Module08Chamber1_2018_04_18_16_42_05.jpg,jpg,2018-04-18,16.7
8,Module08Chamber1_2018_04_18_18_12_10.jpg,jpg,2018-04-18,18.2
8,Module08Chamber1_2018_04_18_19_39_19.jpg,jpg,2018-04-18,19.65
8,Module08Chamber1_2018_04_18_21_09_13.jpg,jpg,2018-04-18,21.15
8,Module08Chamber1_2018_04_18_22_41_10.jpg,jpg,2018-04-18,22.683333333333334
8,Module08Chamber1_2018_04_19_00_06_23.jpg,jpg,2018-04-19,0.1
8,Module08Chamber1_2018_04_19_01_33_37.jpg,jpg,2018-04-19,1.55
8,Module08Chamber1_2018_04_19_15_18_40.jpg,jpg,2018-04-19,15.3
8,Module08Chamber1_2018_04_19_16_45_34.jpg,jpg,2018-04-19,16.75
8,Module08Chamber1_2018_04_19_18_15_06.jpg,jpg,2018-04-19,18.25
8,Module08Chamber1_2018_04_19_19_41_52.jpg,jpg,2018-04-19,19.683333333333334
8,Module08Chamber1_2018_04_19_21_07_06.jpg,jpg,2018-04-19,21.116666666666667
8,Module08Chamber1_2018_04_19_22_37_38.jpg,jpg,2018-04-19,22.616666666666667
8,Module08Chamber1_2018_04_20_00_03_05.jpg,jpg,2018-04-20,0.05
8,Module08Chamber1_2018_04_20_01_30_07.jpg,jpg,2018-04-20,1.5
8,Module08Chamber1_2018_04_20_15_18_46.jpg,jpg,2018-04-20,15.3
8,Module08Chamber1_2018_04_20_16_45_14.jpg,jpg,2018-04-20,16.75
8,Module08Chamber1_2018_04_20_18_14_11.jpg,jpg,2018-04-20,18.233333333333334
8,Module08Chamber1_2018_04_20_19_36_08.jpg,jpg,2018-04-20,19.6
8,Module08Chamber1_2018_04_20_21_05_09.jpg,jpg,2018-04-20,21.083333333333332
8,Module08Chamber1_2018_04_20_22_31_39.jpg,jpg,2018-04-20,22.516666666666666
8,Module08Chamber1_2018_04_21_00_04_09.jpg,jpg,2018-04-21,0.06666666666666667
8,Module08Chamber1_2018_04_21_01_30_41.jpg,jpg,2018-04-21,1.5
8,Module08Chamber1_2018_04_21_15_18_27.jpg,jpg,2018-04-21,15.3
8,Module08Chamber1_2018_04_21_16_44_20.jpg,jpg,2018-04-21,16.733333333333334
8,Module08Chamber1_2018_04_21_18_13_35.jpg,jpg,2018-04-21,18.216666666666665
8,Module08Chamber1_2018_04_21_19_39_10.jpg,jpg,2018-04-21,19.65
8,Module08Chamber1_2018_04_21_21_07_58.jpg,jpg,2018-04-21,21.116666666666667
8,Module08Chamber1_2018_04_21_22_34_30.jpg,jpg,2018-04-21,22.566666666666666
8,Module08Chamber1_2018_04_22_00_02_52.jpg,jpg,2018-04-22,0.03333333333333333
8,Module08Chamber1_2018_04_22_01_29_05.jpg,jpg,2018-04-22,1.4833333333333334
8,Module08Chamber1_2018_04_22_15_55_51.jpg,jpg,2018-04-22,15.916666666666666
8,Module08Chamber1_2018_04_22_17_16_15.jpg,jpg,2018-04-22,17.266666666666666
8,Module08Chamber1_2018_04_22_18_30_16.jpg,jpg,2018-04-22,18.5
8,Module08Chamber1_2018_04_22_19_53_08.jpg,jpg,2018-04-22,19.883333333333333
8,Module08Chamber1_2018_04_22_21_12_54.jpg,jpg,2018-04-22,21.2
8,Module08Chamber1_2018_04_22_22_30_51.jpg,jpg,2018-04-22,22.5
8,Module08Chamber1_2018_04_22_23_49_37.jpg,jpg,2018-04-22,23.816666666666666
8,Module08Chamber1_2018_04_23_01_08_55.jpg,jpg,2018-04-23,1.1333333333333333
8,Module08Chamber1_2018_04_23_02_26_18.jpg,jpg,2018-04-23,2.4333333333333336
8,Module08Chamber1_2018_04_23_15_54_44.jpg,jpg,2018-04-23,15.9
8,Module08Chamber1_2018_04_23_17_14_01.jpg,jpg,2018-04-23,17.233333333333334
8,Module08Chamber1_2018_04_23_18_30_10.jpg,jpg,2018-04-23,18.5
8,Module08Chamber1_2018_04_23_19_43_30.jpg,jpg,2018-04-23,19.716666666666665
8,Module08Chamber1_2018_04_23_21_05_24.jpg,jpg,2018-04-23,21.083333333333332
8,Module08Chamber1_2018_04_23_22_22_47.jpg,jpg,2018-04-23,22.366666666666667
8,Module08Chamber1_2018_04_23_23_36_07.jpg,jpg,2018-04-23,23.6
8,Module08Chamber1_2018_04_24_00_59_02.jpg,jpg,2018-04-24,0.9833333333333333
8,Module08Chamber1_2018_04_24_02_17_44.jpg,jpg,2018-04-24,2.283333333333333
8,Module08Chamber1_2018_04_24_15_50_48.jpg,jpg,2018-04-24,15.833333333333334
8,Module08Chamber1_2018_04_24_17_13_20.jpg,jpg,2018-04-24,17.216666666666665
8,Module08Chamber1_2018_04_24_19_49_00.jpg,jpg,2018-04-24,19.816666666666666
8,Module08Chamber1_2018_04_24_21_04_29.jpg,jpg,2018-04-24,21.066666666666666
8,Module08Chamber1_2018_04_24_22_26_34.jpg,jpg,2018-04-24,22.433333333333334
8,Module08Chamber1_2018_04_24_23_42_55.jpg,jpg,2018-04-24,23.7
8,Module08Chamber1_2018_04_25_01_08_59.jpg,jpg,2018-04-25,1.1333333333333333
8,Module08Chamber1_2018_04_25_02_27_01.jpg,jpg,2018-04-25,2.45
8,Module08Chamber1_2018_04_25_15_59_25.jpg,jpg,2018-04-25,15.983333333333333
8,Module08Chamber1_2018_04_25_17_25_11.jpg,jpg,2018-04-25,17.416666666666668
8,Module08Chamber1_2018_04_25_18_52_22.jpg,jpg,2018-04-25,18.866666666666667
8,Module08Chamber1_2018_04_25_20_20_54.jpg,jpg,2018-04-25,20.333333333333332
8,Module08Chamber1_2018_04_25_21_49_29.jpg,jpg,2018-04-25,21.816666666666666
8,Module08Chamber1_2018_04_25_23_17_21.jpg,jpg,2018-04-25,23.283333333333335
8,Module08Chamber1_2018_04_26_00_48_29.jpg,jpg,2018-04-26,0.8
8,Module08Chamber1_2018_04_26_02_21_00.jpg,jpg,2018-04-26,2.35
8,Module08Chamber1_2018_04_26_16_08_04.jpg,jpg,2018-04-26,16.133333333333333
8,Module08Chamber1_2018_04_26_17_45_33.jpg,jpg,2018-04-26,17.75
8,Module08Chamber1_2018_04_26_19_25_59.jpg,jpg,2018-04-26,19.416666666666668
8,Module08Chamber1_2018_04_26_21_03_11.jpg,jpg,2018-04-26,21.05
8,Module08Chamber1_2018_04_26_22_50_57.jpg,jpg,2018-04-26,22.833333333333332
8,Module08Chamber1_2018_04_27_00_33_52.jpg,jpg,2018-04-27,0.55
8,Module08Chamber1_2018_04_27_02_19_30.jpg,jpg,2018-04-27,2.3166666666666664
8,Module08Chamber1_2018_04_27_16_09_27.jpg,jpg,2018-04-27,16.15
8,Module08Chamber1_2018_04_27_17_47_28.jpg,jpg,2018-04-27,17.783333333333335
8,Module08Chamber1_2018_04_27_19_17_53.jpg,jpg,2018-04-27,19.283333333333335
8,Module08Chamber1_2018_04_27_20_54_11.jpg,jpg,2018-04-27,20.9
8,Module08Chamber1_2018_04_27_22_23_02.jpg,jpg,2018-04-27,22.383333333333333
8,Module08Chamber1_2018_04_28_00_00_42.jpg,jpg,2018-04-28,0.0
8,Module08Chamber1_2018_04_28_01_28_45.jpg,jpg,2018-04-28,1.4666666666666668
8,Module08Chamber1_2018_04_28_15_59_54.jpg,jpg,2018-04-28,15.983333333333333
8,Module08Chamber1_2018_04_28_17_21_32.jpg,jpg,2018-04-28,17.35
8,Module08Chamber1_2018_04_28_18_47_12.jpg,jpg,2018-04-28,18.783333333333335
8,Module08Chamber1_2018_04_28_20_14_33.jpg,jpg,2018-04-28,20.233333333333334
8,Module08Chamber1_2018_04_28_21_38_49.jpg,jpg,2018-04-28,21.633333333333333
8,Module08Chamber1_2018_04_28_23_10_02.jpg,jpg,2018-04-28,23.166666666666668
8,Module08Chamber1_2018_04_29_00_34_26.jpg,jpg,2018-04-29,0.5666666666666667
8,Module08Chamber1_2018_04_29_01_57_27.jpg,jpg,2018-04-29,1.95
8,Module08Chamber1_2018_04_29_15_55_20.jpg,jpg,2018-04-29,15.916666666666666
8,Module08Chamber1_2018_04_29_17_25_22.jpg,jpg,2018-04-29,17.416666666666668
8,Module08Chamber1_2018_04_29_18_46_35.jpg,jpg,2018-04-29,18.766666666666666
8,Module08Chamber1_2018_04_29_20_14_00.jpg,jpg,2018-04-29,20.233333333333334
8,Module08Chamber1_2018_04_29_21_42_08.jpg,jpg,2018-04-29,21.7
8,Module08Chamber1_2018_04_29_23_08_59.jpg,jpg,2018-04-29,23.133333333333333
8,Module08Chamber1_2018_04_30_00_37_04.jpg,jpg,2018-04-30,0.6166666666666667
8,Module08Chamber1_2018_04_30_02_04_00.jpg,jpg,2018-04-30,2.066666666666667
8,Module08Chamber1_2018_05_02_08_22_59.jpg,jpg,2018-05-02,8.366666666666667
8,Module08Chamber1_2018_05_02_09_26_43.jpg,jpg,2018-05-02,9.433333333333334
8,Module08Chamber1_2018_05_02_10_34_17.jpg,jpg,2018-05-02,10.566666666666666
8,Module08Chamber1_2018_05_02_11_39_08.jpg,jpg,2018-05-02,11.65
8,Module08Chamber1_2018_05_02_12_40_11.jpg,jpg,2018-05-02,12.666666666666666
8,Module08Chamber1_2018_05_02_13_44_25.jpg,jpg,2018-05-02,13.733333333333333
8,Module08Chamber1_2018_05_02_14_51_48.jpg,jpg,2018-05-02,14.85
8,Module08Chamber1_2018_05_02_15_56_03.jpg,jpg,2018-05-02,15.933333333333334
8,Module08Chamber1_2018_05_02_17_00_17.jpg,jpg,2018-05-02,17.0
8,Module08Chamber1_2018_05_02_19_08_42.jpg,jpg,2018-05-02,19.133333333333333
8,Module08Chamber1_2018_05_03_09_04_42.jpg,jpg,2018-05-03,9.066666666666666
8,Module08Chamber1-2018-04-06-11-51-25.mp4,mp4,2018-04-06,11.85
8,Module08Chamber1-2018-04-06-12-51-09.mp4,mp4,2018-04-06,12.85
8,Module08Chamber1-2018-04-06-15-49-40.mp4,mp4,2018-04-06,15.816666666666666
8,Module08Chamber1-2018-04-06-17-02-49.mp4,mp4,2018-04-06,17.033333333333335
8,Module08Chamber1-2018-04-06-18-31-29.mp4,mp4,2018-04-06,18.516666666666666
8,Module08Chamber1-2018-04-06-19-59-42.mp4,mp4,2018-04-06,19.983333333333334
8,Module08Chamber1-2018-04-06-21-26-57.mp4,mp4,2018-04-06,21.433333333333334
8,Module08Chamber1-2018-04-06-22-49-34.mp4,mp4,2018-04-06,22.816666666666666
8,Module08Chamber1-2018-04-07-12-13-00.mp4,mp4,2018-04-07,12.216666666666667
8,Module08Chamber1-2018-04-07-13-38-44.mp4,mp4,2018-04-07,13.633333333333333
8,Module08Chamber1-2018-04-07-15-08-00.mp4,mp4,2018-04-07,15.133333333333333
8,Module08Chamber1-2018-04-07-16-30-55.mp4,mp4,2018-04-07,16.5
8,Module08Chamber1-2018-04-07-19-24-22.mp4,mp4,2018-04-07,19.4
8,Module08Chamber1-2018-04-07-20-24-44.mp4,mp4,2018-04-07,20.4
8,Module08Chamber1-2018-04-07-21-47-19.mp4,mp4,2018-04-07,21.783333333333335
8,Module08Chamber1-2018-04-07-23-11-50.mp4,mp4,2018-04-07,23.183333333333334
8,Module08Chamber1_2018_05_03_10_48_32.jpg,jpg,2018-05-03,10.8
8,Module08Chamber1-2018-04-08-13-44-39.mp4,mp4,2018-04-08,13.733333333333333
8,Module08Chamber1-2018-04-08-15-15-51.mp4,mp4,2018-04-08,15.25
8,Module08Chamber1-2018-04-08-16-35-10.mp4,mp4,2018-04-08,16.583333333333332
8,Module08Chamber1-2018-04-08-17-42-31.mp4,mp4,2018-04-08,17.7
8,Module08Chamber1-2018-04-08-19-09-39.mp4,mp4,2018-04-08,19.15
8,Module08Chamber1-2018-04-08-20-30-03.mp4,mp4,2018-04-08,20.5
8,Module08Chamber1-2018-04-08-21-59-25.mp4,mp4,2018-04-08,21.983333333333334
8,Module08Chamber1-2018-04-08-23-25-04.mp4,mp4,2018-04-08,23.416666666666668
8,Module08Chamber1_2018_05_03_11_54_21.jpg,jpg,2018-05-03,11.9
8,Module08Chamber1-2018-04-09-13-54-59.mp4,mp4,2018-04-09,13.9
8,Module08Chamber1-2018-04-09-15-17-28.mp4,mp4,2018-04-09,15.283333333333333
8,Module08Chamber1-2018-04-09-16-45-24.mp4,mp4,2018-04-09,16.75
8,Module08Chamber1-2018-04-09-18-12-46.mp4,mp4,2018-04-09,18.2
8,Module08Chamber1-2018-04-09-19-31-40.mp4,mp4,2018-04-09,19.516666666666666
8,Module08Chamber1_2018_05_03_12_54_37.jpg,jpg,2018-05-03,12.9
8,Module08Chamber1-2018-04-09-22-18-58.mp4,mp4,2018-04-09,22.3
8,Module08Chamber1-2018-04-09-23-40-46.mp4,mp4,2018-04-09,23.666666666666668
8,Module08Chamber1-2018-04-10-13-50-55.mp4,mp4,2018-04-10,13.833333333333334
8,Module08Chamber1-2018-04-10-15-20-25.mp4,mp4,2018-04-10,15.333333333333334
8,Module08Chamber1-2018-04-10-16-44-27.mp4,mp4,2018-04-10,16.733333333333334
8,Module08Chamber1_2018_05_03_14_00_23.jpg,jpg,2018-05-03,14.0
8,Module08Chamber1_2018_05_03_15_03_30.jpg,jpg,2018-05-03,15.05
8,Module08Chamber1-2018-04-10-21-01-07.mp4,mp4,2018-04-10,21.016666666666666
8,Module08Chamber1-2018-04-10-22-26-16.mp4,mp4,2018-04-10,22.433333333333334
8,Module08Chamber1-2018-04-10-23-51-54.mp4,mp4,2018-04-10,23.85
8,Module08Chamber1-2018-04-11-14-43-39.mp4,mp4,2018-04-11,14.716666666666667
8,Module08Chamber1-2018-04-11-15-42-45.mp4,mp4,2018-04-11,15.7
8,Module08Chamber1-2018-04-11-16-55-56.mp4,mp4,2018-04-11,16.916666666666668
8,Module08Chamber1-2018-04-11-17-55-10.mp4,mp4,2018-04-11,17.916666666666668
8,Module08Chamber1-2018-04-11-19-23-58.mp4,mp4,2018-04-11,19.383333333333333
8,Module08Chamber1-2018-04-11-20-48-43.mp4,mp4,2018-04-11,20.8
8,Module08Chamber1-2018-04-11-22-10-30.mp4,mp4,2018-04-11,22.166666666666668
8,Module08Chamber1-2018-04-11-23-37-46.mp4,mp4,2018-04-11,23.616666666666667
8,Module08Chamber1-2018-04-12-01-03-58.mp4,mp4,2018-04-12,1.05
8,Module08Chamber1-2018-04-12-15-04-00.mp4,mp4,2018-04-12,15.066666666666666
8,Module08Chamber1-2018-04-12-16-24-43.mp4,mp4,2018-04-12,16.4
8,Module08Chamber1-2018-04-12-17-49-05.mp4,mp4,2018-04-12,17.816666666666666
8,Module08Chamber1-2018-04-12-19-15-01.mp4,mp4,2018-04-12,19.25
8,Module08Chamber1-2018-04-12-20-38-00.mp4,mp4,2018-04-12,20.633333333333333
8,Module08Chamber1-2018-04-12-22-03-10.mp4,mp4,2018-04-12,22.05
8,Module08Chamber1-2018-04-12-23-27-25.mp4,mp4,2018-04-12,23.45
8,Module08Chamber1-2018-04-13-00-52-12.mp4,mp4,2018-04-13,0.8666666666666667
8,Module08Chamber1-2018-04-13-15-03-25.mp4,mp4,2018-04-13,15.05
8,Module08Chamber1-2018-04-13-16-27-40.mp4,mp4,2018-04-13,16.45
8,Module08Chamber1-2018-04-13-17-52-01.mp4,mp4,2018-04-13,17.866666666666667
8,Module08Chamber1-2018-04-13-19-18-01.mp4,mp4,2018-04-13,19.3
8,Module08Chamber1-2018-04-13-20-41-09.mp4,mp4,2018-04-13,20.683333333333334
8,Module08Chamber1-2018-04-13-22-06-42.mp4,mp4,2018-04-13,22.1
8,Module08Chamber1-2018-04-13-23-30-08.mp4,mp4,2018-04-13,23.5
8,Module08Chamber1_2018_05_03_16_06_27.jpg,jpg,2018-05-03,16.1
8,Module08Chamber1-2018-04-14-15-04-02.mp4,mp4,2018-04-14,15.066666666666666
8,Module08Chamber1-2018-04-14-16-24-54.mp4,mp4,2018-04-14,16.4
8,Module08Chamber1-2018-04-14-17-50-36.mp4,mp4,2018-04-14,17.833333333333332
8,Module08Chamber1-2018-04-14-19-18-44.mp4,mp4,2018-04-14,19.3
8,Module08Chamber1-2018-04-14-20-43-59.mp4,mp4,2018-04-14,20.716666666666665
8,Module08Chamber1-2018-04-14-22-13-27.mp4,mp4,2018-04-14,22.216666666666665
8,Module08Chamber1-2018-04-14-23-41-21.mp4,mp4,2018-04-14,23.683333333333334
8,Module08Chamber1-2018-04-15-01-13-44.mp4,mp4,2018-04-15,1.2166666666666668
8,Module08Chamber1-2018-04-15-15-04-51.mp4,mp4,2018-04-15,15.066666666666666
8,Module08Chamber1-2018-04-15-16-40-34.mp4,mp4,2018-04-15,16.666666666666668
8,Module08Chamber1-2018-04-15-18-11-03.mp4,mp4,2018-04-15,18.183333333333334
8,Module08Chamber1-2018-04-15-19-49-38.mp4,mp4,2018-04-15,19.816666666666666
8,Module08Chamber1-2018-04-15-21-25-58.mp4,mp4,2018-04-15,21.416666666666668
8,Module08Chamber1-2018-04-15-22-59-07.mp4,mp4,2018-04-15,22.983333333333334
8,Module08Chamber1-2018-04-16-00-38-13.mp4,mp4,2018-04-16,0.6333333333333333
8,Module08Chamber1-2018-04-16-16-03-24.mp4,mp4,2018-04-16,16.05
8,Module08Chamber1-2018-04-16-17-24-05.mp4,mp4,2018-04-16,17.4
8,Module08Chamber1-2018-04-16-19-07-46.mp4,mp4,2018-04-16,19.116666666666667
8,Module08Chamber1-2018-04-16-20-47-07.mp4,mp4,2018-04-16,20.783333333333335
8,Module08Chamber1-2018-04-16-22-27-51.mp4,mp4,2018-04-16,22.45
8,Module08Chamber1-2018-04-17-01-46-51.mp4,mp4,2018-04-17,1.7666666666666666
8,Module08Chamber1-2018-04-17-15-23-30.mp4,mp4,2018-04-17,15.383333333333333
8,Module08Chamber1-2018-04-17-16-59-43.mp4,mp4,2018-04-17,16.983333333333334
8,Module08Chamber1-2018-04-17-18-37-26.mp4,mp4,2018-04-17,18.616666666666667
8,Module08Chamber1-2018-04-17-20-13-27.mp4,mp4,2018-04-17,20.216666666666665
8,Module08Chamber1-2018-04-17-21-52-54.mp4,mp4,2018-04-17,21.866666666666667
8,Module08Chamber1-2018-04-17-23-34-11.mp4,mp4,2018-04-17,23.566666666666666
8,Module08Chamber1-2018-04-18-01-18-24.mp4,mp4,2018-04-18,1.3
8,Module08Chamber1-2018-04-18-15-19-08.mp4,mp4,2018-04-18,15.316666666666666
8,Module08Chamber1-2018-04-18-16-42-05.mp4,mp4,2018-04-18,16.7
8,Module08Chamber1-2018-04-18-18-12-10.mp4,mp4,2018-04-18,18.2
8,Module08Chamber1-2018-04-18-19-39-19.mp4,mp4,2018-04-18,19.65
8,Module08Chamber1-2018-04-18-21-09-13.mp4,mp4,2018-04-18,21.15
8,Module08Chamber1-2018-04-18-22-41-10.mp4,mp4,2018-04-18,22.683333333333334
8,Module08Chamber1-2018-04-19-00-06-23.mp4,mp4,2018-04-19,0.1
8,Module08Chamber1-2018-04-19-01-33-37.mp4,mp4,2018-04-19,1.55
8,Module08Chamber1-2018-04-19-15-18-40.mp4,mp4,2018-04-19,15.3
8,Module08Chamber1-2018-04-19-16-45-34.mp4,mp4,2018-04-19,16.75
8,Module08Chamber1-2018-04-19-18-15-06.mp4,mp4,2018-04-19,18.25
8,Module08Chamber1-2018-04-19-19-41-52.mp4,mp4,2018-04-19,19.683333333333334
8,Module08Chamber1-2018-04-19-21-07-06.mp4,mp4,2018-04-19,21.116666666666667
8,Module08Chamber1-2018-04-19-22-37-38.mp4,mp4,2018-04-19,22.616666666666667
8,Module08Chamber1-2018-04-20-00-03-05.mp4,mp4,2018-04-20,0.05
8,Module08Chamber1-2018-04-20-01-30-07.mp4,mp4,2018-04-20,1.5
8,Module08Chamber1-2018-04-20-15-18-46.mp4,mp4,2018-04-20,15.3
8,Module08Chamber1-2018-04-20-16-45-14.mp4,mp4,2018-04-20,16.75
8,Module08Chamber1-2018-04-20-18-14-11.mp4,mp4,2018-04-20,18.233333333333334
8,Module08Chamber1-2018-04-20-19-36-08.mp4,mp4,2018-04-20,19.6
8,Module08Chamber1-2018-04-20-21-05-09.mp4,mp4,2018-04-20,21.083333333333332
8,Module08Chamber1-2018-04-20-22-31-39.mp4,mp4,2018-04-20,22.516666666666666
8,Module08Chamber1-2018-04-21-00-04-09.mp4,mp4,2018-04-21,0.06666666666666667
8,Module08Chamber1-2018-04-21-01-30-41.mp4,mp4,2018-04-21,1.5
8,Module08Chamber1-2018-04-21-15-18-27.mp4,mp4,2018-04-21,15.3
8,Module08Chamber1-2018-04-21-16-44-20.mp4,mp4,2018-04-21,16.733333333333334
8,Module08Chamber1-2018-04-21-18-13-35.mp4,mp4,2018-04-21,18.216666666666665
8,Module08Chamber1-2018-04-21-19-39-10.mp4,mp4,2018-04-21,19.65
8,Module08Chamber1-2018-04-21-21-07-58.mp4,mp4,2018-04-21,21.116666666666667
8,Module08Chamber1-2018-04-21-22-34-30.mp4,mp4,2018-04-21,22.566666666666666
8,Module08Chamber1_2018_05_03_17_09_32.jpg,jpg,2018-05-03,17.15
8,Module08Chamber1-2018-04-22-01-29-05.mp4,mp4,2018-04-22,1.4833333333333334
8,Module08Chamber1-2018-04-22-15-55-51.mp4,mp4,2018-04-22,15.916666666666666
8,Module08Chamber1-2018-04-22-17-16-15.mp4,mp4,2018-04-22,17.266666666666666
8,Module08Chamber1-2018-04-22-18-30-16.mp4,mp4,2018-04-22,18.5
8,Module08Chamber1-2018-04-22-19-53-08.mp4,mp4,2018-04-22,19.883333333333333
8,Module08Chamber1-2018-04-22-21-12-54.mp4,mp4,2018-04-22,21.2
8,Module08Chamber1-2018-04-22-22-30-51.mp4,mp4,2018-04-22,22.5
8,Module08Chamber1-2018-04-22-23-49-37.mp4,mp4,2018-04-22,23.816666666666666
8,Module08Chamber1-2018-04-23-01-08-55.mp4,mp4,2018-04-23,1.1333333333333333
8,Module08Chamber1-2018-04-23-02-26-18.mp4,mp4,2018-04-23,2.4333333333333336
8,Module08Chamber1-2018-04-23-15-54-44.mp4,mp4,2018-04-23,15.9
8,Module08Chamber1-2018-04-23-17-14-01.mp4,mp4,2018-04-23,17.233333333333334
8,Module08Chamber1-2018-04-23-18-30-10.mp4,mp4,2018-04-23,18.5
8,Module08Chamber1-2018-04-23-19-43-30.mp4,mp4,2018-04-23,19.716666666666665
8,Module08Chamber1-2018-04-23-21-05-24.mp4,mp4,2018-04-23,21.083333333333332
8,Module08Chamber1-2018-04-23-22-22-47.mp4,mp4,2018-04-23,22.366666666666667
8,Module08Chamber1-2018-04-23-23-36-07.mp4,mp4,2018-04-23,23.6
8,Module08Chamber1_2018_05_03_18_12_19.jpg,jpg,2018-05-03,18.2
8,Module08Chamber1-2018-04-24-02-17-44.mp4,mp4,2018-04-24,2.283333333333333
8,Module08Chamber1-2018-04-24-15-50-48.mp4,mp4,2018-04-24,15.833333333333334
8,Module08Chamber1-2018-04-24-17-13-20.mp4,mp4,2018-04-24,17.216666666666665
8,Module08Chamber1-2018-04-24-19-49-00.mp4,mp4,2018-04-24,19.816666666666666
8,Module08Chamber1-2018-04-24-21-04-29.mp4,mp4,2018-04-24,21.066666666666666
8,Module08Chamber1-2018-04-24-22-26-34.mp4,mp4,2018-04-24,22.433333333333334
8,Module08Chamber1-2018-04-24-23-42-55.mp4,mp4,2018-04-24,23.7
8,Module08Chamber1-2018-04-25-01-08-59.mp4,mp4,2018-04-25,1.1333333333333333
8,Module08Chamber1-2018-04-25-02-27-01.mp4,mp4,2018-04-25,2.45
8,Module08Chamber1-2018-04-25-15-59-25.mp4,mp4,2018-04-25,15.983333333333333
8,Module08Chamber1-2018-04-25-17-25-11.mp4,mp4,2018-04-25,17.416666666666668
8,Module08Chamber1-2018-04-25-18-52-22.mp4,mp4,2018-04-25,18.866666666666667
8,Module08Chamber1-2018-04-25-20-20-54.mp4,mp4,2018-04-25,20.333333333333332
8,Module08Chamber1-2018-04-25-21-49-29.mp4,mp4,2018-04-25,21.816666666666666
8,Module08Chamber1-2018-04-25-23-17-21.mp4,mp4,2018-04-25,23.283333333333335
8,Module08Chamber1-2018-04-26-00-48-29.mp4,mp4,2018-04-26,0.8
8,Module08Chamber1-2018-04-26-02-21-00.mp4,mp4,2018-04-26,2.35
8,Module08Chamber1-2018-04-26-16-08-04.mp4,mp4,2018-04-26,16.133333333333333
8,Module08Chamber1-2018-04-26-17-45-33.mp4,mp4,2018-04-26,17.75
8,Module08Chamber1-2018-04-26-19-25-59.mp4,mp4,2018-04-26,19.416666666666668
8,Module08Chamber1-2018-04-26-21-03-11.mp4,mp4,2018-04-26,21.05
8,Module08Chamber1-2018-04-26-22-50-57.mp4,mp4,2018-04-26,22.833333333333332
8,Module08Chamber1-2018-04-27-00-33-52.mp4,mp4,2018-04-27,0.55
8,Module08Chamber1-2018-04-27-02-19-30.mp4,mp4,2018-04-27,2.3166666666666664
8,Module08Chamber1-2018-04-27-16-09-27.mp4,mp4,2018-04-27,16.15
8,Module08Chamber1-2018-04-27-17-47-28.mp4,mp4,2018-04-27,17.783333333333335
8,Module08Chamber1-2018-04-27-19-17-53.mp4,mp4,2018-04-27,19.283333333333335
8,Module08Chamber1-2018-04-27-20-54-11.mp4,mp4,2018-04-27,20.9
8,Module08Chamber1-2018-04-27-22-23-02.mp4,mp4,2018-04-27,22.383333333333333
8,Module08Chamber1_2018_05_03_19_15_06.jpg,jpg,2018-05-03,19.25
8,Module08Chamber1-2018-04-28-01-28-45.mp4,mp4,2018-04-28,1.4666666666666668
8,Module08Chamber1-2018-04-28-15-59-54.mp4,mp4,2018-04-28,15.983333333333333
8,Module08Chamber1-2018-04-28-17-21-32.mp4,mp4,2018-04-28,17.35
8,Module08Chamber1-2018-04-28-18-47-12.mp4,mp4,2018-04-28,18.783333333333335
8,Module08Chamber1-2018-04-28-20-14-33.mp4,mp4,2018-04-28,20.233333333333334
8,Module08Chamber1-2018-04-28-21-38-49.mp4,mp4,2018-04-28,21.633333333333333
8,Module08Chamber1-2018-04-28-23-10-02.mp4,mp4,2018-04-28,23.166666666666668
8,Module08Chamber1-2018-04-29-00-34-26.mp4,mp4,2018-04-29,0.5666666666666667
8,Module08Chamber1-2018-04-29-01-57-27.mp4,mp4,2018-04-29,1.95
8,Module08Chamber1-2018-04-29-15-55-20.mp4,mp4,2018-04-29,15.916666666666666
8,Module08Chamber1-2018-04-29-17-25-22.mp4,mp4,2018-04-29,17.416666666666668
8,Module08Chamber1-2018-04-29-18-46-35.mp4,mp4,2018-04-29,18.766666666666666
8,Module08Chamber1-2018-04-29-20-14-00.mp4,mp4,2018-04-29,20.233333333333334
8,Module08Chamber1-2018-04-29-21-42-08.mp4,mp4,2018-04-29,21.7
8,Module08Chamber1-2018-04-29-23-08-59.mp4,mp4,2018-04-29,23.133333333333333
8,Module08Chamber1-2018-04-30-00-37-04.mp4,mp4,2018-04-30,0.6166666666666667
8,Module08Chamber1-2018-04-30-02-04-00.mp4,mp4,2018-04-30,2.066666666666667
8,Module08Chamber1-2018-05-02-08-22-59.mp4,mp4,2018-05-02,8.366666666666667
8,Module08Chamber1-2018-05-02-09-26-43.mp4,mp4,2018-05-02,9.433333333333334
8,Module08Chamber1-2018-05-02-10-34-17.mp4,mp4,2018-05-02,10.566666666666666
8,Module08Chamber1-2018-05-02-11-39-08.mp4,mp4,2018-05-02,11.65
8,Module08Chamber1-2018-05-02-12-40-11.mp4,mp4,2018-05-02,12.666666666666666
8,Module08Chamber1-2018-05-02-13-44-25.mp4,mp4,2018-05-02,13.733333333333333
8,Module08Chamber1-2018-05-02-14-51-48.mp4,mp4,2018-05-02,14.85
8,Module08Chamber1-2018-05-02-15-56-03.mp4,mp4,2018-05-02,15.933333333333334
8,Module08Chamber1-2018-05-02-17-00-17.mp4,mp4,2018-05-02,17.0
8,Module08Chamber1-2018-05-02-18-04-35.mp4,mp4,2018-05-02,18.066666666666666
8,Module08Chamber1-2018-05-02-19-08-42.mp4,mp4,2018-05-02,19.133333333333333
8,Module08Chamber1-2018-05-03-09-04-42.mp4,mp4,2018-05-03,9.066666666666666
8,Module08Chamber1-2018-05-03-10-48-32.mp4,mp4,2018-05-03,10.8
8,Module08Chamber1-2018-05-03-11-54-21.mp4,mp4,2018-05-03,11.9
8,Module08Chamber1-2018-05-03-12-54-37.mp4,mp4,2018-05-03,12.9
8,Module08Chamber1-2018-05-03-14-00-23.mp4,mp4,2018-05-03,14.0
8,Module08Chamber1-2018-05-03-15-03-30.mp4,mp4,2018-05-03,15.05
8,Module08Chamber1-2018-05-03-16-06-27.mp4,mp4,2018-05-03,16.1
8,Module08Chamber1-2018-05-03-17-09-32.mp4,mp4,2018-05-03,17.15
8,Module08Chamber1-2018-05-03-18-12-19.mp4,mp4,2018-05-03,18.2
8,Module08Chamber1-2018-05-03-19-15-06.mp4,mp4,2018-05-03,19.25
9,Module09Chamber1-2018-04-08-00-40-08.mp4,mp4,2018-04-08,0.6666666666666666
9,Module09Chamber1-2018-04-09-16-53-28.mp4,mp4,2018-04-09,16.883333333333333
9,Module09Chamber1-2018-04-11-00-00-06.mp4,mp4,2018-04-11,0.0
9,Module09Chamber1-2018-04-14-01-03-47.mp4,mp4,2018-04-14,1.05
9,Module09Chamber1-2018-04-22-00-11-13.mp4,mp4,2018-04-22,0.18333333333333332
9,Module09Chamber1-2018-04-24-01-06-38.mp4,mp4,2018-04-24,1.1
9,Module09Chamber1-2018-04-28-00-09-55.mp4,mp4,2018-04-28,0.15
9,Module09Chamber1_2018_04_06_11_56_27.jpg,jpg,2018-04-06,11.933333333333334
9,Module09Chamber1_2018_04_06_12_58_51.jpg,jpg,2018-04-06,12.966666666666667
9,Module09Chamber1_2018_04_06_15_54_40.jpg,jpg,2018-04-06,15.9
9,Module09Chamber1_2018_04_06_17_07_48.jpg,jpg,2018-04-06,17.116666666666667
9,Module09Chamber1_2018_04_06_18_38_33.jpg,jpg,2018-04-06,18.633333333333333
9,Module09Chamber1_2018_04_06_20_07_24.jpg,jpg,2018-04-06,20.116666666666667
9,Module09Chamber1_2018_04_06_21_33_53.jpg,jpg,2018-04-06,21.55
9,Module09Chamber1_2018_04_06_22_54_34.jpg,jpg,2018-04-06,22.9
9,Module09Chamber1_2018_04_07_12_19_48.jpg,jpg,2018-04-07,12.316666666666666
9,Module09Chamber1_2018_04_07_13_46_08.jpg,jpg,2018-04-07,13.766666666666667
9,Module09Chamber1_2018_04_07_15_15_34.jpg,jpg,2018-04-07,15.25
9,Module09Chamber1_2018_04_07_16_36_25.jpg,jpg,2018-04-07,16.6
9,Module09Chamber1_2018_04_07_19_28_36.jpg,jpg,2018-04-07,19.466666666666665
9,Module09Chamber1_2018_04_07_20_31_22.jpg,jpg,2018-04-07,20.516666666666666
9,Module09Chamber1_2018_04_07_21_54_29.jpg,jpg,2018-04-07,21.9
9,Module09Chamber1_2018_04_07_23_18_35.jpg,jpg,2018-04-07,23.3
9,Module09Chamber1_2018_04_08_00_40_08.jpg,jpg,2018-04-08,0.6666666666666666
9,Module09Chamber1_2018_04_08_13_51_58.jpg,jpg,2018-04-08,13.85
9,Module09Chamber1_2018_04_08_15_22_15.jpg,jpg,2018-04-08,15.366666666666667
9,Module09Chamber1_2018_04_08_16_40_08.jpg,jpg,2018-04-08,16.666666666666668
9,Module09Chamber1_2018_04_08_17_50_34.jpg,jpg,2018-04-08,17.833333333333332
9,Module09Chamber1_2018_04_08_19_17_42.jpg,jpg,2018-04-08,19.283333333333335
9,Module09Chamber1_2018_04_08_20_37_28.jpg,jpg,2018-04-08,20.616666666666667
9,Module09Chamber1_2018_04_08_22_07_38.jpg,jpg,2018-04-08,22.116666666666667
9,Module09Chamber1_2018_04_08_23_32_23.jpg,jpg,2018-04-08,23.533333333333335
9,Module09Chamber1_2018_04_09_14_03_12.jpg,jpg,2018-04-09,14.05
9,Module09Chamber1_2018_04_09_15_24_16.jpg,jpg,2018-04-09,15.4
9,Module09Chamber1_2018_04_09_16_53_28.jpg,jpg,2018-04-09,16.883333333333333
9,Module09Chamber1_2018_04_09_18_20_06.jpg,jpg,2018-04-09,18.333333333333332
9,Module09Chamber1_2018_04_09_19_38_59.jpg,jpg,2018-04-09,19.633333333333333
9,Module09Chamber1_2018_04_09_21_06_45.jpg,jpg,2018-04-09,21.1
9,Module09Chamber1_2018_04_09_22_25_38.jpg,jpg,2018-04-09,22.416666666666668
9,Module09Chamber1_2018_04_09_23_48_28.jpg,jpg,2018-04-09,23.8
9,Module09Chamber1_2018_04_10_13_59_07.jpg,jpg,2018-04-10,13.983333333333333
9,Module09Chamber1_2018_04_10_15_27_14.jpg,jpg,2018-04-10,15.45
9,Module09Chamber1_2018_04_10_16_52_31.jpg,jpg,2018-04-10,16.866666666666667
9,Module09Chamber1_2018_04_10_18_18_07.jpg,jpg,2018-04-10,18.3
9,Module09Chamber1_2018_04_10_19_42_07.jpg,jpg,2018-04-10,19.7
9,Module09Chamber1_2018_04_10_21_09_34.jpg,jpg,2018-04-10,21.15
9,Module09Chamber1_2018_04_10_22_33_40.jpg,jpg,2018-04-10,22.55
9,Module09Chamber1_2018_04_11_00_00_06.jpg,jpg,2018-04-11,0.0
9,Module09Chamber1_2018_04_11_14_48_52.jpg,jpg,2018-04-11,14.8
9,Module09Chamber1_2018_04_11_15_47_53.jpg,jpg,2018-04-11,15.783333333333333
9,Module09Chamber1_2018_04_11_17_01_10.jpg,jpg,2018-04-11,17.016666666666666
9,Module09Chamber1_2018_04_11_18_03_23.jpg,jpg,2018-04-11,18.05
9,Module09Chamber1_2018_04_11_19_31_01.jpg,jpg,2018-04-11,19.516666666666666
9,Module09Chamber1_2018_04_11_20_56_56.jpg,jpg,2018-04-11,20.933333333333334
9,Module09Chamber1_2018_04_11_22_18_20.jpg,jpg,2018-04-11,22.3
9,Module09Chamber1_2018_04_11_23_45_36.jpg,jpg,2018-04-11,23.75
9,Module09Chamber1_2018_04_12_01_12_02.jpg,jpg,2018-04-12,1.2
9,Module09Chamber1_2018_04_12_15_12_03.jpg,jpg,2018-04-12,15.2
9,Module09Chamber1_2018_04_12_16_32_01.jpg,jpg,2018-04-12,16.533333333333335
9,Module09Chamber1_2018_04_12_17_57_17.jpg,jpg,2018-04-12,17.95
9,Module09Chamber1_2018_04_12_19_22_04.jpg,jpg,2018-04-12,19.366666666666667
9,Module09Chamber1_2018_04_12_20_45_50.jpg,jpg,2018-04-12,20.75
9,Module09Chamber1_2018_04_12_22_11_21.jpg,jpg,2018-04-12,22.183333333333334
9,Module09Chamber1_2018_04_12_23_34_44.jpg,jpg,2018-04-12,23.566666666666666
9,Module09Chamber1_2018_04_13_01_00_24.jpg,jpg,2018-04-13,1.0
9,Module09Chamber1_2018_04_13_15_11_22.jpg,jpg,2018-04-13,15.183333333333334
9,Module09Chamber1_2018_04_13_16_34_59.jpg,jpg,2018-04-13,16.566666666666666
9,Module09Chamber1_2018_04_13_18_00_06.jpg,jpg,2018-04-13,18.0
9,Module09Chamber1_2018_04_13_19_24_40.jpg,jpg,2018-04-13,19.4
9,Module09Chamber1_2018_04_13_20_48_59.jpg,jpg,2018-04-13,20.8
9,Module09Chamber1_2018_04_13_22_14_40.jpg,jpg,2018-04-13,22.233333333333334
9,Module09Chamber1_2018_04_13_23_37_42.jpg,jpg,2018-04-13,23.616666666666667
9,Module09Chamber1_2018_04_14_01_03_47.jpg,jpg,2018-04-14,1.05
9,Module09Chamber1_2018_04_14_15_12_05.jpg,jpg,2018-04-14,15.2
9,Module09Chamber1_2018_04_14_16_32_12.jpg,jpg,2018-04-14,16.533333333333335
9,Module09Chamber1_2018_04_14_17_58_57.jpg,jpg,2018-04-14,17.966666666666665
9,Module09Chamber1_2018_04_14_19_25_44.jpg,jpg,2018-04-14,19.416666666666668
9,Module09Chamber1_2018_04_14_20_52_19.jpg,jpg,2018-04-14,20.866666666666667
9,Module09Chamber1_2018_04_14_22_21_16.jpg,jpg,2018-04-14,22.35
9,Module09Chamber1_2018_04_14_23_49_52.jpg,jpg,2018-04-14,23.816666666666666
9,Module09Chamber1_2018_04_15_01_21_33.jpg,jpg,2018-04-15,1.35
9,Module09Chamber1_2018_04_15_15_13_50.jpg,jpg,2018-04-15,15.216666666666667
9,Module09Chamber1_2018_04_15_16_49_15.jpg,jpg,2018-04-15,16.816666666666666
9,Module09Chamber1_2018_04_15_18_19_38.jpg,jpg,2018-04-15,18.316666666666666
9,Module09Chamber1_2018_04_15_19_58_44.jpg,jpg,2018-04-15,19.966666666666665
9,Module09Chamber1_2018_04_15_21_34_22.jpg,jpg,2018-04-15,21.566666666666666
9,Module09Chamber1_2018_04_15_23_08_44.jpg,jpg,2018-04-15,23.133333333333333
9,Module09Chamber1_2018_04_16_00_47_36.jpg,jpg,2018-04-16,0.7833333333333333
9,Module09Chamber1_2018_04_16_16_09_40.jpg,jpg,2018-04-16,16.15
9,Module09Chamber1_2018_04_16_17_32_48.jpg,jpg,2018-04-16,17.533333333333335
9,Module09Chamber1_2018_04_16_19_17_24.jpg,jpg,2018-04-16,19.283333333333335
9,Module09Chamber1_2018_04_16_20_56_52.jpg,jpg,2018-04-16,20.933333333333334
9,Module09Chamber1_2018_04_16_22_36_32.jpg,jpg,2018-04-16,22.6
9,Module09Chamber1_2018_04_17_01_56_29.jpg,jpg,2018-04-17,1.9333333333333333
9,Module09Chamber1_2018_04_17_15_31_33.jpg,jpg,2018-04-17,15.516666666666667
9,Module09Chamber1_2018_04_17_17_09_02.jpg,jpg,2018-04-17,17.15
9,Module09Chamber1_2018_04_17_18_46_37.jpg,jpg,2018-04-17,18.766666666666666
9,Module09Chamber1_2018_04_17_20_21_56.jpg,jpg,2018-04-17,20.35
9,Module09Chamber1_2018_04_17_22_02_39.jpg,jpg,2018-04-17,22.033333333333335
9,Module09Chamber1_2018_04_17_23_43_28.jpg,jpg,2018-04-17,23.716666666666665
9,Module09Chamber1_2018_04_18_01_26_53.jpg,jpg,2018-04-18,1.4333333333333333
9,Module09Chamber1_2018_04_18_15_26_11.jpg,jpg,2018-04-18,15.433333333333334
9,Module09Chamber1_2018_04_18_16_50_26.jpg,jpg,2018-04-18,16.833333333333332
9,Module09Chamber1_2018_04_18_18_20_00.jpg,jpg,2018-04-18,18.333333333333332
9,Module09Chamber1_2018_04_18_19_47_38.jpg,jpg,2018-04-18,19.783333333333335
9,Module09Chamber1_2018_04_18_21_17_47.jpg,jpg,2018-04-18,21.283333333333335
9,Module09Chamber1_2018_04_18_22_49_14.jpg,jpg,2018-04-18,22.816666666666666
9,Module09Chamber1_2018_04_19_00_14_48.jpg,jpg,2018-04-19,0.23333333333333334
9,Module09Chamber1_2018_04_19_01_41_49.jpg,jpg,2018-04-19,1.6833333333333333
9,Module09Chamber1_2018_04_19_15_25_49.jpg,jpg,2018-04-19,15.416666666666666
9,Module09Chamber1_2018_04_19_16_54_02.jpg,jpg,2018-04-19,16.9
9,Module09Chamber1_2018_04_19_18_22_24.jpg,jpg,2018-04-19,18.366666666666667
9,Module09Chamber1_2018_04_19_19_50_19.jpg,jpg,2018-04-19,19.833333333333332
9,Module09Chamber1_2018_04_19_21_15_42.jpg,jpg,2018-04-19,21.25
9,Module09Chamber1_2018_04_19_22_45_58.jpg,jpg,2018-04-19,22.75
9,Module09Chamber1_2018_04_20_00_11_41.jpg,jpg,2018-04-20,0.18333333333333332
9,Module09Chamber1_2018_04_20_01_37_55.jpg,jpg,2018-04-20,1.6166666666666667
9,Module09Chamber1_2018_04_20_15_25_55.jpg,jpg,2018-04-20,15.416666666666666
9,._Module09Chamber1_2018_04_20_15_25_55.jpg,jpg,2018-04-20,15.416666666666666
9,._Module09Chamber1_2018_04_20_15_25_55.jpg,jpg,2018-04-20,15.416666666666666
9,Module09Chamber1_2018_04_20_16_53_34.jpg,jpg,2018-04-20,16.883333333333333
9,Module09Chamber1_2018_04_20_18_21_37.jpg,jpg,2018-04-20,18.35
9,Module09Chamber1_2018_04_20_19_44_13.jpg,jpg,2018-04-20,19.733333333333334
9,Module09Chamber1_2018_04_20_21_13_29.jpg,jpg,2018-04-20,21.216666666666665
9,Module09Chamber1_2018_04_20_22_39_30.jpg,jpg,2018-04-20,22.65
9,Module09Chamber1_2018_04_21_00_12_38.jpg,jpg,2018-04-21,0.2
9,Module09Chamber1_2018_04_21_01_38_29.jpg,jpg,2018-04-21,1.6333333333333333
9,Module09Chamber1_2018_04_21_15_25_29.jpg,jpg,2018-04-21,15.416666666666666
9,Module09Chamber1_2018_04_21_16_52_31.jpg,jpg,2018-04-21,16.866666666666667
9,Module09Chamber1_2018_04_21_18_21_08.jpg,jpg,2018-04-21,18.35
9,Module09Chamber1_2018_04_21_19_47_31.jpg,jpg,2018-04-21,19.783333333333335
9,Module09Chamber1_2018_04_21_21_16_33.jpg,jpg,2018-04-21,21.266666666666666
9,Module09Chamber1_2018_04_21_22_42_41.jpg,jpg,2018-04-21,22.7
9,Module09Chamber1_2018_04_22_00_11_13.jpg,jpg,2018-04-22,0.18333333333333332
9,Module09Chamber1_2018_04_22_01_36_48.jpg,jpg,2018-04-22,1.6
9,Module09Chamber1_2018_04_22_16_03_25.jpg,jpg,2018-04-22,16.05
9,Module09Chamber1_2018_04_22_17_22_39.jpg,jpg,2018-04-22,17.366666666666667
9,Module09Chamber1_2018_04_22_18_37_20.jpg,jpg,2018-04-22,18.616666666666667
9,Module09Chamber1_2018_04_22_20_00_49.jpg,jpg,2018-04-22,20.0
9,Module09Chamber1_2018_04_22_21_19_50.jpg,jpg,2018-04-22,21.316666666666666
9,Module09Chamber1_2018_04_22_22_37_48.jpg,jpg,2018-04-22,22.616666666666667
9,Module09Chamber1_2018_04_22_23_57_06.jpg,jpg,2018-04-22,23.95
9,Module09Chamber1_2018_04_23_01_16_24.jpg,jpg,2018-04-23,1.2666666666666666
9,Module09Chamber1_2018_04_23_02_33_05.jpg,jpg,2018-04-23,2.55
9,Module09Chamber1_2018_04_23_16_02_16.jpg,jpg,2018-04-23,16.033333333333335
9,Module09Chamber1_2018_04_23_17_20_51.jpg,jpg,2018-04-23,17.333333333333332
9,Module09Chamber1_2018_04_23_18_37_01.jpg,jpg,2018-04-23,18.616666666666667
9,Module09Chamber1_2018_04_23_19_51_02.jpg,jpg,2018-04-23,19.85
9,Module09Chamber1_2018_04_23_21_12_49.jpg,jpg,2018-04-23,21.2
9,Module09Chamber1_2018_04_23_22_29_18.jpg,jpg,2018-04-23,22.483333333333334
9,Module09Chamber1_2018_04_23_23_43_24.jpg,jpg,2018-04-23,23.716666666666665
9,Module09Chamber1_2018_04_24_01_06_38.jpg,jpg,2018-04-24,1.1
9,Module09Chamber1_2018_04_24_02_24_07.jpg,jpg,2018-04-24,2.4
9,Module09Chamber1_2018_04_24_15_58_17.jpg,jpg,2018-04-24,15.966666666666667
9,Module09Chamber1_2018_04_24_17_20_16.jpg,jpg,2018-04-24,17.333333333333332
9,Module09Chamber1_2018_04_24_19_56_32.jpg,jpg,2018-04-24,19.933333333333334
9,Module09Chamber1_2018_04_24_21_12_05.jpg,jpg,2018-04-24,21.2
9,Module09Chamber1_2018_04_24_22_33_36.jpg,jpg,2018-04-24,22.55
9,Module09Chamber1_2018_04_24_23_50_33.jpg,jpg,2018-04-24,23.833333333333332
9,Module09Chamber1_2018_04_25_01_16_53.jpg,jpg,2018-04-25,1.2666666666666666
9,Module09Chamber1_2018_04_25_02_34_10.jpg,jpg,2018-04-25,2.5666666666666664
9,Module09Chamber1_2018_04_25_16_07_43.jpg,jpg,2018-04-25,16.116666666666667
9,Module09Chamber1_2018_04_25_17_32_34.jpg,jpg,2018-04-25,17.533333333333335
9,Module09Chamber1_2018_04_25_19_00_48.jpg,jpg,2018-04-25,19.0
9,Module09Chamber1_2018_04_25_20_28_15.jpg,jpg,2018-04-25,20.466666666666665
9,Module09Chamber1_2018_04_25_21_58_21.jpg,jpg,2018-04-25,21.966666666666665
9,Module09Chamber1_2018_04_25_23_24_46.jpg,jpg,2018-04-25,23.4
9,Module09Chamber1_2018_04_26_00_57_21.jpg,jpg,2018-04-26,0.95
9,Module09Chamber1_2018_04_26_02_28_51.jpg,jpg,2018-04-26,2.466666666666667
9,Module09Chamber1_2018_04_26_16_17_29.jpg,jpg,2018-04-26,16.283333333333335
9,Module09Chamber1_2018_04_26_17_55_09.jpg,jpg,2018-04-26,17.916666666666668
9,Module09Chamber1_2018_04_26_19_34_48.jpg,jpg,2018-04-26,19.566666666666666
9,Module09Chamber1_2018_04_26_21_13_21.jpg,jpg,2018-04-26,21.216666666666665
9,Module09Chamber1_2018_04_26_23_01_06.jpg,jpg,2018-04-26,23.016666666666666
9,Module09Chamber1_2018_04_27_00_43_28.jpg,jpg,2018-04-27,0.7166666666666667
9,Module09Chamber1_2018_04_27_02_28_18.jpg,jpg,2018-04-27,2.466666666666667
9,Module09Chamber1_2018_04_27_16_18_51.jpg,jpg,2018-04-27,16.3
9,Module09Chamber1_2018_04_27_17_56_38.jpg,jpg,2018-04-27,17.933333333333334
9,Module09Chamber1_2018_04_27_19_25_36.jpg,jpg,2018-04-27,19.416666666666668
9,Module09Chamber1_2018_04_27_21_03_19.jpg,jpg,2018-04-27,21.05
9,Module09Chamber1_2018_04_27_22_31_15.jpg,jpg,2018-04-27,22.516666666666666
9,Module09Chamber1_2018_04_28_00_09_55.jpg,jpg,2018-04-28,0.15
9,Module09Chamber1_2018_04_28_01_37_11.jpg,jpg,2018-04-28,1.6166666666666667
9,Module09Chamber1_2018_04_28_17_28_56.jpg,jpg,2018-04-28,17.466666666666665
9,Module09Chamber1_2018_04_28_18_55_42.jpg,jpg,2018-04-28,18.916666666666668
9,Module09Chamber1_2018_04_28_20_21_48.jpg,jpg,2018-04-28,20.35
9,Module09Chamber1_2018_04_28_21_47_06.jpg,jpg,2018-04-28,21.783333333333335
9,Module09Chamber1_2018_04_28_23_18_09.jpg,jpg,2018-04-28,23.3
9,Module09Chamber1_2018_04_29_00_42_32.jpg,jpg,2018-04-29,0.7
9,Module09Chamber1_2018_04_29_02_06_01.jpg,jpg,2018-04-29,2.1
9,Module09Chamber1_2018_04_29_16_03_50.jpg,jpg,2018-04-29,16.05
9,Module09Chamber1_2018_04_29_17_32_56.jpg,jpg,2018-04-29,17.533333333333335
9,Module09Chamber1_2018_04_29_18_55_02.jpg,jpg,2018-04-29,18.916666666666668
9,Module09Chamber1_2018_04_29_20_21_34.jpg,jpg,2018-04-29,20.35
9,Module09Chamber1_2018_04_29_21_50_25.jpg,jpg,2018-04-29,21.833333333333332
9,Module09Chamber1_2018_04_29_23_17_19.jpg,jpg,2018-04-29,23.283333333333335
9,Module09Chamber1_2018_04_30_00_45_29.jpg,jpg,2018-04-30,0.75
9,Module09Chamber1_2018_04_30_02_12_26.jpg,jpg,2018-04-30,2.2
9,Module09Chamber1_2018_05_02_08_26_56.jpg,jpg,2018-05-02,8.433333333333334
9,Module09Chamber1_2018_05_02_09_30_42.jpg,jpg,2018-05-02,9.5
9,Module09Chamber1_2018_05_02_10_40_18.jpg,jpg,2018-05-02,10.666666666666666
9,Module09Chamber1_2018_05_02_11_45_00.jpg,jpg,2018-05-02,11.75
9,Module09Chamber1_2018_05_02_12_46_06.jpg,jpg,2018-05-02,12.766666666666667
9,Module09Chamber1_2018_05_02_13_50_19.jpg,jpg,2018-05-02,13.833333333333334
9,Module09Chamber1_2018_05_02_14_57_50.jpg,jpg,2018-05-02,14.95
9,Module09Chamber1_2018_05_02_16_01_56.jpg,jpg,2018-05-02,16.016666666666666
9,Module09Chamber1_2018_05_02_17_06_17.jpg,jpg,2018-05-02,17.1
9,Module09Chamber1_2018_05_02_18_10_36.jpg,jpg,2018-05-02,18.166666666666668
9,Module09Chamber1_2018_05_02_19_14_34.jpg,jpg,2018-05-02,19.233333333333334
9,Module09Chamber1_2018_05_03_09_14_33.jpg,jpg,2018-05-03,9.233333333333333
9,Module09Chamber1-2018-04-06-11-56-27.mp4,mp4,2018-04-06,11.933333333333334
9,Module09Chamber1-2018-04-06-12-58-51.mp4,mp4,2018-04-06,12.966666666666667
9,Module09Chamber1-2018-04-06-15-54-40.mp4,mp4,2018-04-06,15.9
9,Module09Chamber1-2018-04-06-17-07-48.mp4,mp4,2018-04-06,17.116666666666667
9,Module09Chamber1-2018-04-06-18-38-33.mp4,mp4,2018-04-06,18.633333333333333
9,Module09Chamber1-2018-04-06-20-07-24.mp4,mp4,2018-04-06,20.116666666666667
9,Module09Chamber1-2018-04-06-21-33-53.mp4,mp4,2018-04-06,21.55
9,Module09Chamber1-2018-04-06-22-54-34.mp4,mp4,2018-04-06,22.9
9,Module09Chamber1-2018-04-07-12-19-48.mp4,mp4,2018-04-07,12.316666666666666
9,Module09Chamber1-2018-04-07-13-46-08.mp4,mp4,2018-04-07,13.766666666666667
9,Module09Chamber1-2018-04-07-15-15-34.mp4,mp4,2018-04-07,15.25
9,Module09Chamber1-2018-04-07-16-36-25.mp4,mp4,2018-04-07,16.6
9,Module09Chamber1-2018-04-07-19-28-36.mp4,mp4,2018-04-07,19.466666666666665
9,Module09Chamber1-2018-04-07-20-31-22.mp4,mp4,2018-04-07,20.516666666666666
9,Module09Chamber1-2018-04-07-21-54-29.mp4,mp4,2018-04-07,21.9
9,Module09Chamber1-2018-04-07-23-18-35.mp4,mp4,2018-04-07,23.3
9,Module09Chamber1_2018_05_03_10_57_23.jpg,jpg,2018-05-03,10.95
9,Module09Chamber1-2018-04-08-13-51-58.mp4,mp4,2018-04-08,13.85
9,Module09Chamber1-2018-04-08-15-22-15.mp4,mp4,2018-04-08,15.366666666666667
9,Module09Chamber1-2018-04-08-16-40-08.mp4,mp4,2018-04-08,16.666666666666668
9,Module09Chamber1-2018-04-08-17-50-34.mp4,mp4,2018-04-08,17.833333333333332
9,Module09Chamber1-2018-04-08-19-17-42.mp4,mp4,2018-04-08,19.283333333333335
9,Module09Chamber1-2018-04-08-20-37-28.mp4,mp4,2018-04-08,20.616666666666667
9,Module09Chamber1-2018-04-08-22-07-38.mp4,mp4,2018-04-08,22.116666666666667
9,Module09Chamber1-2018-04-08-23-32-23.mp4,mp4,2018-04-08,23.533333333333335
9,Module09Chamber1-2018-04-09-14-03-12.mp4,mp4,2018-04-09,14.05
9,Module09Chamber1-2018-04-09-15-24-16.mp4,mp4,2018-04-09,15.4
9,Module09Chamber1_2018_05_03_12_00_14.jpg,jpg,2018-05-03,12.0
9,Module09Chamber1-2018-04-09-18-20-06.mp4,mp4,2018-04-09,18.333333333333332
9,Module09Chamber1-2018-04-09-19-38-59.mp4,mp4,2018-04-09,19.633333333333333
9,Module09Chamber1-2018-04-09-21-06-45.mp4,mp4,2018-04-09,21.1
9,Module09Chamber1-2018-04-09-22-25-38.mp4,mp4,2018-04-09,22.416666666666668
9,Module09Chamber1-2018-04-09-23-48-28.mp4,mp4,2018-04-09,23.8
9,Module09Chamber1-2018-04-10-13-59-07.mp4,mp4,2018-04-10,13.983333333333333
9,Module09Chamber1-2018-04-10-15-27-14.mp4,mp4,2018-04-10,15.45
9,Module09Chamber1-2018-04-10-16-52-31.mp4,mp4,2018-04-10,16.866666666666667
9,Module09Chamber1-2018-04-10-18-18-07.mp4,mp4,2018-04-10,18.3
9,Module09Chamber1-2018-04-10-19-42-07.mp4,mp4,2018-04-10,19.7
9,Module09Chamber1-2018-04-10-21-09-34.mp4,mp4,2018-04-10,21.15
9,Module09Chamber1-2018-04-10-22-33-40.mp4,mp4,2018-04-10,22.55
9,Module09Chamber1_2018_05_03_13_00_15.jpg,jpg,2018-05-03,13.0
9,Module09Chamber1-2018-04-11-14-48-52.mp4,mp4,2018-04-11,14.8
9,Module09Chamber1-2018-04-11-15-47-53.mp4,mp4,2018-04-11,15.783333333333333
9,Module09Chamber1-2018-04-11-17-01-10.mp4,mp4,2018-04-11,17.016666666666666
9,Module09Chamber1-2018-04-11-18-03-23.mp4,mp4,2018-04-11,18.05
9,Module09Chamber1-2018-04-11-19-31-01.mp4,mp4,2018-04-11,19.516666666666666
9,Module09Chamber1-2018-04-11-20-56-56.mp4,mp4,2018-04-11,20.933333333333334
9,Module09Chamber1-2018-04-11-22-18-20.mp4,mp4,2018-04-11,22.3
9,Module09Chamber1-2018-04-11-23-45-36.mp4,mp4,2018-04-11,23.75
9,Module09Chamber1-2018-04-12-01-12-02.mp4,mp4,2018-04-12,1.2
9,Module09Chamber1-2018-04-12-15-12-03.mp4,mp4,2018-04-12,15.2
9,Module09Chamber1-2018-04-12-16-32-01.mp4,mp4,2018-04-12,16.533333333333335
9,Module09Chamber1-2018-04-12-17-57-17.mp4,mp4,2018-04-12,17.95
9,._Module09Chamber1-2018-04-12-17-57-17.mp4,mp4,2018-04-12,17.95
9,._Module09Chamber1-2018-04-12-17-57-17.mp4,mp4,2018-04-12,17.95
9,Module09Chamber1-2018-04-12-19-22-04.mp4,mp4,2018-04-12,19.366666666666667
9,Module09Chamber1-2018-04-12-20-45-50.mp4,mp4,2018-04-12,20.75
9,Module09Chamber1-2018-04-12-22-11-21.mp4,mp4,2018-04-12,22.183333333333334
9,Module09Chamber1-2018-04-12-23-34-44.mp4,mp4,2018-04-12,23.566666666666666
9,Module09Chamber1-2018-04-13-01-00-24.mp4,mp4,2018-04-13,1.0
9,Module09Chamber1-2018-04-13-15-11-22.mp4,mp4,2018-04-13,15.183333333333334
9,Module09Chamber1-2018-04-13-16-34-59.mp4,mp4,2018-04-13,16.566666666666666
9,Module09Chamber1-2018-04-13-18-00-06.mp4,mp4,2018-04-13,18.0
9,._Module09Chamber1-2018-04-13-18-00-06.mp4,mp4,2018-04-13,18.0
9,._Module09Chamber1-2018-04-13-18-00-06.mp4,mp4,2018-04-13,18.0
9,Module09Chamber1-2018-04-13-19-24-40.mp4,mp4,2018-04-13,19.4
9,Module09Chamber1-2018-04-13-20-48-59.mp4,mp4,2018-04-13,20.8
9,Module09Chamber1-2018-04-13-22-14-40.mp4,mp4,2018-04-13,22.233333333333334
9,Module09Chamber1-2018-04-13-23-37-42.mp4,mp4,2018-04-13,23.616666666666667
9,Module09Chamber1_2018_05_03_14_06_09.jpg,jpg,2018-05-03,14.1
9,Module09Chamber1-2018-04-14-15-12-05.mp4,mp4,2018-04-14,15.2
9,Module09Chamber1-2018-04-14-16-32-12.mp4,mp4,2018-04-14,16.533333333333335
9,Module09Chamber1-2018-04-14-17-58-57.mp4,mp4,2018-04-14,17.966666666666665
9,Module09Chamber1-2018-04-14-19-25-44.mp4,mp4,2018-04-14,19.416666666666668
9,Module09Chamber1-2018-04-14-20-52-19.mp4,mp4,2018-04-14,20.866666666666667
9,Module09Chamber1-2018-04-14-22-21-16.mp4,mp4,2018-04-14,22.35
9,Module09Chamber1-2018-04-14-23-49-52.mp4,mp4,2018-04-14,23.816666666666666
9,Module09Chamber1-2018-04-15-01-21-33.mp4,mp4,2018-04-15,1.35
9,Module09Chamber1-2018-04-15-15-13-50.mp4,mp4,2018-04-15,15.216666666666667
9,Module09Chamber1-2018-04-15-16-49-15.mp4,mp4,2018-04-15,16.816666666666666
9,Module09Chamber1-2018-04-15-18-19-38.mp4,mp4,2018-04-15,18.316666666666666
9,Module09Chamber1-2018-04-15-19-58-44.mp4,mp4,2018-04-15,19.966666666666665
9,Module09Chamber1-2018-04-15-21-34-22.mp4,mp4,2018-04-15,21.566666666666666
9,Module09Chamber1-2018-04-15-23-08-44.mp4,mp4,2018-04-15,23.133333333333333
9,Module09Chamber1-2018-04-16-00-47-36.mp4,mp4,2018-04-16,0.7833333333333333
9,Module09Chamber1-2018-04-16-16-09-40.mp4,mp4,2018-04-16,16.15
9,Module09Chamber1-2018-04-16-17-32-48.mp4,mp4,2018-04-16,17.533333333333335
9,Module09Chamber1-2018-04-16-19-17-24.mp4,mp4,2018-04-16,19.283333333333335
9,Module09Chamber1-2018-04-16-20-56-52.mp4,mp4,2018-04-16,20.933333333333334
9,Module09Chamber1-2018-04-16-22-36-32.mp4,mp4,2018-04-16,22.6
9,Module09Chamber1-2018-04-17-01-56-29.mp4,mp4,2018-04-17,1.9333333333333333
9,Module09Chamber1-2018-04-17-15-31-33.mp4,mp4,2018-04-17,15.516666666666667
9,Module09Chamber1-2018-04-17-17-09-02.mp4,mp4,2018-04-17,17.15
9,Module09Chamber1-2018-04-17-18-46-37.mp4,mp4,2018-04-17,18.766666666666666
9,Module09Chamber1-2018-04-17-20-21-56.mp4,mp4,2018-04-17,20.35
9,Module09Chamber1-2018-04-17-22-02-39.mp4,mp4,2018-04-17,22.033333333333335
9,Module09Chamber1-2018-04-17-23-43-28.mp4,mp4,2018-04-17,23.716666666666665
9,Module09Chamber1-2018-04-18-01-26-53.mp4,mp4,2018-04-18,1.4333333333333333
9,Module09Chamber1-2018-04-18-15-26-11.mp4,mp4,2018-04-18,15.433333333333334
9,._Module09Chamber1-2018-04-18-15-26-11.mp4,mp4,2018-04-18,15.433333333333334
9,._Module09Chamber1-2018-04-18-15-26-11.mp4,mp4,2018-04-18,15.433333333333334
9,Module09Chamber1-2018-04-18-16-50-26.mp4,mp4,2018-04-18,16.833333333333332
9,Module09Chamber1-2018-04-18-18-20-00.mp4,mp4,2018-04-18,18.333333333333332
9,Module09Chamber1-2018-04-18-19-47-38.mp4,mp4,2018-04-18,19.783333333333335
9,Module09Chamber1-2018-04-18-21-17-47.mp4,mp4,2018-04-18,21.283333333333335
9,Module09Chamber1-2018-04-18-22-49-14.mp4,mp4,2018-04-18,22.816666666666666
9,Module09Chamber1-2018-04-19-00-14-48.mp4,mp4,2018-04-19,0.23333333333333334
9,Module09Chamber1-2018-04-19-01-41-49.mp4,mp4,2018-04-19,1.6833333333333333
9,Module09Chamber1-2018-04-19-15-25-49.mp4,mp4,2018-04-19,15.416666666666666
9,Module09Chamber1-2018-04-19-16-54-02.mp4,mp4,2018-04-19,16.9
9,Module09Chamber1-2018-04-19-18-22-24.mp4,mp4,2018-04-19,18.366666666666667
9,Module09Chamber1-2018-04-19-19-50-19.mp4,mp4,2018-04-19,19.833333333333332
9,Module09Chamber1-2018-04-19-21-15-42.mp4,mp4,2018-04-19,21.25
9,Module09Chamber1-2018-04-19-22-45-58.mp4,mp4,2018-04-19,22.75
9,Module09Chamber1-2018-04-20-00-11-41.mp4,mp4,2018-04-20,0.18333333333333332
9,Module09Chamber1-2018-04-20-01-37-55.mp4,mp4,2018-04-20,1.6166666666666667
9,Module09Chamber1-2018-04-20-15-25-55.mp4,mp4,2018-04-20,15.416666666666666
9,._Module09Chamber1-2018-04-20-15-25-55.mp4,mp4,2018-04-20,15.416666666666666
9,._Module09Chamber1-2018-04-20-15-25-55.mp4,mp4,2018-04-20,15.416666666666666
9,Module09Chamber1-2018-04-20-16-53-34.mp4,mp4,2018-04-20,16.883333333333333
9,Module09Chamber1-2018-04-20-18-21-37.mp4,mp4,2018-04-20,18.35
9,._Module09Chamber1-2018-04-20-18-21-37.mp4,mp4,2018-04-20,18.35
9,._Module09Chamber1-2018-04-20-18-21-37.mp4,mp4,2018-04-20,18.35
9,Module09Chamber1-2018-04-20-19-44-13.mp4,mp4,2018-04-20,19.733333333333334
9,Module09Chamber1-2018-04-20-21-13-29.mp4,mp4,2018-04-20,21.216666666666665
9,Module09Chamber1-2018-04-20-22-39-30.mp4,mp4,2018-04-20,22.65
9,Module09Chamber1-2018-04-21-00-12-38.mp4,mp4,2018-04-21,0.2
9,Module09Chamber1-2018-04-21-01-38-29.mp4,mp4,2018-04-21,1.6333333333333333
9,Module09Chamber1-2018-04-21-15-25-29.mp4,mp4,2018-04-21,15.416666666666666
9,Module09Chamber1-2018-04-21-16-52-31.mp4,mp4,2018-04-21,16.866666666666667
9,Module09Chamber1-2018-04-21-18-21-08.mp4,mp4,2018-04-21,18.35
9,Module09Chamber1-2018-04-21-19-47-31.mp4,mp4,2018-04-21,19.783333333333335
9,Module09Chamber1-2018-04-21-21-16-33.mp4,mp4,2018-04-21,21.266666666666666
9,Module09Chamber1-2018-04-21-22-42-41.mp4,mp4,2018-04-21,22.7
9,Module09Chamber1_2018_05_03_15_09_15.jpg,jpg,2018-05-03,15.15
9,Module09Chamber1-2018-04-22-01-36-48.mp4,mp4,2018-04-22,1.6
9,Module09Chamber1-2018-04-22-16-03-25.mp4,mp4,2018-04-22,16.05
9,Module09Chamber1-2018-04-22-17-22-39.mp4,mp4,2018-04-22,17.366666666666667
9,Module09Chamber1-2018-04-22-18-37-20.mp4,mp4,2018-04-22,18.616666666666667
9,Module09Chamber1-2018-04-22-20-00-49.mp4,mp4,2018-04-22,20.0
9,Module09Chamber1-2018-04-22-21-19-50.mp4,mp4,2018-04-22,21.316666666666666
9,Module09Chamber1-2018-04-22-22-37-48.mp4,mp4,2018-04-22,22.616666666666667
9,Module09Chamber1-2018-04-22-23-57-06.mp4,mp4,2018-04-22,23.95
9,Module09Chamber1-2018-04-23-01-16-24.mp4,mp4,2018-04-23,1.2666666666666666
9,Module09Chamber1-2018-04-23-02-33-05.mp4,mp4,2018-04-23,2.55
9,Module09Chamber1-2018-04-23-16-02-16.mp4,mp4,2018-04-23,16.033333333333335
9,Module09Chamber1-2018-04-23-17-20-51.mp4,mp4,2018-04-23,17.333333333333332
9,Module09Chamber1-2018-04-23-18-37-01.mp4,mp4,2018-04-23,18.616666666666667
9,Module09Chamber1-2018-04-23-19-51-02.mp4,mp4,2018-04-23,19.85
9,Module09Chamber1-2018-04-23-21-12-49.mp4,mp4,2018-04-23,21.2
9,Module09Chamber1-2018-04-23-22-29-18.mp4,mp4,2018-04-23,22.483333333333334
9,Module09Chamber1-2018-04-23-23-43-24.mp4,mp4,2018-04-23,23.716666666666665
9,Module09Chamber1_2018_05_03_16_12_21.jpg,jpg,2018-05-03,16.2
9,Module09Chamber1-2018-04-24-02-24-07.mp4,mp4,2018-04-24,2.4
9,Module09Chamber1-2018-04-24-15-58-17.mp4,mp4,2018-04-24,15.966666666666667
9,Module09Chamber1-2018-04-24-17-20-16.mp4,mp4,2018-04-24,17.333333333333332
9,Module09Chamber1-2018-04-24-19-56-32.mp4,mp4,2018-04-24,19.933333333333334
9,Module09Chamber1-2018-04-24-21-12-05.mp4,mp4,2018-04-24,21.2
9,Module09Chamber1-2018-04-24-22-33-36.mp4,mp4,2018-04-24,22.55
9,Module09Chamber1-2018-04-24-23-50-33.mp4,mp4,2018-04-24,23.833333333333332
9,Module09Chamber1-2018-04-25-01-16-53.mp4,mp4,2018-04-25,1.2666666666666666
9,Module09Chamber1-2018-04-25-02-34-10.mp4,mp4,2018-04-25,2.5666666666666664
9,Module09Chamber1-2018-04-25-16-07-43.mp4,mp4,2018-04-25,16.116666666666667
9,Module09Chamber1-2018-04-25-17-32-34.mp4,mp4,2018-04-25,17.533333333333335
9,Module09Chamber1-2018-04-25-19-00-48.mp4,mp4,2018-04-25,19.0
9,Module09Chamber1-2018-04-25-20-28-15.mp4,mp4,2018-04-25,20.466666666666665
9,Module09Chamber1-2018-04-25-21-58-21.mp4,mp4,2018-04-25,21.966666666666665
9,Module09Chamber1-2018-04-25-23-24-46.mp4,mp4,2018-04-25,23.4
9,Module09Chamber1-2018-04-26-00-57-21.mp4,mp4,2018-04-26,0.95
9,Module09Chamber1-2018-04-26-02-28-51.mp4,mp4,2018-04-26,2.466666666666667
9,Module09Chamber1-2018-04-26-16-17-29.mp4,mp4,2018-04-26,16.283333333333335
9,Module09Chamber1-2018-04-26-17-55-09.mp4,mp4,2018-04-26,17.916666666666668
9,Module09Chamber1-2018-04-26-19-34-48.mp4,mp4,2018-04-26,19.566666666666666
9,Module09Chamber1-2018-04-26-21-13-21.mp4,mp4,2018-04-26,21.216666666666665
9,Module09Chamber1-2018-04-26-23-01-06.mp4,mp4,2018-04-26,23.016666666666666
9,Module09Chamber1-2018-04-27-00-43-28.mp4,mp4,2018-04-27,0.7166666666666667
9,Module09Chamber1-2018-04-27-02-28-18.mp4,mp4,2018-04-27,2.466666666666667
9,Module09Chamber1-2018-04-27-16-18-51.mp4,mp4,2018-04-27,16.3
9,Module09Chamber1-2018-04-27-17-56-38.mp4,mp4,2018-04-27,17.933333333333334
9,Module09Chamber1-2018-04-27-19-25-36.mp4,mp4,2018-04-27,19.416666666666668
9,Module09Chamber1-2018-04-27-21-03-19.mp4,mp4,2018-04-27,21.05
9,Module09Chamber1-2018-04-27-22-31-15.mp4,mp4,2018-04-27,22.516666666666666
9,Module09Chamber1_2018_05_03_17_15_25.jpg,jpg,2018-05-03,17.25
9,Module09Chamber1-2018-04-28-01-37-11.mp4,mp4,2018-04-28,1.6166666666666667
9,Module09Chamber1-2018-04-28-16-08-11.mp4,mp4,2018-04-28,16.133333333333333
9,Module09Chamber1-2018-04-28-17-28-56.mp4,mp4,2018-04-28,17.466666666666665
9,Module09Chamber1-2018-04-28-18-55-42.mp4,mp4,2018-04-28,18.916666666666668
9,Module09Chamber1-2018-04-28-20-21-48.mp4,mp4,2018-04-28,20.35
9,Module09Chamber1-2018-04-28-21-47-06.mp4,mp4,2018-04-28,21.783333333333335
9,Module09Chamber1-2018-04-28-23-18-09.mp4,mp4,2018-04-28,23.3
9,._Module09Chamber1-2018-04-28-23-18-09.mp4,mp4,2018-04-28,23.3
9,._Module09Chamber1-2018-04-28-23-18-09.mp4,mp4,2018-04-28,23.3
9,Module09Chamber1-2018-04-29-00-42-32.mp4,mp4,2018-04-29,0.7
9,Module09Chamber1-2018-04-29-02-06-01.mp4,mp4,2018-04-29,2.1
9,Module09Chamber1-2018-04-29-16-03-50.mp4,mp4,2018-04-29,16.05
9,Module09Chamber1-2018-04-29-17-32-56.mp4,mp4,2018-04-29,17.533333333333335
9,Module09Chamber1-2018-04-29-18-55-02.mp4,mp4,2018-04-29,18.916666666666668
9,Module09Chamber1-2018-04-29-20-21-34.mp4,mp4,2018-04-29,20.35
9,Module09Chamber1-2018-04-29-21-50-25.mp4,mp4,2018-04-29,21.833333333333332
9,._Module09Chamber1-2018-04-29-21-50-25.mp4,mp4,2018-04-29,21.833333333333332
9,._Module09Chamber1-2018-04-29-21-50-25.mp4,mp4,2018-04-29,21.833333333333332
9,Module09Chamber1-2018-04-29-23-17-19.mp4,mp4,2018-04-29,23.283333333333335
9,Module09Chamber1-2018-04-30-00-45-29.mp4,mp4,2018-04-30,0.75
9,Module09Chamber1-2018-04-30-02-12-26.mp4,mp4,2018-04-30,2.2
9,Module09Chamber1-2018-05-02-08-26-56.mp4,mp4,2018-05-02,8.433333333333334
9,Module09Chamber1-2018-05-02-09-30-42.mp4,mp4,2018-05-02,9.5
9,Module09Chamber1-2018-05-02-10-40-18.mp4,mp4,2018-05-02,10.666666666666666
9,Module09Chamber1-2018-05-02-11-45-00.mp4,mp4,2018-05-02,11.75
9,Module09Chamber1-2018-05-02-12-46-06.mp4,mp4,2018-05-02,12.766666666666667
9,Module09Chamber1-2018-05-02-13-50-19.mp4,mp4,2018-05-02,13.833333333333334
9,Module09Chamber1-2018-05-02-14-57-50.mp4,mp4,2018-05-02,14.95
9,Module09Chamber1-2018-05-02-16-01-56.mp4,mp4,2018-05-02,16.016666666666666
9,Module09Chamber1-2018-05-02-17-06-17.mp4,mp4,2018-05-02,17.1
9,Module09Chamber1-2018-05-02-18-10-36.mp4,mp4,2018-05-02,18.166666666666668
9,Module09Chamber1-2018-05-02-19-14-34.mp4,mp4,2018-05-02,19.233333333333334
9,Module09Chamber1-2018-05-03-09-14-33.mp4,mp4,2018-05-03,9.233333333333333
9,Module09Chamber1-2018-05-03-10-57-23.mp4,mp4,2018-05-03,10.95
9,Module09Chamber1-2018-05-03-12-00-14.mp4,mp4,2018-05-03,12.0
9,Module09Chamber1-2018-05-03-13-00-15.mp4,mp4,2018-05-03,13.0
9,Module09Chamber1-2018-05-03-14-06-09.mp4,mp4,2018-05-03,14.1
9,Module09Chamber1-2018-05-03-15-09-15.mp4,mp4,2018-05-03,15.15
9,Module09Chamber1-2018-05-03-16-12-21.mp4,mp4,2018-05-03,16.2
9,Module09Chamber1-2018-05-03-17-15-25.mp4,mp4,2018-05-03,17.25
9,Module09Chamber1-2018-05-03-18-18-12.mp4,mp4,2018-05-03,18.3
9,Module09Chamber1-2018-05-03-19-21-00.mp4,mp4,2018-05-03,19.35
9,Module09Chamber1_2018_05_03_18_18_12.jpg,jpg,2018-05-03,18.3
9,Module09Chamber1_2018_05_03_19_21_00.jpg,jpg,2018-05-03,19.35
10,Module10Chamber1-2018-04-08-00-47-09.mp4,mp4,2018-04-08,0.7833333333333333
10,Module10Chamber1-2018-04-09-18-26-52.mp4,mp4,2018-04-09,18.433333333333334
10,Module10Chamber1-2018-04-11-00-08-19.mp4,mp4,2018-04-11,0.13333333333333333
10,Module10Chamber1-2018-04-14-01-11-44.mp4,mp4,2018-04-14,1.1833333333333333
10,Module10Chamber1-2018-04-17-00-21-34.mp4,mp4,2018-04-17,0.35
10,Module10Chamber1-2018-04-23-00-04-35.mp4,mp4,2018-04-23,0.06666666666666667
10,._Module10Chamber1-2018-04-23-00-04-35.mp4,mp4,2018-04-23,0.06666666666666667
10,._Module10Chamber1-2018-04-23-00-04-35.mp4,mp4,2018-04-23,0.06666666666666667
10,Module10Chamber1-2018-04-24-01-14-04.mp4,mp4,2018-04-24,1.2333333333333334
10,Module10Chamber1-2018-04-28-00-18-40.mp4,mp4,2018-04-28,0.3
10,Module10Chamber1_2018_04_06_12_01_27.jpg,jpg,2018-04-06,12.016666666666667
10,._Module10Chamber1_2018_04_06_12_01_27.jpg,jpg,2018-04-06,12.016666666666667
10,._Module10Chamber1_2018_04_06_12_01_27.jpg,jpg,2018-04-06,12.016666666666667
10,Module10Chamber1_2018_04_06_13_06_33.jpg,jpg,2018-04-06,13.1
10,Module10Chamber1_2018_04_06_15_59_38.jpg,jpg,2018-04-06,15.983333333333333
10,Module10Chamber1_2018_04_06_17_15_13.jpg,jpg,2018-04-06,17.25
10,Module10Chamber1_2018_04_06_18_45_51.jpg,jpg,2018-04-06,18.75
10,._Module10Chamber1_2018_04_06_18_45_51.jpg,jpg,2018-04-06,18.75
10,._Module10Chamber1_2018_04_06_18_45_51.jpg,jpg,2018-04-06,18.75
10,Module10Chamber1_2018_04_06_20_14_53.jpg,jpg,2018-04-06,20.233333333333334
10,._Module10Chamber1_2018_04_06_20_14_53.jpg,jpg,2018-04-06,20.233333333333334
10,._Module10Chamber1_2018_04_06_20_14_53.jpg,jpg,2018-04-06,20.233333333333334
10,Module10Chamber1_2018_04_06_21_41_10.jpg,jpg,2018-04-06,21.683333333333334
10,Module10Chamber1_2018_04_06_22_59_33.jpg,jpg,2018-04-06,22.983333333333334
10,Module10Chamber1_2018_04_07_12_26_19.jpg,jpg,2018-04-07,12.433333333333334
10,._Module10Chamber1_2018_04_07_12_26_19.jpg,jpg,2018-04-07,12.433333333333334
10,._Module10Chamber1_2018_04_07_12_26_19.jpg,jpg,2018-04-07,12.433333333333334
10,Module10Chamber1_2018_04_07_13_53_41.jpg,jpg,2018-04-07,13.883333333333333
10,Module10Chamber1_2018_04_07_15_22_00.jpg,jpg,2018-04-07,15.366666666666667
10,Module10Chamber1_2018_04_07_16_42_47.jpg,jpg,2018-04-07,16.7
10,Module10Chamber1_2018_04_07_19_33_04.jpg,jpg,2018-04-07,19.55
10,Module10Chamber1_2018_04_07_20_38_09.jpg,jpg,2018-04-07,20.633333333333333
10,Module10Chamber1_2018_04_07_22_01_46.jpg,jpg,2018-04-07,22.016666666666666
10,Module10Chamber1_2018_04_07_23_24_44.jpg,jpg,2018-04-07,23.4
10,Module10Chamber1_2018_04_08_00_47_09.jpg,jpg,2018-04-08,0.7833333333333333
10,._Module10Chamber1_2018_04_08_00_47_09.jpg,jpg,2018-04-08,0.7833333333333333
10,._Module10Chamber1_2018_04_08_00_47_09.jpg,jpg,2018-04-08,0.7833333333333333
10,Module10Chamber1_2018_04_08_13_59_46.jpg,jpg,2018-04-08,13.983333333333333
10,Module10Chamber1_2018_04_08_15_28_46.jpg,jpg,2018-04-08,15.466666666666667
10,Module10Chamber1_2018_04_08_16_45_23.jpg,jpg,2018-04-08,16.75
10,Module10Chamber1_2018_04_08_17_58_46.jpg,jpg,2018-04-08,17.966666666666665
10,Module10Chamber1_2018_04_08_19_24_28.jpg,jpg,2018-04-08,19.4
10,Module10Chamber1_2018_04_08_20_45_15.jpg,jpg,2018-04-08,20.75
10,Module10Chamber1_2018_04_08_22_15_50.jpg,jpg,2018-04-08,22.25
10,Module10Chamber1_2018_04_08_23_39_57.jpg,jpg,2018-04-08,23.65
10,Module10Chamber1_2018_04_09_14_11_26.jpg,jpg,2018-04-09,14.183333333333334
10,._Module10Chamber1_2018_04_09_14_11_26.jpg,jpg,2018-04-09,14.183333333333334
10,._Module10Chamber1_2018_04_09_14_11_26.jpg,jpg,2018-04-09,14.183333333333334
10,Module10Chamber1_2018_04_09_15_31_21.jpg,jpg,2018-04-09,15.516666666666667
10,Module10Chamber1_2018_04_09_17_01_40.jpg,jpg,2018-04-09,17.016666666666666
10,Module10Chamber1_2018_04_09_18_26_52.jpg,jpg,2018-04-09,18.433333333333334
10,Module10Chamber1_2018_04_09_19_46_40.jpg,jpg,2018-04-09,19.766666666666666
10,Module10Chamber1_2018_04_09_21_14_46.jpg,jpg,2018-04-09,21.233333333333334
10,Module10Chamber1_2018_04_09_22_32_40.jpg,jpg,2018-04-09,22.533333333333335
10,Module10Chamber1_2018_04_09_23_56_35.jpg,jpg,2018-04-09,23.933333333333334
10,Module10Chamber1_2018_04_10_14_07_11.jpg,jpg,2018-04-10,14.116666666666667
10,._Module10Chamber1_2018_04_10_14_07_11.jpg,jpg,2018-04-10,14.116666666666667
10,._Module10Chamber1_2018_04_10_14_07_11.jpg,jpg,2018-04-10,14.116666666666667
10,Module10Chamber1_2018_04_10_15_34_30.jpg,jpg,2018-04-10,15.566666666666666
10,Module10Chamber1_2018_04_10_17_00_45.jpg,jpg,2018-04-10,17.0
10,Module10Chamber1_2018_04_10_18_24_46.jpg,jpg,2018-04-10,18.4
10,Module10Chamber1_2018_04_10_19_50_04.jpg,jpg,2018-04-10,19.833333333333332
10,Module10Chamber1_2018_04_10_21_17_30.jpg,jpg,2018-04-10,21.283333333333335
10,Module10Chamber1_2018_04_10_22_41_22.jpg,jpg,2018-04-10,22.683333333333334
10,Module10Chamber1_2018_04_11_00_08_19.jpg,jpg,2018-04-11,0.13333333333333333
10,._Module10Chamber1_2018_04_11_00_08_19.jpg,jpg,2018-04-11,0.13333333333333333
10,._Module10Chamber1_2018_04_11_00_08_19.jpg,jpg,2018-04-11,0.13333333333333333
10,Module10Chamber1_2018_04_11_14_54_08.jpg,jpg,2018-04-11,14.9
10,Module10Chamber1_2018_04_11_15_52_59.jpg,jpg,2018-04-11,15.866666666666667
10,Module10Chamber1_2018_04_11_17_06_24.jpg,jpg,2018-04-11,17.1
10,Module10Chamber1_2018_04_11_18_11_26.jpg,jpg,2018-04-11,18.183333333333334
10,Module10Chamber1_2018_04_11_19_38_42.jpg,jpg,2018-04-11,19.633333333333333
10,Module10Chamber1_2018_04_11_21_05_00.jpg,jpg,2018-04-11,21.083333333333332
10,Module10Chamber1_2018_04_11_22_25_07.jpg,jpg,2018-04-11,22.416666666666668
10,Module10Chamber1_2018_04_11_23_53_46.jpg,jpg,2018-04-11,23.883333333333333
10,Module10Chamber1_2018_04_12_01_19_43.jpg,jpg,2018-04-12,1.3166666666666667
10,._Module10Chamber1_2018_04_12_01_19_43.jpg,jpg,2018-04-12,1.3166666666666667
10,._Module10Chamber1_2018_04_12_01_19_43.jpg,jpg,2018-04-12,1.3166666666666667
10,Module10Chamber1_2018_04_12_15_19_38.jpg,jpg,2018-04-12,15.316666666666666
10,Module10Chamber1_2018_04_12_16_39_26.jpg,jpg,2018-04-12,16.65
10,Module10Chamber1_2018_04_12_18_05_21.jpg,jpg,2018-04-12,18.083333333333332
10,Module10Chamber1_2018_04_12_19_28_59.jpg,jpg,2018-04-12,19.466666666666665
10,Module10Chamber1_2018_04_12_20_53_53.jpg,jpg,2018-04-12,20.883333333333333
10,Module10Chamber1_2018_04_12_22_19_02.jpg,jpg,2018-04-12,22.316666666666666
10,Module10Chamber1_2018_04_12_23_42_32.jpg,jpg,2018-04-12,23.7
10,Module10Chamber1_2018_04_13_01_08_29.jpg,jpg,2018-04-13,1.1333333333333333
10,._Module10Chamber1_2018_04_13_01_08_29.jpg,jpg,2018-04-13,1.1333333333333333
10,._Module10Chamber1_2018_04_13_01_08_29.jpg,jpg,2018-04-13,1.1333333333333333
10,Module10Chamber1_2018_04_13_15_18_55.jpg,jpg,2018-04-13,15.3
10,Module10Chamber1_2018_04_13_16_42_42.jpg,jpg,2018-04-13,16.7
10,Module10Chamber1_2018_04_13_18_08_10.jpg,jpg,2018-04-13,18.133333333333333
10,Module10Chamber1_2018_04_13_19_31_52.jpg,jpg,2018-04-13,19.516666666666666
10,Module10Chamber1_2018_04_13_20_57_03.jpg,jpg,2018-04-13,20.95
10,._Module10Chamber1_2018_04_13_20_57_03.jpg,jpg,2018-04-13,20.95
10,._Module10Chamber1_2018_04_13_20_57_03.jpg,jpg,2018-04-13,20.95
10,Module10Chamber1_2018_04_13_22_21_51.jpg,jpg,2018-04-13,22.35
10,Module10Chamber1_2018_04_13_23_45_39.jpg,jpg,2018-04-13,23.75
10,Module10Chamber1_2018_04_14_01_11_44.jpg,jpg,2018-04-14,1.1833333333333333
10,._Module10Chamber1_2018_04_14_01_11_44.jpg,jpg,2018-04-14,1.1833333333333333
10,._Module10Chamber1_2018_04_14_01_11_44.jpg,jpg,2018-04-14,1.1833333333333333
10,Module10Chamber1_2018_04_14_15_19_38.jpg,jpg,2018-04-14,15.316666666666666
10,Module10Chamber1_2018_04_14_16_39_47.jpg,jpg,2018-04-14,16.65
10,Module10Chamber1_2018_04_14_18_07_09.jpg,jpg,2018-04-14,18.116666666666667
10,Module10Chamber1_2018_04_14_19_33_02.jpg,jpg,2018-04-14,19.55
10,Module10Chamber1_2018_04_14_21_00_39.jpg,jpg,2018-04-14,21.0
10,Module10Chamber1_2018_04_14_22_28_34.jpg,jpg,2018-04-14,22.466666666666665
10,Module10Chamber1_2018_04_14_23_58_28.jpg,jpg,2018-04-14,23.966666666666665
10,Module10Chamber1_2018_04_15_01_28_58.jpg,jpg,2018-04-15,1.4666666666666668
10,._Module10Chamber1_2018_04_15_01_28_58.jpg,jpg,2018-04-15,1.4666666666666668
10,._Module10Chamber1_2018_04_15_01_28_58.jpg,jpg,2018-04-15,1.4666666666666668
10,Module10Chamber1_2018_04_15_15_21_34.jpg,jpg,2018-04-15,15.35
10,Module10Chamber1_2018_04_15_16_58_11.jpg,jpg,2018-04-15,16.966666666666665
10,Module10Chamber1_2018_04_15_18_27_20.jpg,jpg,2018-04-15,18.45
10,Module10Chamber1_2018_04_15_20_08_05.jpg,jpg,2018-04-15,20.133333333333333
10,Module10Chamber1_2018_04_15_21_43_19.jpg,jpg,2018-04-15,21.716666666666665
10,Module10Chamber1_2018_04_15_23_18_00.jpg,jpg,2018-04-15,23.3
10,Module10Chamber1_2018_04_16_00_57_15.jpg,jpg,2018-04-16,0.95
10,._Module10Chamber1_2018_04_16_00_57_15.jpg,jpg,2018-04-16,0.95
10,._Module10Chamber1_2018_04_16_00_57_15.jpg,jpg,2018-04-16,0.95
10,Module10Chamber1_2018_04_16_16_15_56.jpg,jpg,2018-04-16,16.25
10,Module10Chamber1_2018_04_16_17_42_02.jpg,jpg,2018-04-16,17.7
10,Module10Chamber1_2018_04_16_19_25_28.jpg,jpg,2018-04-16,19.416666666666668
10,Module10Chamber1_2018_04_16_21_06_29.jpg,jpg,2018-04-16,21.1
10,Module10Chamber1_2018_04_16_22_45_43.jpg,jpg,2018-04-16,22.75
10,Module10Chamber1_2018_04_17_00_21_34.jpg,jpg,2018-04-17,0.35
10,._Module10Chamber1_2018_04_17_00_21_34.jpg,jpg,2018-04-17,0.35
10,._Module10Chamber1_2018_04_17_00_21_34.jpg,jpg,2018-04-17,0.35
10,Module10Chamber1_2018_04_17_02_06_08.jpg,jpg,2018-04-17,2.1
10,Module10Chamber1_2018_04_17_15_40_10.jpg,jpg,2018-04-17,15.666666666666666
10,Module10Chamber1_2018_04_17_17_18_09.jpg,jpg,2018-04-17,17.3
10,Module10Chamber1_2018_04_17_18_56_05.jpg,jpg,2018-04-17,18.933333333333334
10,Module10Chamber1_2018_04_17_20_30_24.jpg,jpg,2018-04-17,20.5
10,Module10Chamber1_2018_04_17_22_12_17.jpg,jpg,2018-04-17,22.2
10,Module10Chamber1_2018_04_17_23_53_09.jpg,jpg,2018-04-17,23.883333333333333
10,Module10Chamber1_2018_04_18_01_35_58.jpg,jpg,2018-04-18,1.5833333333333335
10,._Module10Chamber1_2018_04_18_01_35_58.jpg,jpg,2018-04-18,1.5833333333333335
10,._Module10Chamber1_2018_04_18_01_35_58.jpg,jpg,2018-04-18,1.5833333333333335
10,Module10Chamber1_2018_04_18_15_33_44.jpg,jpg,2018-04-18,15.55
10,Module10Chamber1_2018_04_18_16_58_53.jpg,jpg,2018-04-18,16.966666666666665
10,Module10Chamber1_2018_04_18_18_27_11.jpg,jpg,2018-04-18,18.45
10,Module10Chamber1_2018_04_18_19_56_10.jpg,jpg,2018-04-18,19.933333333333334
10,Module10Chamber1_2018_04_18_21_24_50.jpg,jpg,2018-04-18,21.4
10,Module10Chamber1_2018_04_18_22_57_34.jpg,jpg,2018-04-18,22.95
10,Module10Chamber1_2018_04_19_00_22_09.jpg,jpg,2018-04-19,0.36666666666666664
10,._Module10Chamber1_2018_04_19_00_22_09.jpg,jpg,2018-04-19,0.36666666666666664
10,._Module10Chamber1_2018_04_19_00_22_09.jpg,jpg,2018-04-19,0.36666666666666664
10,Module10Chamber1_2018_04_19_01_50_08.jpg,jpg,2018-04-19,1.8333333333333335
10,Module10Chamber1_2018_04_19_15_33_23.jpg,jpg,2018-04-19,15.55
10,._Module10Chamber1_2018_04_19_15_33_23.jpg,jpg,2018-04-19,15.55
10,._Module10Chamber1_2018_04_19_15_33_23.jpg,jpg,2018-04-19,15.55
10,Module10Chamber1_2018_04_19_17_02_30.jpg,jpg,2018-04-19,17.033333333333335
10,Module10Chamber1_2018_04_19_18_29_42.jpg,jpg,2018-04-19,18.483333333333334
10,Module10Chamber1_2018_04_19_19_58_39.jpg,jpg,2018-04-19,19.966666666666665
10,Module10Chamber1_2018_04_19_21_22_45.jpg,jpg,2018-04-19,21.366666666666667
10,Module10Chamber1_2018_04_19_22_54_33.jpg,jpg,2018-04-19,22.9
10,Module10Chamber1_2018_04_20_00_19_38.jpg,jpg,2018-04-20,0.31666666666666665
10,._Module10Chamber1_2018_04_20_00_19_38.jpg,jpg,2018-04-20,0.31666666666666665
10,._Module10Chamber1_2018_04_20_00_19_38.jpg,jpg,2018-04-20,0.31666666666666665
10,Module10Chamber1_2018_04_20_01_46_07.jpg,jpg,2018-04-20,1.7666666666666666
10,Module10Chamber1_2018_04_20_15_33_29.jpg,jpg,2018-04-20,15.55
10,Module10Chamber1_2018_04_20_17_02_02.jpg,jpg,2018-04-20,17.033333333333335
10,Module10Chamber1_2018_04_20_18_28_54.jpg,jpg,2018-04-20,18.466666666666665
10,Module10Chamber1_2018_04_20_19_52_32.jpg,jpg,2018-04-20,19.866666666666667
10,Module10Chamber1_2018_04_20_21_21_01.jpg,jpg,2018-04-20,21.35
10,Module10Chamber1_2018_04_20_22_47_41.jpg,jpg,2018-04-20,22.783333333333335
10,Module10Chamber1_2018_04_21_00_20_19.jpg,jpg,2018-04-21,0.3333333333333333
10,._Module10Chamber1_2018_04_21_00_20_19.jpg,jpg,2018-04-21,0.3333333333333333
10,._Module10Chamber1_2018_04_21_00_20_19.jpg,jpg,2018-04-21,0.3333333333333333
10,Module10Chamber1_2018_04_21_01_46_34.jpg,jpg,2018-04-21,1.7666666666666666
10,Module10Chamber1_2018_04_21_15_33_04.jpg,jpg,2018-04-21,15.55
10,Module10Chamber1_2018_04_21_17_01_08.jpg,jpg,2018-04-21,17.016666666666666
10,Module10Chamber1_2018_04_21_18_28_19.jpg,jpg,2018-04-21,18.466666666666665
10,Module10Chamber1_2018_04_21_19_55_59.jpg,jpg,2018-04-21,19.916666666666668
10,Module10Chamber1_2018_04_21_21_23_35.jpg,jpg,2018-04-21,21.383333333333333
10,Module10Chamber1_2018_04_21_22_51_01.jpg,jpg,2018-04-21,22.85
10,Module10Chamber1_2018_04_22_00_19_02.jpg,jpg,2018-04-22,0.31666666666666665
10,._Module10Chamber1_2018_04_22_00_19_02.jpg,jpg,2018-04-22,0.31666666666666665
10,._Module10Chamber1_2018_04_22_00_19_02.jpg,jpg,2018-04-22,0.31666666666666665
10,Module10Chamber1_2018_04_22_01_44_54.jpg,jpg,2018-04-22,1.7333333333333334
10,Module10Chamber1_2018_04_22_16_10_57.jpg,jpg,2018-04-22,16.166666666666668
10,Module10Chamber1_2018_04_22_17_29_18.jpg,jpg,2018-04-22,17.483333333333334
10,Module10Chamber1_2018_04_22_18_44_38.jpg,jpg,2018-04-22,18.733333333333334
10,Module10Chamber1_2018_04_22_20_08_30.jpg,jpg,2018-04-22,20.133333333333333
10,Module10Chamber1_2018_04_22_21_26_21.jpg,jpg,2018-04-22,21.433333333333334
10,Module10Chamber1_2018_04_22_22_45_06.jpg,jpg,2018-04-22,22.75
10,Module10Chamber1_2018_04_23_00_04_35.jpg,jpg,2018-04-23,0.06666666666666667
10,._Module10Chamber1_2018_04_23_00_04_35.jpg,jpg,2018-04-23,0.06666666666666667
10,._Module10Chamber1_2018_04_23_00_04_35.jpg,jpg,2018-04-23,0.06666666666666667
10,Module10Chamber1_2018_04_23_01_22_48.jpg,jpg,2018-04-23,1.3666666666666667
10,Module10Chamber1_2018_04_23_02_40_10.jpg,jpg,2018-04-23,2.6666666666666665
10,Module10Chamber1_2018_04_23_16_09_52.jpg,jpg,2018-04-23,16.15
10,Module10Chamber1_2018_04_23_17_27_16.jpg,jpg,2018-04-23,17.45
10,Module10Chamber1_2018_04_23_18_44_14.jpg,jpg,2018-04-23,18.733333333333334
10,Module10Chamber1_2018_04_23_19_58_30.jpg,jpg,2018-04-23,19.966666666666665
10,Module10Chamber1_2018_04_23_21_19_38.jpg,jpg,2018-04-23,21.316666666666666
10,Module10Chamber1_2018_04_23_22_36_15.jpg,jpg,2018-04-23,22.6
10,Module10Chamber1_2018_04_23_23_51_13.jpg,jpg,2018-04-23,23.85
10,Module10Chamber1_2018_04_24_01_14_04.jpg,jpg,2018-04-24,1.2333333333333334
10,._Module10Chamber1_2018_04_24_01_14_04.jpg,jpg,2018-04-24,1.2333333333333334
10,._Module10Chamber1_2018_04_24_01_14_04.jpg,jpg,2018-04-24,1.2333333333333334
10,Module10Chamber1_2018_04_24_02_30_55.jpg,jpg,2018-04-24,2.5
10,Module10Chamber1_2018_04_24_16_05_45.jpg,jpg,2018-04-24,16.083333333333332
10,Module10Chamber1_2018_04_24_17_26_39.jpg,jpg,2018-04-24,17.433333333333334
10,Module10Chamber1_2018_04_24_20_04_06.jpg,jpg,2018-04-24,20.066666666666666
10,Module10Chamber1_2018_04_24_21_19_06.jpg,jpg,2018-04-24,21.316666666666666
10,Module10Chamber1_2018_04_24_22_40_56.jpg,jpg,2018-04-24,22.666666666666668
10,Module10Chamber1_2018_04_24_23_58_20.jpg,jpg,2018-04-24,23.966666666666665
10,Module10Chamber1_2018_04_25_01_23_32.jpg,jpg,2018-04-25,1.3833333333333333
10,._Module10Chamber1_2018_04_25_01_23_32.jpg,jpg,2018-04-25,1.3833333333333333
10,._Module10Chamber1_2018_04_25_01_23_32.jpg,jpg,2018-04-25,1.3833333333333333
10,Module10Chamber1_2018_04_25_02_41_45.jpg,jpg,2018-04-25,2.6833333333333336
10,Module10Chamber1_2018_04_25_16_15_56.jpg,jpg,2018-04-25,16.25
10,Module10Chamber1_2018_04_25_17_40_35.jpg,jpg,2018-04-25,17.666666666666668
10,Module10Chamber1_2018_04_25_19_09_27.jpg,jpg,2018-04-25,19.15
10,Module10Chamber1_2018_04_25_20_36_05.jpg,jpg,2018-04-25,20.6
10,Module10Chamber1_2018_04_25_22_07_11.jpg,jpg,2018-04-25,22.116666666666667
10,Module10Chamber1_2018_04_25_23_32_43.jpg,jpg,2018-04-25,23.533333333333335
10,Module10Chamber1_2018_04_26_01_05_32.jpg,jpg,2018-04-26,1.0833333333333333
10,._Module10Chamber1_2018_04_26_01_05_32.jpg,jpg,2018-04-26,1.0833333333333333
10,._Module10Chamber1_2018_04_26_01_05_32.jpg,jpg,2018-04-26,1.0833333333333333
10,Module10Chamber1_2018_04_26_02_37_14.jpg,jpg,2018-04-26,2.6166666666666667
10,Module10Chamber1_2018_04_26_16_25_21.jpg,jpg,2018-04-26,16.416666666666668
10,Module10Chamber1_2018_04_26_18_04_54.jpg,jpg,2018-04-26,18.066666666666666
10,Module10Chamber1_2018_04_26_19_44_19.jpg,jpg,2018-04-26,19.733333333333334
10,Module10Chamber1_2018_04_26_21_22_10.jpg,jpg,2018-04-26,21.366666666666667
10,Module10Chamber1_2018_04_26_23_11_07.jpg,jpg,2018-04-26,23.183333333333334
10,Module10Chamber1_2018_04_27_00_53_36.jpg,jpg,2018-04-27,0.8833333333333333
10,._Module10Chamber1_2018_04_27_00_53_36.jpg,jpg,2018-04-27,0.8833333333333333
10,._Module10Chamber1_2018_04_27_00_53_36.jpg,jpg,2018-04-27,0.8833333333333333
10,Module10Chamber1_2018_04_27_02_38_28.jpg,jpg,2018-04-27,2.6333333333333333
10,Module10Chamber1_2018_04_27_16_26_59.jpg,jpg,2018-04-27,16.433333333333334
10,Module10Chamber1_2018_04_27_18_05_45.jpg,jpg,2018-04-27,18.083333333333332
10,Module10Chamber1_2018_04_27_19_33_49.jpg,jpg,2018-04-27,19.55
10,Module10Chamber1_2018_04_27_21_12_26.jpg,jpg,2018-04-27,21.2
10,Module10Chamber1_2018_04_27_22_39_47.jpg,jpg,2018-04-27,22.65
10,Module10Chamber1_2018_04_28_00_18_40.jpg,jpg,2018-04-28,0.3
10,._Module10Chamber1_2018_04_28_00_18_40.jpg,jpg,2018-04-28,0.3
10,._Module10Chamber1_2018_04_28_00_18_40.jpg,jpg,2018-04-28,0.3
10,Module10Chamber1_2018_04_28_01_46_00.jpg,jpg,2018-04-28,1.7666666666666666
10,Module10Chamber1_2018_04_28_16_16_31.jpg,jpg,2018-04-28,16.266666666666666
10,Module10Chamber1_2018_04_28_17_36_36.jpg,jpg,2018-04-28,17.6
10,Module10Chamber1_2018_04_28_19_04_07.jpg,jpg,2018-04-28,19.066666666666666
10,Module10Chamber1_2018_04_28_20_28_58.jpg,jpg,2018-04-28,20.466666666666665
10,Module10Chamber1_2018_04_28_21_55_28.jpg,jpg,2018-04-28,21.916666666666668
10,Module10Chamber1_2018_04_28_23_25_05.jpg,jpg,2018-04-28,23.416666666666668
10,._Module10Chamber1_2018_04_28_23_25_05.jpg,jpg,2018-04-28,23.416666666666668
10,._Module10Chamber1_2018_04_28_23_25_05.jpg,jpg,2018-04-28,23.416666666666668
10,Module10Chamber1_2018_04_29_00_50_55.jpg,jpg,2018-04-29,0.8333333333333334
10,._Module10Chamber1_2018_04_29_00_50_55.jpg,jpg,2018-04-29,0.8333333333333334
10,._Module10Chamber1_2018_04_29_00_50_55.jpg,jpg,2018-04-29,0.8333333333333334
10,Module10Chamber1_2018_04_29_02_14_27.jpg,jpg,2018-04-29,2.2333333333333334
10,Module10Chamber1_2018_04_29_16_12_14.jpg,jpg,2018-04-29,16.2
10,Module10Chamber1_2018_04_29_17_40_59.jpg,jpg,2018-04-29,17.666666666666668
10,Module10Chamber1_2018_04_29_19_03_28.jpg,jpg,2018-04-29,19.05
10,Module10Chamber1_2018_04_29_20_28_53.jpg,jpg,2018-04-29,20.466666666666665
10,Module10Chamber1_2018_04_29_21_58_52.jpg,jpg,2018-04-29,21.966666666666665
10,Module10Chamber1_2018_04_29_23_24_30.jpg,jpg,2018-04-29,23.4
10,Module10Chamber1_2018_04_30_00_53_26.jpg,jpg,2018-04-30,0.8833333333333333
10,._Module10Chamber1_2018_04_30_00_53_26.jpg,jpg,2018-04-30,0.8833333333333333
10,._Module10Chamber1_2018_04_30_00_53_26.jpg,jpg,2018-04-30,0.8833333333333333
10,Module10Chamber1_2018_04_30_02_20_28.jpg,jpg,2018-04-30,2.3333333333333335
10,Module10Chamber1_2018_05_02_08_31_09.jpg,jpg,2018-05-02,8.516666666666667
10,._Module10Chamber1_2018_05_02_08_31_09.jpg,jpg,2018-05-02,8.516666666666667
10,._Module10Chamber1_2018_05_02_08_31_09.jpg,jpg,2018-05-02,8.516666666666667
10,Module10Chamber1_2018_05_02_09_34_47.jpg,jpg,2018-05-02,9.566666666666666
10,Module10Chamber1_2018_05_02_10_46_25.jpg,jpg,2018-05-02,10.766666666666667
10,Module10Chamber1_2018_05_02_11_51_01.jpg,jpg,2018-05-02,11.85
10,Module10Chamber1_2018_05_02_12_52_13.jpg,jpg,2018-05-02,12.866666666666667
10,Module10Chamber1_2018_05_02_13_56_27.jpg,jpg,2018-05-02,13.933333333333334
10,Module10Chamber1_2018_05_02_15_03_58.jpg,jpg,2018-05-02,15.05
10,Module10Chamber1_2018_05_02_16_07_57.jpg,jpg,2018-05-02,16.116666666666667
10,Module10Chamber1_2018_05_02_17_12_19.jpg,jpg,2018-05-02,17.2
10,Module10Chamber1_2018_05_02_18_16_36.jpg,jpg,2018-05-02,18.266666666666666
10,Module10Chamber1-2018-04-06-12-01-27.mp4,mp4,2018-04-06,12.016666666666667
10,Module10Chamber1-2018-04-06-13-06-33.mp4,mp4,2018-04-06,13.1
10,Module10Chamber1-2018-04-06-15-59-38.mp4,mp4,2018-04-06,15.983333333333333
10,Module10Chamber1-2018-04-06-17-15-13.mp4,mp4,2018-04-06,17.25
10,Module10Chamber1-2018-04-06-18-45-51.mp4,mp4,2018-04-06,18.75
10,Module10Chamber1-2018-04-06-20-14-53.mp4,mp4,2018-04-06,20.233333333333334
10,Module10Chamber1-2018-04-06-21-41-10.mp4,mp4,2018-04-06,21.683333333333334
10,Module10Chamber1-2018-04-06-22-59-33.mp4,mp4,2018-04-06,22.983333333333334
10,Module10Chamber1-2018-04-07-12-26-19.mp4,mp4,2018-04-07,12.433333333333334
10,Module10Chamber1-2018-04-07-13-53-41.mp4,mp4,2018-04-07,13.883333333333333
10,Module10Chamber1-2018-04-07-15-22-00.mp4,mp4,2018-04-07,15.366666666666667
10,Module10Chamber1-2018-04-07-16-42-47.mp4,mp4,2018-04-07,16.7
10,Module10Chamber1-2018-04-07-19-33-04.mp4,mp4,2018-04-07,19.55
10,Module10Chamber1-2018-04-07-20-38-09.mp4,mp4,2018-04-07,20.633333333333333
10,Module10Chamber1-2018-04-07-22-01-46.mp4,mp4,2018-04-07,22.016666666666666
10,Module10Chamber1-2018-04-07-23-24-44.mp4,mp4,2018-04-07,23.4
10,Module10Chamber1_2018_05_02_19_20_33.jpg,jpg,2018-05-02,19.333333333333332
10,Module10Chamber1-2018-04-08-13-59-46.mp4,mp4,2018-04-08,13.983333333333333
10,Module10Chamber1-2018-04-08-15-28-46.mp4,mp4,2018-04-08,15.466666666666667
10,Module10Chamber1-2018-04-08-16-45-23.mp4,mp4,2018-04-08,16.75
10,Module10Chamber1-2018-04-08-17-58-46.mp4,mp4,2018-04-08,17.966666666666665
10,Module10Chamber1-2018-04-08-19-24-28.mp4,mp4,2018-04-08,19.4
10,Module10Chamber1-2018-04-08-20-45-15.mp4,mp4,2018-04-08,20.75
10,Module10Chamber1-2018-04-08-22-15-50.mp4,mp4,2018-04-08,22.25
10,Module10Chamber1-2018-04-08-23-39-57.mp4,mp4,2018-04-08,23.65
10,Module10Chamber1-2018-04-09-14-11-26.mp4,mp4,2018-04-09,14.183333333333334
10,Module10Chamber1-2018-04-09-15-31-21.mp4,mp4,2018-04-09,15.516666666666667
10,Module10Chamber1-2018-04-09-17-01-40.mp4,mp4,2018-04-09,17.016666666666666
10,Module10Chamber1_2018_05_03_09_24_26.jpg,jpg,2018-05-03,9.4
10,._Module10Chamber1_2018_05_03_09_24_26.jpg,jpg,2018-05-03,9.4
10,._Module10Chamber1_2018_05_03_09_24_26.jpg,jpg,2018-05-03,9.4
10,Module10Chamber1-2018-04-09-19-46-40.mp4,mp4,2018-04-09,19.766666666666666
10,Module10Chamber1-2018-04-09-21-14-46.mp4,mp4,2018-04-09,21.233333333333334
10,Module10Chamber1-2018-04-09-22-32-40.mp4,mp4,2018-04-09,22.533333333333335
10,Module10Chamber1-2018-04-09-23-56-35.mp4,mp4,2018-04-09,23.933333333333334
10,Module10Chamber1-2018-04-10-14-07-11.mp4,mp4,2018-04-10,14.116666666666667
10,Module10Chamber1-2018-04-10-15-34-30.mp4,mp4,2018-04-10,15.566666666666666
10,Module10Chamber1-2018-04-10-17-00-45.mp4,mp4,2018-04-10,17.0
10,Module10Chamber1-2018-04-10-18-24-46.mp4,mp4,2018-04-10,18.4
10,Module10Chamber1-2018-04-10-19-50-04.mp4,mp4,2018-04-10,19.833333333333332
10,Module10Chamber1-2018-04-10-21-17-30.mp4,mp4,2018-04-10,21.283333333333335
10,Module10Chamber1-2018-04-10-22-41-22.mp4,mp4,2018-04-10,22.683333333333334
10,Module10Chamber1_2018_05_03_11_03_16.jpg,jpg,2018-05-03,11.05
10,Module10Chamber1-2018-04-11-14-54-08.mp4,mp4,2018-04-11,14.9
10,Module10Chamber1-2018-04-11-15-52-59.mp4,mp4,2018-04-11,15.866666666666667
10,Module10Chamber1-2018-04-11-17-06-24.mp4,mp4,2018-04-11,17.1
10,Module10Chamber1-2018-04-11-18-11-26.mp4,mp4,2018-04-11,18.183333333333334
10,Module10Chamber1-2018-04-11-19-38-42.mp4,mp4,2018-04-11,19.633333333333333
10,Module10Chamber1-2018-04-11-21-05-00.mp4,mp4,2018-04-11,21.083333333333332
10,Module10Chamber1-2018-04-11-22-25-07.mp4,mp4,2018-04-11,22.416666666666668
10,Module10Chamber1-2018-04-11-23-53-46.mp4,mp4,2018-04-11,23.883333333333333
10,Module10Chamber1-2018-04-12-01-19-43.mp4,mp4,2018-04-12,1.3166666666666667
10,Module10Chamber1-2018-04-12-15-19-38.mp4,mp4,2018-04-12,15.316666666666666
10,Module10Chamber1-2018-04-12-16-39-26.mp4,mp4,2018-04-12,16.65
10,Module10Chamber1-2018-04-12-18-05-21.mp4,mp4,2018-04-12,18.083333333333332
10,Module10Chamber1-2018-04-12-19-28-59.mp4,mp4,2018-04-12,19.466666666666665
10,Module10Chamber1-2018-04-12-20-53-53.mp4,mp4,2018-04-12,20.883333333333333
10,Module10Chamber1-2018-04-12-22-19-02.mp4,mp4,2018-04-12,22.316666666666666
10,Module10Chamber1-2018-04-12-23-42-32.mp4,mp4,2018-04-12,23.7
10,Module10Chamber1-2018-04-13-01-08-29.mp4,mp4,2018-04-13,1.1333333333333333
10,._Module10Chamber1-2018-04-13-01-08-29.mp4,mp4,2018-04-13,1.1333333333333333
10,._Module10Chamber1-2018-04-13-01-08-29.mp4,mp4,2018-04-13,1.1333333333333333
10,Module10Chamber1-2018-04-13-15-18-55.mp4,mp4,2018-04-13,15.3
10,Module10Chamber1-2018-04-13-16-42-42.mp4,mp4,2018-04-13,16.7
10,._Module10Chamber1-2018-04-13-16-42-42.mp4,mp4,2018-04-13,16.7
10,._Module10Chamber1-2018-04-13-16-42-42.mp4,mp4,2018-04-13,16.7
10,Module10Chamber1-2018-04-13-18-08-10.mp4,mp4,2018-04-13,18.133333333333333
10,Module10Chamber1-2018-04-13-19-31-52.mp4,mp4,2018-04-13,19.516666666666666
10,Module10Chamber1-2018-04-13-20-57-03.mp4,mp4,2018-04-13,20.95
10,._Module10Chamber1-2018-04-13-20-57-03.mp4,mp4,2018-04-13,20.95
10,._Module10Chamber1-2018-04-13-20-57-03.mp4,mp4,2018-04-13,20.95
10,Module10Chamber1-2018-04-13-22-21-51.mp4,mp4,2018-04-13,22.35
10,Module10Chamber1-2018-04-13-23-45-39.mp4,mp4,2018-04-13,23.75
10,._Module10Chamber1-2018-04-13-23-45-39.mp4,mp4,2018-04-13,23.75
10,._Module10Chamber1-2018-04-13-23-45-39.mp4,mp4,2018-04-13,23.75
10,Module10Chamber1_2018_05_03_12_06_14.jpg,jpg,2018-05-03,12.1
10,Module10Chamber1-2018-04-14-15-19-38.mp4,mp4,2018-04-14,15.316666666666666
10,Module10Chamber1-2018-04-14-16-39-47.mp4,mp4,2018-04-14,16.65
10,Module10Chamber1-2018-04-14-18-07-09.mp4,mp4,2018-04-14,18.116666666666667
10,Module10Chamber1-2018-04-14-19-33-02.mp4,mp4,2018-04-14,19.55
10,Module10Chamber1-2018-04-14-21-00-39.mp4,mp4,2018-04-14,21.0
10,Module10Chamber1-2018-04-14-22-28-34.mp4,mp4,2018-04-14,22.466666666666665
10,Module10Chamber1-2018-04-14-23-58-28.mp4,mp4,2018-04-14,23.966666666666665
10,._Module10Chamber1-2018-04-14-23-58-28.mp4,mp4,2018-04-14,23.966666666666665
10,._Module10Chamber1-2018-04-14-23-58-28.mp4,mp4,2018-04-14,23.966666666666665
10,Module10Chamber1-2018-04-15-01-28-58.mp4,mp4,2018-04-15,1.4666666666666668
10,Module10Chamber1-2018-04-15-15-21-34.mp4,mp4,2018-04-15,15.35
10,Module10Chamber1-2018-04-15-16-58-11.mp4,mp4,2018-04-15,16.966666666666665
10,Module10Chamber1-2018-04-15-18-27-20.mp4,mp4,2018-04-15,18.45
10,Module10Chamber1-2018-04-15-20-08-05.mp4,mp4,2018-04-15,20.133333333333333
10,Module10Chamber1-2018-04-15-21-43-19.mp4,mp4,2018-04-15,21.716666666666665
10,Module10Chamber1-2018-04-15-23-18-00.mp4,mp4,2018-04-15,23.3
10,Module10Chamber1-2018-04-16-00-57-15.mp4,mp4,2018-04-16,0.95
10,Module10Chamber1-2018-04-16-16-15-56.mp4,mp4,2018-04-16,16.25
10,Module10Chamber1-2018-04-16-17-42-02.mp4,mp4,2018-04-16,17.7
10,Module10Chamber1-2018-04-16-19-25-28.mp4,mp4,2018-04-16,19.416666666666668
10,Module10Chamber1-2018-04-16-21-06-29.mp4,mp4,2018-04-16,21.1
10,Module10Chamber1-2018-04-16-22-45-43.mp4,mp4,2018-04-16,22.75
10,Module10Chamber1_2018_05_03_13_06_09.jpg,jpg,2018-05-03,13.1
10,Module10Chamber1-2018-04-17-02-06-08.mp4,mp4,2018-04-17,2.1
10,Module10Chamber1-2018-04-17-15-40-10.mp4,mp4,2018-04-17,15.666666666666666
10,Module10Chamber1-2018-04-17-17-18-09.mp4,mp4,2018-04-17,17.3
10,Module10Chamber1-2018-04-17-18-56-05.mp4,mp4,2018-04-17,18.933333333333334
10,Module10Chamber1-2018-04-17-20-30-24.mp4,mp4,2018-04-17,20.5
10,Module10Chamber1-2018-04-17-22-12-17.mp4,mp4,2018-04-17,22.2
10,Module10Chamber1-2018-04-17-23-53-09.mp4,mp4,2018-04-17,23.883333333333333
10,Module10Chamber1-2018-04-18-01-35-58.mp4,mp4,2018-04-18,1.5833333333333335
10,Module10Chamber1-2018-04-18-15-33-44.mp4,mp4,2018-04-18,15.55
10,Module10Chamber1-2018-04-18-16-58-53.mp4,mp4,2018-04-18,16.966666666666665
10,Module10Chamber1-2018-04-18-18-27-11.mp4,mp4,2018-04-18,18.45
10,._Module10Chamber1-2018-04-18-18-27-11.mp4,mp4,2018-04-18,18.45
10,._Module10Chamber1-2018-04-18-18-27-11.mp4,mp4,2018-04-18,18.45
10,Module10Chamber1-2018-04-18-19-56-10.mp4,mp4,2018-04-18,19.933333333333334
10,Module10Chamber1-2018-04-18-21-24-50.mp4,mp4,2018-04-18,21.4
10,._Module10Chamber1-2018-04-18-21-24-50.mp4,mp4,2018-04-18,21.4
10,._Module10Chamber1-2018-04-18-21-24-50.mp4,mp4,2018-04-18,21.4
10,Module10Chamber1-2018-04-18-22-57-34.mp4,mp4,2018-04-18,22.95
10,Module10Chamber1-2018-04-19-00-22-09.mp4,mp4,2018-04-19,0.36666666666666664
10,Module10Chamber1-2018-04-19-01-50-08.mp4,mp4,2018-04-19,1.8333333333333335
10,Module10Chamber1-2018-04-19-15-33-23.mp4,mp4,2018-04-19,15.55
10,._Module10Chamber1-2018-04-19-15-33-23.mp4,mp4,2018-04-19,15.55
10,._Module10Chamber1-2018-04-19-15-33-23.mp4,mp4,2018-04-19,15.55
10,Module10Chamber1-2018-04-19-17-02-30.mp4,mp4,2018-04-19,17.033333333333335
10,Module10Chamber1-2018-04-19-18-29-42.mp4,mp4,2018-04-19,18.483333333333334
10,Module10Chamber1-2018-04-19-19-58-39.mp4,mp4,2018-04-19,19.966666666666665
10,Module10Chamber1-2018-04-19-21-22-45.mp4,mp4,2018-04-19,21.366666666666667
10,Module10Chamber1-2018-04-19-22-54-33.mp4,mp4,2018-04-19,22.9
10,Module10Chamber1-2018-04-20-00-19-38.mp4,mp4,2018-04-20,0.31666666666666665
10,._Module10Chamber1-2018-04-20-00-19-38.mp4,mp4,2018-04-20,0.31666666666666665
10,._Module10Chamber1-2018-04-20-00-19-38.mp4,mp4,2018-04-20,0.31666666666666665
10,Module10Chamber1-2018-04-20-01-46-07.mp4,mp4,2018-04-20,1.7666666666666666
10,._Module10Chamber1-2018-04-20-01-46-07.mp4,mp4,2018-04-20,1.7666666666666666
10,._Module10Chamber1-2018-04-20-01-46-07.mp4,mp4,2018-04-20,1.7666666666666666
10,Module10Chamber1-2018-04-20-15-33-29.mp4,mp4,2018-04-20,15.55
10,._Module10Chamber1-2018-04-20-15-33-29.mp4,mp4,2018-04-20,15.55
10,._Module10Chamber1-2018-04-20-15-33-29.mp4,mp4,2018-04-20,15.55
10,Module10Chamber1-2018-04-20-17-02-02.mp4,mp4,2018-04-20,17.033333333333335
10,._Module10Chamber1-2018-04-20-17-02-02.mp4,mp4,2018-04-20,17.033333333333335
10,._Module10Chamber1-2018-04-20-17-02-02.mp4,mp4,2018-04-20,17.033333333333335
10,Module10Chamber1-2018-04-20-18-28-54.mp4,mp4,2018-04-20,18.466666666666665
10,Module10Chamber1-2018-04-20-19-52-32.mp4,mp4,2018-04-20,19.866666666666667
10,Module10Chamber1-2018-04-20-21-21-01.mp4,mp4,2018-04-20,21.35
10,Module10Chamber1-2018-04-20-22-47-41.mp4,mp4,2018-04-20,22.783333333333335
10,Module10Chamber1-2018-04-21-00-20-19.mp4,mp4,2018-04-21,0.3333333333333333
10,._Module10Chamber1-2018-04-21-00-20-19.mp4,mp4,2018-04-21,0.3333333333333333
10,._Module10Chamber1-2018-04-21-00-20-19.mp4,mp4,2018-04-21,0.3333333333333333
10,Module10Chamber1-2018-04-21-01-46-34.mp4,mp4,2018-04-21,1.7666666666666666
10,._Module10Chamber1-2018-04-21-01-46-34.mp4,mp4,2018-04-21,1.7666666666666666
10,._Module10Chamber1-2018-04-21-01-46-34.mp4,mp4,2018-04-21,1.7666666666666666
10,Module10Chamber1-2018-04-21-15-33-04.mp4,mp4,2018-04-21,15.55
10,Module10Chamber1-2018-04-21-17-01-08.mp4,mp4,2018-04-21,17.016666666666666
10,._Module10Chamber1-2018-04-21-17-01-08.mp4,mp4,2018-04-21,17.016666666666666
10,._Module10Chamber1-2018-04-21-17-01-08.mp4,mp4,2018-04-21,17.016666666666666
10,Module10Chamber1-2018-04-21-18-28-19.mp4,mp4,2018-04-21,18.466666666666665
10,Module10Chamber1-2018-04-21-19-55-59.mp4,mp4,2018-04-21,19.916666666666668
10,._Module10Chamber1-2018-04-21-19-55-59.mp4,mp4,2018-04-21,19.916666666666668
10,._Module10Chamber1-2018-04-21-19-55-59.mp4,mp4,2018-04-21,19.916666666666668
10,Module10Chamber1-2018-04-21-21-23-35.mp4,mp4,2018-04-21,21.383333333333333
10,Module10Chamber1-2018-04-21-22-51-01.mp4,mp4,2018-04-21,22.85
10,Module10Chamber1-2018-04-22-00-19-02.mp4,mp4,2018-04-22,0.31666666666666665
10,._Module10Chamber1-2018-04-22-00-19-02.mp4,mp4,2018-04-22,0.31666666666666665
10,._Module10Chamber1-2018-04-22-00-19-02.mp4,mp4,2018-04-22,0.31666666666666665
10,Module10Chamber1-2018-04-22-01-44-54.mp4,mp4,2018-04-22,1.7333333333333334
10,._Module10Chamber1-2018-04-22-01-44-54.mp4,mp4,2018-04-22,1.7333333333333334
10,._Module10Chamber1-2018-04-22-01-44-54.mp4,mp4,2018-04-22,1.7333333333333334
10,Module10Chamber1-2018-04-22-16-10-57.mp4,mp4,2018-04-22,16.166666666666668
10,._Module10Chamber1-2018-04-22-16-10-57.mp4,mp4,2018-04-22,16.166666666666668
10,._Module10Chamber1-2018-04-22-16-10-57.mp4,mp4,2018-04-22,16.166666666666668
10,Module10Chamber1-2018-04-22-17-29-18.mp4,mp4,2018-04-22,17.483333333333334
10,._Module10Chamber1-2018-04-22-17-29-18.mp4,mp4,2018-04-22,17.483333333333334
10,._Module10Chamber1-2018-04-22-17-29-18.mp4,mp4,2018-04-22,17.483333333333334
10,Module10Chamber1-2018-04-22-18-44-38.mp4,mp4,2018-04-22,18.733333333333334
10,._Module10Chamber1-2018-04-22-18-44-38.mp4,mp4,2018-04-22,18.733333333333334
10,._Module10Chamber1-2018-04-22-18-44-38.mp4,mp4,2018-04-22,18.733333333333334
10,Module10Chamber1-2018-04-22-20-08-30.mp4,mp4,2018-04-22,20.133333333333333
10,._Module10Chamber1-2018-04-22-20-08-30.mp4,mp4,2018-04-22,20.133333333333333
10,._Module10Chamber1-2018-04-22-20-08-30.mp4,mp4,2018-04-22,20.133333333333333
10,Module10Chamber1-2018-04-22-21-26-21.mp4,mp4,2018-04-22,21.433333333333334
10,Module10Chamber1-2018-04-22-22-45-06.mp4,mp4,2018-04-22,22.75
10,._Module10Chamber1-2018-04-22-22-45-06.mp4,mp4,2018-04-22,22.75
10,._Module10Chamber1-2018-04-22-22-45-06.mp4,mp4,2018-04-22,22.75
10,Module10Chamber1_2018_05_03_14_12_10.jpg,jpg,2018-05-03,14.2
10,Module10Chamber1-2018-04-23-01-22-48.mp4,mp4,2018-04-23,1.3666666666666667
10,._Module10Chamber1-2018-04-23-01-22-48.mp4,mp4,2018-04-23,1.3666666666666667
10,._Module10Chamber1-2018-04-23-01-22-48.mp4,mp4,2018-04-23,1.3666666666666667
10,Module10Chamber1-2018-04-23-02-40-10.mp4,mp4,2018-04-23,2.6666666666666665
10,Module10Chamber1-2018-04-23-16-09-52.mp4,mp4,2018-04-23,16.15
10,Module10Chamber1-2018-04-23-17-27-16.mp4,mp4,2018-04-23,17.45
10,Module10Chamber1-2018-04-23-18-44-14.mp4,mp4,2018-04-23,18.733333333333334
10,Module10Chamber1-2018-04-23-19-58-30.mp4,mp4,2018-04-23,19.966666666666665
10,Module10Chamber1-2018-04-23-21-19-38.mp4,mp4,2018-04-23,21.316666666666666
10,Module10Chamber1-2018-04-23-22-36-15.mp4,mp4,2018-04-23,22.6
10,._Module10Chamber1-2018-04-23-22-36-15.mp4,mp4,2018-04-23,22.6
10,._Module10Chamber1-2018-04-23-22-36-15.mp4,mp4,2018-04-23,22.6
10,Module10Chamber1-2018-04-23-23-51-13.mp4,mp4,2018-04-23,23.85
10,Module10Chamber1_2018_05_03_15_15_09.jpg,jpg,2018-05-03,15.25
10,Module10Chamber1-2018-04-24-02-30-55.mp4,mp4,2018-04-24,2.5
10,._Module10Chamber1-2018-04-24-02-30-55.mp4,mp4,2018-04-24,2.5
10,._Module10Chamber1-2018-04-24-02-30-55.mp4,mp4,2018-04-24,2.5
10,Module10Chamber1-2018-04-24-16-05-45.mp4,mp4,2018-04-24,16.083333333333332
10,._Module10Chamber1-2018-04-24-16-05-45.mp4,mp4,2018-04-24,16.083333333333332
10,._Module10Chamber1-2018-04-24-16-05-45.mp4,mp4,2018-04-24,16.083333333333332
10,Module10Chamber1-2018-04-24-17-26-39.mp4,mp4,2018-04-24,17.433333333333334
10,Module10Chamber1-2018-04-24-20-04-06.mp4,mp4,2018-04-24,20.066666666666666
10,Module10Chamber1-2018-04-24-21-19-06.mp4,mp4,2018-04-24,21.316666666666666
10,._Module10Chamber1-2018-04-24-21-19-06.mp4,mp4,2018-04-24,21.316666666666666
10,._Module10Chamber1-2018-04-24-21-19-06.mp4,mp4,2018-04-24,21.316666666666666
10,Module10Chamber1-2018-04-24-22-40-56.mp4,mp4,2018-04-24,22.666666666666668
10,._Module10Chamber1-2018-04-24-22-40-56.mp4,mp4,2018-04-24,22.666666666666668
10,._Module10Chamber1-2018-04-24-22-40-56.mp4,mp4,2018-04-24,22.666666666666668
10,Module10Chamber1-2018-04-24-23-58-20.mp4,mp4,2018-04-24,23.966666666666665
10,._Module10Chamber1-2018-04-24-23-58-20.mp4,mp4,2018-04-24,23.966666666666665
10,._Module10Chamber1-2018-04-24-23-58-20.mp4,mp4,2018-04-24,23.966666666666665
10,Module10Chamber1-2018-04-25-01-23-32.mp4,mp4,2018-04-25,1.3833333333333333
10,._Module10Chamber1-2018-04-25-01-23-32.mp4,mp4,2018-04-25,1.3833333333333333
10,._Module10Chamber1-2018-04-25-01-23-32.mp4,mp4,2018-04-25,1.3833333333333333
10,Module10Chamber1-2018-04-25-02-41-45.mp4,mp4,2018-04-25,2.6833333333333336
10,Module10Chamber1-2018-04-25-16-15-56.mp4,mp4,2018-04-25,16.25
10,Module10Chamber1-2018-04-25-17-40-35.mp4,mp4,2018-04-25,17.666666666666668
10,Module10Chamber1-2018-04-25-19-09-27.mp4,mp4,2018-04-25,19.15
10,._Module10Chamber1-2018-04-25-19-09-27.mp4,mp4,2018-04-25,19.15
10,._Module10Chamber1-2018-04-25-19-09-27.mp4,mp4,2018-04-25,19.15
10,Module10Chamber1-2018-04-25-20-36-05.mp4,mp4,2018-04-25,20.6
10,Module10Chamber1-2018-04-25-22-07-11.mp4,mp4,2018-04-25,22.116666666666667
10,._Module10Chamber1-2018-04-25-22-07-11.mp4,mp4,2018-04-25,22.116666666666667
10,._Module10Chamber1-2018-04-25-22-07-11.mp4,mp4,2018-04-25,22.116666666666667
10,Module10Chamber1-2018-04-25-23-32-43.mp4,mp4,2018-04-25,23.533333333333335
10,._Module10Chamber1-2018-04-25-23-32-43.mp4,mp4,2018-04-25,23.533333333333335
10,._Module10Chamber1-2018-04-25-23-32-43.mp4,mp4,2018-04-25,23.533333333333335
10,Module10Chamber1-2018-04-26-01-05-32.mp4,mp4,2018-04-26,1.0833333333333333
10,._Module10Chamber1-2018-04-26-01-05-32.mp4,mp4,2018-04-26,1.0833333333333333
10,._Module10Chamber1-2018-04-26-01-05-32.mp4,mp4,2018-04-26,1.0833333333333333
10,Module10Chamber1-2018-04-26-02-37-14.mp4,mp4,2018-04-26,2.6166666666666667
10,._Module10Chamber1-2018-04-26-02-37-14.mp4,mp4,2018-04-26,2.6166666666666667
10,._Module10Chamber1-2018-04-26-02-37-14.mp4,mp4,2018-04-26,2.6166666666666667
10,Module10Chamber1-2018-04-26-16-25-21.mp4,mp4,2018-04-26,16.416666666666668
10,._Module10Chamber1-2018-04-26-16-25-21.mp4,mp4,2018-04-26,16.416666666666668
10,._Module10Chamber1-2018-04-26-16-25-21.mp4,mp4,2018-04-26,16.416666666666668
10,Module10Chamber1-2018-04-26-18-04-54.mp4,mp4,2018-04-26,18.066666666666666
10,Module10Chamber1-2018-04-26-19-44-19.mp4,mp4,2018-04-26,19.733333333333334
10,._Module10Chamber1-2018-04-26-19-44-19.mp4,mp4,2018-04-26,19.733333333333334
10,._Module10Chamber1-2018-04-26-19-44-19.mp4,mp4,2018-04-26,19.733333333333334
10,Module10Chamber1-2018-04-26-21-22-10.mp4,mp4,2018-04-26,21.366666666666667
10,Module10Chamber1-2018-04-26-23-11-07.mp4,mp4,2018-04-26,23.183333333333334
10,._Module10Chamber1-2018-04-26-23-11-07.mp4,mp4,2018-04-26,23.183333333333334
10,._Module10Chamber1-2018-04-26-23-11-07.mp4,mp4,2018-04-26,23.183333333333334
10,Module10Chamber1-2018-04-27-00-53-36.mp4,mp4,2018-04-27,0.8833333333333333
10,._Module10Chamber1-2018-04-27-00-53-36.mp4,mp4,2018-04-27,0.8833333333333333
10,._Module10Chamber1-2018-04-27-00-53-36.mp4,mp4,2018-04-27,0.8833333333333333
10,Module10Chamber1-2018-04-27-02-38-28.mp4,mp4,2018-04-27,2.6333333333333333
10,._Module10Chamber1-2018-04-27-02-38-28.mp4,mp4,2018-04-27,2.6333333333333333
10,._Module10Chamber1-2018-04-27-02-38-28.mp4,mp4,2018-04-27,2.6333333333333333
10,Module10Chamber1-2018-04-27-16-26-59.mp4,mp4,2018-04-27,16.433333333333334
10,Module10Chamber1-2018-04-27-18-05-45.mp4,mp4,2018-04-27,18.083333333333332
10,._Module10Chamber1-2018-04-27-18-05-45.mp4,mp4,2018-04-27,18.083333333333332
10,._Module10Chamber1-2018-04-27-18-05-45.mp4,mp4,2018-04-27,18.083333333333332
10,Module10Chamber1-2018-04-27-19-33-49.mp4,mp4,2018-04-27,19.55
10,._Module10Chamber1-2018-04-27-19-33-49.mp4,mp4,2018-04-27,19.55
10,._Module10Chamber1-2018-04-27-19-33-49.mp4,mp4,2018-04-27,19.55
10,Module10Chamber1-2018-04-27-21-12-26.mp4,mp4,2018-04-27,21.2
10,Module10Chamber1-2018-04-27-22-39-47.mp4,mp4,2018-04-27,22.65
10,._Module10Chamber1-2018-04-27-22-39-47.mp4,mp4,2018-04-27,22.65
10,._Module10Chamber1-2018-04-27-22-39-47.mp4,mp4,2018-04-27,22.65
10,Module10Chamber1_2018_05_03_16_18_21.jpg,jpg,2018-05-03,16.3
10,Module10Chamber1-2018-04-28-01-46-00.mp4,mp4,2018-04-28,1.7666666666666666
10,Module10Chamber1-2018-04-28-16-16-31.mp4,mp4,2018-04-28,16.266666666666666
10,Module10Chamber1-2018-04-28-17-36-36.mp4,mp4,2018-04-28,17.6
10,Module10Chamber1-2018-04-28-19-04-07.mp4,mp4,2018-04-28,19.066666666666666
10,Module10Chamber1-2018-04-28-20-28-58.mp4,mp4,2018-04-28,20.466666666666665
10,Module10Chamber1-2018-04-28-21-55-28.mp4,mp4,2018-04-28,21.916666666666668
10,Module10Chamber1-2018-04-28-23-25-05.mp4,mp4,2018-04-28,23.416666666666668
10,._Module10Chamber1-2018-04-28-23-25-05.mp4,mp4,2018-04-28,23.416666666666668
10,._Module10Chamber1-2018-04-28-23-25-05.mp4,mp4,2018-04-28,23.416666666666668
10,Module10Chamber1-2018-04-29-00-50-55.mp4,mp4,2018-04-29,0.8333333333333334
10,Module10Chamber1-2018-04-29-02-14-27.mp4,mp4,2018-04-29,2.2333333333333334
10,Module10Chamber1-2018-04-29-16-12-14.mp4,mp4,2018-04-29,16.2
10,Module10Chamber1-2018-04-29-17-40-59.mp4,mp4,2018-04-29,17.666666666666668
10,Module10Chamber1-2018-04-29-19-03-28.mp4,mp4,2018-04-29,19.05
10,Module10Chamber1-2018-04-29-20-28-53.mp4,mp4,2018-04-29,20.466666666666665
10,Module10Chamber1-2018-04-29-21-58-52.mp4,mp4,2018-04-29,21.966666666666665
10,Module10Chamber1-2018-04-29-23-24-30.mp4,mp4,2018-04-29,23.4
10,Module10Chamber1-2018-04-30-00-53-26.mp4,mp4,2018-04-30,0.8833333333333333
10,Module10Chamber1-2018-04-30-02-20-28.mp4,mp4,2018-04-30,2.3333333333333335
10,Module10Chamber1-2018-05-02-08-31-09.mp4,mp4,2018-05-02,8.516666666666667
10,Module10Chamber1-2018-05-02-09-34-47.mp4,mp4,2018-05-02,9.566666666666666
10,Module10Chamber1-2018-05-02-10-46-25.mp4,mp4,2018-05-02,10.766666666666667
10,Module10Chamber1-2018-05-02-11-51-01.mp4,mp4,2018-05-02,11.85
10,Module10Chamber1-2018-05-02-12-52-13.mp4,mp4,2018-05-02,12.866666666666667
10,Module10Chamber1-2018-05-02-13-56-27.mp4,mp4,2018-05-02,13.933333333333334
10,Module10Chamber1-2018-05-02-15-03-58.mp4,mp4,2018-05-02,15.05
10,Module10Chamber1-2018-05-02-16-07-57.mp4,mp4,2018-05-02,16.116666666666667
10,Module10Chamber1-2018-05-02-17-12-19.mp4,mp4,2018-05-02,17.2
10,Module10Chamber1-2018-05-02-18-16-36.mp4,mp4,2018-05-02,18.266666666666666
10,Module10Chamber1-2018-05-02-19-20-33.mp4,mp4,2018-05-02,19.333333333333332
10,Module10Chamber1-2018-05-03-09-24-26.mp4,mp4,2018-05-03,9.4
10,Module10Chamber1-2018-05-03-11-03-16.mp4,mp4,2018-05-03,11.05
10,Module10Chamber1-2018-05-03-12-06-14.mp4,mp4,2018-05-03,12.1
10,Module10Chamber1-2018-05-03-13-06-09.mp4,mp4,2018-05-03,13.1
10,Module10Chamber1-2018-05-03-14-12-10.mp4,mp4,2018-05-03,14.2
10,Module10Chamber1-2018-05-03-15-15-09.mp4,mp4,2018-05-03,15.25
10,Module10Chamber1-2018-05-03-16-18-21.mp4,mp4,2018-05-03,16.3
10,Module10Chamber1-2018-05-03-17-21-27.mp4,mp4,2018-05-03,17.35
10,Module10Chamber1-2018-05-03-18-24-13.mp4,mp4,2018-05-03,18.4
10,Module10Chamber1-2018-05-03-19-26-59.mp4,mp4,2018-05-03,19.433333333333334
10,Module10Chamber1_2018_05_03_17_21_27.jpg,jpg,2018-05-03,17.35
10,Module10Chamber1_2018_05_03_18_24_13.jpg,jpg,2018-05-03,18.4
10,Module10Chamber1_2018_05_03_19_26_59.jpg,jpg,2018-05-03,19.433333333333334
11,Module11Chamber1-2018-04-10-00-04-20.mp4,mp4,2018-04-10,0.06666666666666667
11,Module11Chamber1-2018-04-12-00-01-57.mp4,mp4,2018-04-12,0.016666666666666666
11,Module11Chamber1-2018-04-15-00-07-04.mp4,mp4,2018-04-15,0.11666666666666667
11,Module11Chamber1-2018-04-18-00-03-02.mp4,mp4,2018-04-18,0.05
11,Module11Chamber1-2018-04-23-00-12-06.mp4,mp4,2018-04-23,0.2
11,Module11Chamber1-2018-04-25-00-06-06.mp4,mp4,2018-04-25,0.1
11,Module11Chamber1-2018-04-28-00-26-18.mp4,mp4,2018-04-28,0.43333333333333335
11,Module11Chamber1_2018_04_06_12_06_28.jpg,jpg,2018-04-06,12.1
11,Module11Chamber1_2018_04_06_13_14_13.jpg,jpg,2018-04-06,13.233333333333333
11,Module11Chamber1_2018_04_06_16_04_37.jpg,jpg,2018-04-06,16.066666666666666
11,Module11Chamber1_2018_04_06_17_21_52.jpg,jpg,2018-04-06,17.35
11,Module11Chamber1_2018_04_06_18_53_40.jpg,jpg,2018-04-06,18.883333333333333
11,Module11Chamber1_2018_04_06_20_21_32.jpg,jpg,2018-04-06,20.35
11,Module11Chamber1_2018_04_06_21_48_52.jpg,jpg,2018-04-06,21.8
11,Module11Chamber1_2018_04_06_23_04_31.jpg,jpg,2018-04-06,23.066666666666666
11,Module11Chamber1_2018_04_07_12_33_12.jpg,jpg,2018-04-07,12.55
11,Module11Chamber1_2018_04_07_14_01_20.jpg,jpg,2018-04-07,14.016666666666667
11,Module11Chamber1_2018_04_07_15_28_30.jpg,jpg,2018-04-07,15.466666666666667
11,Module11Chamber1_2018_04_07_16_49_49.jpg,jpg,2018-04-07,16.816666666666666
11,Module11Chamber1_2018_04_07_19_37_31.jpg,jpg,2018-04-07,19.616666666666667
11,Module11Chamber1_2018_04_07_20_45_11.jpg,jpg,2018-04-07,20.75
11,Module11Chamber1_2018_04_07_22_09_03.jpg,jpg,2018-04-07,22.15
11,Module11Chamber1_2018_04_07_23_31_07.jpg,jpg,2018-04-07,23.516666666666666
11,Module11Chamber1_2018_04_08_14_07_34.jpg,jpg,2018-04-08,14.116666666666667
11,Module11Chamber1_2018_04_08_15_35_41.jpg,jpg,2018-04-08,15.583333333333334
11,Module11Chamber1_2018_04_08_16_50_54.jpg,jpg,2018-04-08,16.833333333333332
11,Module11Chamber1_2018_04_08_18_07_06.jpg,jpg,2018-04-08,18.116666666666667
11,Module11Chamber1_2018_04_08_19_31_54.jpg,jpg,2018-04-08,19.516666666666666
11,Module11Chamber1_2018_04_08_20_53_12.jpg,jpg,2018-04-08,20.883333333333333
11,Module11Chamber1_2018_04_08_22_22_45.jpg,jpg,2018-04-08,22.366666666666667
11,Module11Chamber1_2018_04_08_23_47_51.jpg,jpg,2018-04-08,23.783333333333335
11,Module11Chamber1_2018_04_09_14_19_08.jpg,jpg,2018-04-09,14.316666666666666
11,Module11Chamber1_2018_04_09_15_38_44.jpg,jpg,2018-04-09,15.633333333333333
11,Module11Chamber1_2018_04_09_17_09_59.jpg,jpg,2018-04-09,17.15
11,Module11Chamber1_2018_04_09_18_34_11.jpg,jpg,2018-04-09,18.566666666666666
11,Module11Chamber1_2018_04_09_19_54_49.jpg,jpg,2018-04-09,19.9
11,Module11Chamber1_2018_04_09_21_21_42.jpg,jpg,2018-04-09,21.35
11,Module11Chamber1_2018_04_09_22_40_05.jpg,jpg,2018-04-09,22.666666666666668
11,Module11Chamber1_2018_04_10_00_04_20.jpg,jpg,2018-04-10,0.06666666666666667
11,Module11Chamber1_2018_04_10_14_15_23.jpg,jpg,2018-04-10,14.25
11,Module11Chamber1_2018_04_10_15_42_11.jpg,jpg,2018-04-10,15.7
11,Module11Chamber1_2018_04_10_17_09_04.jpg,jpg,2018-04-10,17.15
11,Module11Chamber1_2018_04_10_18_32_06.jpg,jpg,2018-04-10,18.533333333333335
11,Module11Chamber1_2018_04_10_19_58_17.jpg,jpg,2018-04-10,19.966666666666665
11,Module11Chamber1_2018_04_10_21_24_10.jpg,jpg,2018-04-10,21.4
11,Module11Chamber1_2018_04_10_22_49_29.jpg,jpg,2018-04-10,22.816666666666666
11,Module11Chamber1_2018_04_11_00_16_38.jpg,jpg,2018-04-11,0.26666666666666666
11,Module11Chamber1_2018_04_11_14_59_22.jpg,jpg,2018-04-11,14.983333333333333
11,Module11Chamber1_2018_04_11_15_58_14.jpg,jpg,2018-04-11,15.966666666666667
11,Module11Chamber1_2018_04_11_17_11_40.jpg,jpg,2018-04-11,17.183333333333334
11,Module11Chamber1_2018_04_11_18_18_59.jpg,jpg,2018-04-11,18.3
11,Module11Chamber1_2018_04_11_19_46_46.jpg,jpg,2018-04-11,19.766666666666666
11,Module11Chamber1_2018_04_11_21_13_04.jpg,jpg,2018-04-11,21.216666666666665
11,Module11Chamber1_2018_04_11_22_32_18.jpg,jpg,2018-04-11,22.533333333333335
11,Module11Chamber1_2018_04_12_00_01_57.jpg,jpg,2018-04-12,0.016666666666666666
11,Module11Chamber1_2018_04_12_01_26_38.jpg,jpg,2018-04-12,1.4333333333333333
11,Module11Chamber1_2018_04_12_15_26_32.jpg,jpg,2018-04-12,15.433333333333334
11,Module11Chamber1_2018_04_12_16_47_21.jpg,jpg,2018-04-12,16.783333333333335
11,Module11Chamber1_2018_04_12_18_13_25.jpg,jpg,2018-04-12,18.216666666666665
11,Module11Chamber1_2018_04_12_19_36_26.jpg,jpg,2018-04-12,19.6
11,Module11Chamber1_2018_04_12_21_01_51.jpg,jpg,2018-04-12,21.016666666666666
11,Module11Chamber1_2018_04_12_22_25_50.jpg,jpg,2018-04-12,22.416666666666668
11,Module11Chamber1_2018_04_12_23_50_36.jpg,jpg,2018-04-12,23.833333333333332
11,Module11Chamber1_2018_04_13_01_16_26.jpg,jpg,2018-04-13,1.2666666666666666
11,Module11Chamber1_2018_04_13_15_25_50.jpg,jpg,2018-04-13,15.416666666666666
11,Module11Chamber1_2018_04_13_16_50_48.jpg,jpg,2018-04-13,16.833333333333332
11,Module11Chamber1_2018_04_13_18_16_17.jpg,jpg,2018-04-13,18.266666666666666
11,Module11Chamber1_2018_04_13_19_39_32.jpg,jpg,2018-04-13,19.65
11,Module11Chamber1_2018_04_13_21_05_07.jpg,jpg,2018-04-13,21.083333333333332
11,Module11Chamber1_2018_04_13_22_28_46.jpg,jpg,2018-04-13,22.466666666666665
11,Module11Chamber1_2018_04_13_23_53_51.jpg,jpg,2018-04-13,23.883333333333333
11,Module11Chamber1_2018_04_14_01_19_16.jpg,jpg,2018-04-14,1.3166666666666667
11,Module11Chamber1_2018_04_14_15_26_25.jpg,jpg,2018-04-14,15.433333333333334
11,Module11Chamber1_2018_04_14_16_47_51.jpg,jpg,2018-04-14,16.783333333333335
11,Module11Chamber1_2018_04_14_18_15_28.jpg,jpg,2018-04-14,18.25
11,Module11Chamber1_2018_04_14_19_40_40.jpg,jpg,2018-04-14,19.666666666666668
11,Module11Chamber1_2018_04_14_21_09_05.jpg,jpg,2018-04-14,21.15
11,Module11Chamber1_2018_04_14_22_36_22.jpg,jpg,2018-04-14,22.6
11,Module11Chamber1_2018_04_15_00_07_04.jpg,jpg,2018-04-15,0.11666666666666667
11,Module11Chamber1_2018_04_15_01_37_03.jpg,jpg,2018-04-15,1.6166666666666667
11,Module11Chamber1_2018_04_15_15_29_16.jpg,jpg,2018-04-15,15.483333333333333
11,Module11Chamber1_2018_04_15_17_07_05.jpg,jpg,2018-04-15,17.116666666666667
11,Module11Chamber1_2018_04_15_18_35_40.jpg,jpg,2018-04-15,18.583333333333332
11,Module11Chamber1_2018_04_15_20_17_18.jpg,jpg,2018-04-15,20.283333333333335
11,Module11Chamber1_2018_04_15_21_52_36.jpg,jpg,2018-04-15,21.866666666666667
11,Module11Chamber1_2018_04_15_23_25_57.jpg,jpg,2018-04-15,23.416666666666668
11,Module11Chamber1_2018_04_16_01_06_59.jpg,jpg,2018-04-16,1.1
11,Module11Chamber1_2018_04_16_16_21_18.jpg,jpg,2018-04-16,16.35
11,Module11Chamber1_2018_04_16_17_52_03.jpg,jpg,2018-04-16,17.866666666666667
11,Module11Chamber1_2018_04_16_19_34_20.jpg,jpg,2018-04-16,19.566666666666666
11,Module11Chamber1_2018_04_16_21_16_20.jpg,jpg,2018-04-16,21.266666666666666
11,Module11Chamber1_2018_04_16_22_55_16.jpg,jpg,2018-04-16,22.916666666666668
11,Module11Chamber1_2018_04_17_00_29_54.jpg,jpg,2018-04-17,0.48333333333333334
11,Module11Chamber1_2018_04_17_02_15_53.jpg,jpg,2018-04-17,2.25
11,Module11Chamber1_2018_04_17_15_49_09.jpg,jpg,2018-04-17,15.816666666666666
11,Module11Chamber1_2018_04_17_17_26_20.jpg,jpg,2018-04-17,17.433333333333334
11,Module11Chamber1_2018_04_17_19_05_38.jpg,jpg,2018-04-17,19.083333333333332
11,Module11Chamber1_2018_04_17_20_39_15.jpg,jpg,2018-04-17,20.65
11,Module11Chamber1_2018_04_17_22_21_09.jpg,jpg,2018-04-17,22.35
11,Module11Chamber1_2018_04_18_00_03_02.jpg,jpg,2018-04-18,0.05
11,Module11Chamber1_2018_04_18_01_45_42.jpg,jpg,2018-04-18,1.75
11,Module11Chamber1_2018_04_18_15_41_49.jpg,jpg,2018-04-18,15.683333333333334
11,Module11Chamber1_2018_04_18_17_07_28.jpg,jpg,2018-04-18,17.116666666666667
11,Module11Chamber1_2018_04_18_18_34_53.jpg,jpg,2018-04-18,18.566666666666666
11,Module11Chamber1_2018_04_18_20_04_37.jpg,jpg,2018-04-18,20.066666666666666
11,Module11Chamber1_2018_04_18_21_32_17.jpg,jpg,2018-04-18,21.533333333333335
11,Module11Chamber1_2018_04_18_23_06_08.jpg,jpg,2018-04-18,23.1
11,Module11Chamber1_2018_04_19_00_29_20.jpg,jpg,2018-04-19,0.48333333333333334
11,Module11Chamber1_2018_04_19_01_58_43.jpg,jpg,2018-04-19,1.9666666666666668
11,Module11Chamber1_2018_04_19_15_41_27.jpg,jpg,2018-04-19,15.683333333333334
11,Module11Chamber1_2018_04_19_18_37_32.jpg,jpg,2018-04-19,18.616666666666667
11,Module11Chamber1_2018_04_19_20_07_13.jpg,jpg,2018-04-19,20.116666666666667
11,Module11Chamber1_2018_04_19_21_30_04.jpg,jpg,2018-04-19,21.5
11,Module11Chamber1_2018_04_19_23_03_09.jpg,jpg,2018-04-19,23.05
11,Module11Chamber1_2018_04_20_00_26_48.jpg,jpg,2018-04-20,0.43333333333333335
11,Module11Chamber1_2018_04_20_01_54_42.jpg,jpg,2018-04-20,1.9
11,Module11Chamber1_2018_04_20_15_41_26.jpg,jpg,2018-04-20,15.683333333333334
11,Module11Chamber1_2018_04_20_17_10_29.jpg,jpg,2018-04-20,17.166666666666668
11,Module11Chamber1_2018_04_20_18_36_35.jpg,jpg,2018-04-20,18.6
11,Module11Chamber1_2018_04_20_20_00_59.jpg,jpg,2018-04-20,20.0
11,Module11Chamber1_2018_04_20_21_28_19.jpg,jpg,2018-04-20,21.466666666666665
11,Module11Chamber1_2018_04_20_22_55_59.jpg,jpg,2018-04-20,22.916666666666668
11,._Module11Chamber1_2018_04_20_22_55_59.jpg,jpg,2018-04-20,22.916666666666668
11,._Module11Chamber1_2018_04_20_22_55_59.jpg,jpg,2018-04-20,22.916666666666668
11,Module11Chamber1_2018_04_21_00_27_38.jpg,jpg,2018-04-21,0.45
11,Module11Chamber1_2018_04_21_01_55_10.jpg,jpg,2018-04-21,1.9166666666666665
11,Module11Chamber1_2018_04_21_15_40_52.jpg,jpg,2018-04-21,15.666666666666666
11,Module11Chamber1_2018_04_21_17_09_44.jpg,jpg,2018-04-21,17.15
11,Module11Chamber1_2018_04_21_18_36_00.jpg,jpg,2018-04-21,18.6
11,Module11Chamber1_2018_04_21_20_04_27.jpg,jpg,2018-04-21,20.066666666666666
11,Module11Chamber1_2018_04_21_21_31_00.jpg,jpg,2018-04-21,21.516666666666666
11,Module11Chamber1_2018_04_21_22_59_31.jpg,jpg,2018-04-21,22.983333333333334
11,Module11Chamber1_2018_04_22_00_26_12.jpg,jpg,2018-04-22,0.43333333333333335
11,Module11Chamber1_2018_04_22_01_53_21.jpg,jpg,2018-04-22,1.8833333333333333
11,Module11Chamber1_2018_04_22_16_18_23.jpg,jpg,2018-04-22,16.3
11,Module11Chamber1_2018_04_22_17_36_14.jpg,jpg,2018-04-22,17.6
11,Module11Chamber1_2018_04_22_18_52_12.jpg,jpg,2018-04-22,18.866666666666667
11,Module11Chamber1_2018_04_22_20_16_12.jpg,jpg,2018-04-22,20.266666666666666
11,Module11Chamber1_2018_04_22_21_33_17.jpg,jpg,2018-04-22,21.55
11,Module11Chamber1_2018_04_22_22_52_38.jpg,jpg,2018-04-22,22.866666666666667
11,Module11Chamber1_2018_04_23_00_12_06.jpg,jpg,2018-04-23,0.2
11,Module11Chamber1_2018_04_23_01_29_27.jpg,jpg,2018-04-23,1.4833333333333334
11,Module11Chamber1_2018_04_23_02_47_40.jpg,jpg,2018-04-23,2.783333333333333
11,Module11Chamber1_2018_04_23_16_17_30.jpg,jpg,2018-04-23,16.283333333333335
11,Module11Chamber1_2018_04_23_17_34_11.jpg,jpg,2018-04-23,17.566666666666666
11,Module11Chamber1_2018_04_23_18_51_44.jpg,jpg,2018-04-23,18.85
11,Module11Chamber1_2018_04_23_20_06_03.jpg,jpg,2018-04-23,20.1
11,Module11Chamber1_2018_04_23_21_26_01.jpg,jpg,2018-04-23,21.433333333333334
11,Module11Chamber1_2018_04_23_22_43_34.jpg,jpg,2018-04-23,22.716666666666665
11,Module11Chamber1_2018_04_23_23_58_46.jpg,jpg,2018-04-23,23.966666666666665
11,Module11Chamber1_2018_04_24_01_20_42.jpg,jpg,2018-04-24,1.3333333333333333
11,Module11Chamber1_2018_04_24_02_37_59.jpg,jpg,2018-04-24,2.6166666666666667
11,Module11Chamber1_2018_04_24_16_13_09.jpg,jpg,2018-04-24,16.216666666666665
11,Module11Chamber1_2018_04_24_17_33_33.jpg,jpg,2018-04-24,17.55
11,Module11Chamber1_2018_04_24_20_11_44.jpg,jpg,2018-04-24,20.183333333333334
11,Module11Chamber1_2018_04_24_21_25_39.jpg,jpg,2018-04-24,21.416666666666668
11,Module11Chamber1_2018_04_24_22_48_35.jpg,jpg,2018-04-24,22.8
11,Module11Chamber1_2018_04_25_00_06_06.jpg,jpg,2018-04-25,0.1
11,Module11Chamber1_2018_04_25_01_30_43.jpg,jpg,2018-04-25,1.5
11,Module11Chamber1_2018_04_25_02_49_41.jpg,jpg,2018-04-25,2.8166666666666664
11,Module11Chamber1_2018_04_25_16_23_02.jpg,jpg,2018-04-25,16.383333333333333
11,Module11Chamber1_2018_04_25_17_48_53.jpg,jpg,2018-04-25,17.8
11,Module11Chamber1_2018_04_25_19_17_48.jpg,jpg,2018-04-25,19.283333333333335
11,Module11Chamber1_2018_04_25_20_44_32.jpg,jpg,2018-04-25,20.733333333333334
11,Module11Chamber1_2018_04_25_22_15_54.jpg,jpg,2018-04-25,22.25
11,Module11Chamber1_2018_04_25_23_41_13.jpg,jpg,2018-04-25,23.683333333333334
11,Module11Chamber1_2018_04_26_01_14_25.jpg,jpg,2018-04-26,1.2333333333333334
11,Module11Chamber1_2018_04_26_02_45_56.jpg,jpg,2018-04-26,2.75
11,Module11Chamber1_2018_04_26_16_33_56.jpg,jpg,2018-04-26,16.55
11,Module11Chamber1_2018_04_26_18_14_32.jpg,jpg,2018-04-26,18.233333333333334
11,Module11Chamber1_2018_04_26_19_54_13.jpg,jpg,2018-04-26,19.9
11,Module11Chamber1_2018_04_26_21_31_01.jpg,jpg,2018-04-26,21.516666666666666
11,Module11Chamber1_2018_04_26_23_20_26.jpg,jpg,2018-04-26,23.333333333333332
11,Module11Chamber1_2018_04_27_01_03_38.jpg,jpg,2018-04-27,1.05
11,Module11Chamber1_2018_04_27_02_49_06.jpg,jpg,2018-04-27,2.8166666666666664
11,Module11Chamber1_2018_04_27_16_35_47.jpg,jpg,2018-04-27,16.583333333333332
11,Module11Chamber1_2018_04_27_18_14_48.jpg,jpg,2018-04-27,18.233333333333334
11,Module11Chamber1_2018_04_27_19_42_26.jpg,jpg,2018-04-27,19.7
11,Module11Chamber1_2018_04_27_21_20_33.jpg,jpg,2018-04-27,21.333333333333332
11,Module11Chamber1_2018_04_27_22_48_48.jpg,jpg,2018-04-27,22.8
11,Module11Chamber1_2018_04_28_00_26_18.jpg,jpg,2018-04-28,0.43333333333333335
11,Module11Chamber1_2018_04_28_01_55_12.jpg,jpg,2018-04-28,1.9166666666666665
11,Module11Chamber1_2018_04_28_16_23_25.jpg,jpg,2018-04-28,16.383333333333333
11,Module11Chamber1_2018_04_28_17_44_56.jpg,jpg,2018-04-28,17.733333333333334
11,Module11Chamber1_2018_04_28_19_12_35.jpg,jpg,2018-04-28,19.2
11,Module11Chamber1_2018_04_28_20_36_48.jpg,jpg,2018-04-28,20.6
11,Module11Chamber1_2018_04_28_22_03_52.jpg,jpg,2018-04-28,22.05
11,Module11Chamber1_2018_04_28_23_32_37.jpg,jpg,2018-04-28,23.533333333333335
11,Module11Chamber1_2018_04_29_00_59_22.jpg,jpg,2018-04-29,0.9833333333333333
11,Module11Chamber1_2018_04_29_02_21_55.jpg,jpg,2018-04-29,2.35
11,Module11Chamber1_2018_04_29_16_20_07.jpg,jpg,2018-04-29,16.333333333333332
11,Module11Chamber1_2018_04_29_17_49_10.jpg,jpg,2018-04-29,17.816666666666666
11,Module11Chamber1_2018_04_29_19_11_49.jpg,jpg,2018-04-29,19.183333333333334
11,Module11Chamber1_2018_04_29_20_36_47.jpg,jpg,2018-04-29,20.6
11,Module11Chamber1_2018_04_29_22_07_07.jpg,jpg,2018-04-29,22.116666666666667
11,Module11Chamber1_2018_04_29_23_32_04.jpg,jpg,2018-04-29,23.533333333333335
11,Module11Chamber1_2018_04_30_01_01_18.jpg,jpg,2018-04-30,1.0166666666666666
11,Module11Chamber1_2018_04_30_02_28_42.jpg,jpg,2018-04-30,2.466666666666667
11,Module11Chamber1_2018_05_02_08_35_07.jpg,jpg,2018-05-02,8.583333333333334
11,Module11Chamber1_2018_05_02_09_38_44.jpg,jpg,2018-05-02,9.633333333333333
11,Module11Chamber1_2018_05_02_10_52_27.jpg,jpg,2018-05-02,10.866666666666667
11,Module11Chamber1_2018_05_02_11_56_52.jpg,jpg,2018-05-02,11.933333333333334
11,Module11Chamber1_2018_05_02_12_58_04.jpg,jpg,2018-05-02,12.966666666666667
11,Module11Chamber1_2018_05_02_14_02_27.jpg,jpg,2018-05-02,14.033333333333333
11,Module11Chamber1_2018_05_02_15_09_51.jpg,jpg,2018-05-02,15.15
11,Module11Chamber1_2018_05_02_16_13_50.jpg,jpg,2018-05-02,16.216666666666665
11,Module11Chamber1_2018_05_02_17_18_20.jpg,jpg,2018-05-02,17.3
11,Module11Chamber1_2018_05_02_18_22_22.jpg,jpg,2018-05-02,18.366666666666667
11,Module11Chamber1_2018_05_02_19_26_34.jpg,jpg,2018-05-02,19.433333333333334
11,Module11Chamber1_2018_05_03_09_33_54.jpg,jpg,2018-05-03,9.55
11,Module11Chamber1-2018-04-06-12-06-28.mp4,mp4,2018-04-06,12.1
11,Module11Chamber1-2018-04-06-13-14-13.mp4,mp4,2018-04-06,13.233333333333333
11,Module11Chamber1-2018-04-06-16-04-37.mp4,mp4,2018-04-06,16.066666666666666
11,Module11Chamber1-2018-04-06-17-21-52.mp4,mp4,2018-04-06,17.35
11,Module11Chamber1-2018-04-06-18-53-40.mp4,mp4,2018-04-06,18.883333333333333
11,Module11Chamber1-2018-04-06-20-21-32.mp4,mp4,2018-04-06,20.35
11,Module11Chamber1-2018-04-06-21-48-52.mp4,mp4,2018-04-06,21.8
11,Module11Chamber1-2018-04-06-23-04-31.mp4,mp4,2018-04-06,23.066666666666666
11,Module11Chamber1-2018-04-07-12-33-12.mp4,mp4,2018-04-07,12.55
11,Module11Chamber1-2018-04-07-14-01-20.mp4,mp4,2018-04-07,14.016666666666667
11,Module11Chamber1-2018-04-07-15-28-30.mp4,mp4,2018-04-07,15.466666666666667
11,Module11Chamber1-2018-04-07-16-49-49.mp4,mp4,2018-04-07,16.816666666666666
11,Module11Chamber1-2018-04-07-19-37-31.mp4,mp4,2018-04-07,19.616666666666667
11,Module11Chamber1-2018-04-07-20-45-11.mp4,mp4,2018-04-07,20.75
11,Module11Chamber1-2018-04-07-22-09-03.mp4,mp4,2018-04-07,22.15
11,Module11Chamber1-2018-04-07-23-31-07.mp4,mp4,2018-04-07,23.516666666666666
11,Module11Chamber1-2018-04-08-14-07-34.mp4,mp4,2018-04-08,14.116666666666667
11,Module11Chamber1-2018-04-08-15-35-41.mp4,mp4,2018-04-08,15.583333333333334
11,Module11Chamber1-2018-04-08-16-50-54.mp4,mp4,2018-04-08,16.833333333333332
11,Module11Chamber1-2018-04-08-18-07-06.mp4,mp4,2018-04-08,18.116666666666667
11,Module11Chamber1-2018-04-08-19-31-54.mp4,mp4,2018-04-08,19.516666666666666
11,Module11Chamber1-2018-04-08-20-53-12.mp4,mp4,2018-04-08,20.883333333333333
11,Module11Chamber1-2018-04-08-22-22-45.mp4,mp4,2018-04-08,22.366666666666667
11,Module11Chamber1-2018-04-08-23-47-51.mp4,mp4,2018-04-08,23.783333333333335
11,Module11Chamber1-2018-04-09-14-19-08.mp4,mp4,2018-04-09,14.316666666666666
11,Module11Chamber1-2018-04-09-15-38-44.mp4,mp4,2018-04-09,15.633333333333333
11,Module11Chamber1-2018-04-09-17-09-59.mp4,mp4,2018-04-09,17.15
11,Module11Chamber1-2018-04-09-18-34-11.mp4,mp4,2018-04-09,18.566666666666666
11,Module11Chamber1-2018-04-09-19-54-49.mp4,mp4,2018-04-09,19.9
11,Module11Chamber1-2018-04-09-21-21-42.mp4,mp4,2018-04-09,21.35
11,Module11Chamber1-2018-04-09-22-40-05.mp4,mp4,2018-04-09,22.666666666666668
11,Module11Chamber1_2018_05_03_11_09_08.jpg,jpg,2018-05-03,11.15
11,Module11Chamber1-2018-04-10-14-15-23.mp4,mp4,2018-04-10,14.25
11,Module11Chamber1-2018-04-10-15-42-11.mp4,mp4,2018-04-10,15.7
11,Module11Chamber1-2018-04-10-17-09-04.mp4,mp4,2018-04-10,17.15
11,Module11Chamber1-2018-04-10-18-32-06.mp4,mp4,2018-04-10,18.533333333333335
11,Module11Chamber1-2018-04-10-19-58-17.mp4,mp4,2018-04-10,19.966666666666665
11,Module11Chamber1-2018-04-10-21-24-10.mp4,mp4,2018-04-10,21.4
11,Module11Chamber1-2018-04-10-22-49-29.mp4,mp4,2018-04-10,22.816666666666666
11,Module11Chamber1-2018-04-11-00-16-38.mp4,mp4,2018-04-11,0.26666666666666666
11,Module11Chamber1-2018-04-11-14-59-22.mp4,mp4,2018-04-11,14.983333333333333
11,Module11Chamber1-2018-04-11-15-58-14.mp4,mp4,2018-04-11,15.966666666666667
11,Module11Chamber1-2018-04-11-17-11-40.mp4,mp4,2018-04-11,17.183333333333334
11,Module11Chamber1-2018-04-11-18-18-59.mp4,mp4,2018-04-11,18.3
11,Module11Chamber1-2018-04-11-19-46-46.mp4,mp4,2018-04-11,19.766666666666666
11,Module11Chamber1-2018-04-11-21-13-04.mp4,mp4,2018-04-11,21.216666666666665
11,Module11Chamber1-2018-04-11-22-32-18.mp4,mp4,2018-04-11,22.533333333333335
11,Module11Chamber1_2018_05_03_12_12_07.jpg,jpg,2018-05-03,12.2
11,Module11Chamber1-2018-04-12-01-26-38.mp4,mp4,2018-04-12,1.4333333333333333
11,Module11Chamber1-2018-04-12-15-26-32.mp4,mp4,2018-04-12,15.433333333333334
11,Module11Chamber1-2018-04-12-16-47-21.mp4,mp4,2018-04-12,16.783333333333335
11,Module11Chamber1-2018-04-12-18-13-25.mp4,mp4,2018-04-12,18.216666666666665
11,Module11Chamber1-2018-04-12-19-36-26.mp4,mp4,2018-04-12,19.6
11,Module11Chamber1-2018-04-12-21-01-51.mp4,mp4,2018-04-12,21.016666666666666
11,Module11Chamber1-2018-04-12-22-25-50.mp4,mp4,2018-04-12,22.416666666666668
11,Module11Chamber1-2018-04-12-23-50-36.mp4,mp4,2018-04-12,23.833333333333332
11,Module11Chamber1-2018-04-13-01-16-26.mp4,mp4,2018-04-13,1.2666666666666666
11,Module11Chamber1-2018-04-13-15-25-50.mp4,mp4,2018-04-13,15.416666666666666
11,Module11Chamber1-2018-04-13-16-50-48.mp4,mp4,2018-04-13,16.833333333333332
11,Module11Chamber1-2018-04-13-18-16-17.mp4,mp4,2018-04-13,18.266666666666666
11,Module11Chamber1-2018-04-13-19-39-32.mp4,mp4,2018-04-13,19.65
11,Module11Chamber1-2018-04-13-21-05-07.mp4,mp4,2018-04-13,21.083333333333332
11,Module11Chamber1-2018-04-13-22-28-46.mp4,mp4,2018-04-13,22.466666666666665
11,Module11Chamber1-2018-04-13-23-53-51.mp4,mp4,2018-04-13,23.883333333333333
11,Module11Chamber1-2018-04-14-01-19-16.mp4,mp4,2018-04-14,1.3166666666666667
11,Module11Chamber1-2018-04-14-15-26-25.mp4,mp4,2018-04-14,15.433333333333334
11,Module11Chamber1-2018-04-14-16-47-51.mp4,mp4,2018-04-14,16.783333333333335
11,Module11Chamber1-2018-04-14-18-15-28.mp4,mp4,2018-04-14,18.25
11,Module11Chamber1-2018-04-14-19-40-40.mp4,mp4,2018-04-14,19.666666666666668
11,Module11Chamber1-2018-04-14-21-09-05.mp4,mp4,2018-04-14,21.15
11,Module11Chamber1-2018-04-14-22-36-22.mp4,mp4,2018-04-14,22.6
11,Module11Chamber1_2018_05_03_13_12_08.jpg,jpg,2018-05-03,13.2
11,Module11Chamber1-2018-04-15-01-37-03.mp4,mp4,2018-04-15,1.6166666666666667
11,Module11Chamber1-2018-04-15-15-29-16.mp4,mp4,2018-04-15,15.483333333333333
11,Module11Chamber1-2018-04-15-17-07-05.mp4,mp4,2018-04-15,17.116666666666667
11,Module11Chamber1-2018-04-15-18-35-40.mp4,mp4,2018-04-15,18.583333333333332
11,Module11Chamber1-2018-04-15-20-17-18.mp4,mp4,2018-04-15,20.283333333333335
11,Module11Chamber1-2018-04-15-21-52-36.mp4,mp4,2018-04-15,21.866666666666667
11,Module11Chamber1-2018-04-15-23-25-57.mp4,mp4,2018-04-15,23.416666666666668
11,Module11Chamber1-2018-04-16-01-06-59.mp4,mp4,2018-04-16,1.1
11,Module11Chamber1-2018-04-16-16-21-18.mp4,mp4,2018-04-16,16.35
11,Module11Chamber1-2018-04-16-17-52-03.mp4,mp4,2018-04-16,17.866666666666667
11,Module11Chamber1-2018-04-16-19-34-20.mp4,mp4,2018-04-16,19.566666666666666
11,Module11Chamber1-2018-04-16-21-16-20.mp4,mp4,2018-04-16,21.266666666666666
11,Module11Chamber1-2018-04-16-22-55-16.mp4,mp4,2018-04-16,22.916666666666668
11,Module11Chamber1-2018-04-17-00-29-54.mp4,mp4,2018-04-17,0.48333333333333334
11,Module11Chamber1-2018-04-17-02-15-53.mp4,mp4,2018-04-17,2.25
11,Module11Chamber1-2018-04-17-15-49-09.mp4,mp4,2018-04-17,15.816666666666666
11,Module11Chamber1-2018-04-17-17-26-20.mp4,mp4,2018-04-17,17.433333333333334
11,Module11Chamber1-2018-04-17-19-05-38.mp4,mp4,2018-04-17,19.083333333333332
11,Module11Chamber1-2018-04-17-20-39-15.mp4,mp4,2018-04-17,20.65
11,Module11Chamber1-2018-04-17-22-21-09.mp4,mp4,2018-04-17,22.35
11,Module11Chamber1_2018_05_03_14_17_56.jpg,jpg,2018-05-03,14.283333333333333
11,Module11Chamber1-2018-04-18-01-45-42.mp4,mp4,2018-04-18,1.75
11,Module11Chamber1-2018-04-18-15-41-49.mp4,mp4,2018-04-18,15.683333333333334
11,Module11Chamber1-2018-04-18-17-07-28.mp4,mp4,2018-04-18,17.116666666666667
11,Module11Chamber1-2018-04-18-18-34-53.mp4,mp4,2018-04-18,18.566666666666666
11,Module11Chamber1-2018-04-18-20-04-37.mp4,mp4,2018-04-18,20.066666666666666
11,Module11Chamber1-2018-04-18-21-32-17.mp4,mp4,2018-04-18,21.533333333333335
11,Module11Chamber1-2018-04-18-23-06-08.mp4,mp4,2018-04-18,23.1
11,Module11Chamber1-2018-04-19-00-29-20.mp4,mp4,2018-04-19,0.48333333333333334
11,Module11Chamber1-2018-04-19-01-58-43.mp4,mp4,2018-04-19,1.9666666666666668
11,Module11Chamber1-2018-04-19-15-41-27.mp4,mp4,2018-04-19,15.683333333333334
11,Module11Chamber1_2018_05_03_15_21_01.jpg,jpg,2018-05-03,15.35
11,Module11Chamber1-2018-04-19-18-37-32.mp4,mp4,2018-04-19,18.616666666666667
11,Module11Chamber1-2018-04-19-20-07-13.mp4,mp4,2018-04-19,20.116666666666667
11,Module11Chamber1-2018-04-19-21-30-04.mp4,mp4,2018-04-19,21.5
11,Module11Chamber1-2018-04-19-23-03-09.mp4,mp4,2018-04-19,23.05
11,Module11Chamber1-2018-04-20-00-26-48.mp4,mp4,2018-04-20,0.43333333333333335
11,Module11Chamber1-2018-04-20-01-54-42.mp4,mp4,2018-04-20,1.9
11,Module11Chamber1-2018-04-20-15-41-26.mp4,mp4,2018-04-20,15.683333333333334
11,Module11Chamber1-2018-04-20-17-10-29.mp4,mp4,2018-04-20,17.166666666666668
11,Module11Chamber1-2018-04-20-18-36-35.mp4,mp4,2018-04-20,18.6
11,Module11Chamber1-2018-04-20-20-00-59.mp4,mp4,2018-04-20,20.0
11,Module11Chamber1-2018-04-20-21-28-19.mp4,mp4,2018-04-20,21.466666666666665
11,Module11Chamber1-2018-04-20-22-55-59.mp4,mp4,2018-04-20,22.916666666666668
11,._Module11Chamber1-2018-04-20-22-55-59.mp4,mp4,2018-04-20,22.916666666666668
11,._Module11Chamber1-2018-04-20-22-55-59.mp4,mp4,2018-04-20,22.916666666666668
11,Module11Chamber1-2018-04-21-00-27-38.mp4,mp4,2018-04-21,0.45
11,Module11Chamber1-2018-04-21-01-55-10.mp4,mp4,2018-04-21,1.9166666666666665
11,Module11Chamber1-2018-04-21-15-40-52.mp4,mp4,2018-04-21,15.666666666666666
11,Module11Chamber1-2018-04-21-17-09-44.mp4,mp4,2018-04-21,17.15
11,Module11Chamber1-2018-04-21-18-36-00.mp4,mp4,2018-04-21,18.6
11,Module11Chamber1-2018-04-21-20-04-27.mp4,mp4,2018-04-21,20.066666666666666
11,Module11Chamber1-2018-04-21-21-31-00.mp4,mp4,2018-04-21,21.516666666666666
11,Module11Chamber1-2018-04-21-22-59-31.mp4,mp4,2018-04-21,22.983333333333334
11,Module11Chamber1-2018-04-22-00-26-12.mp4,mp4,2018-04-22,0.43333333333333335
11,Module11Chamber1-2018-04-22-01-53-21.mp4,mp4,2018-04-22,1.8833333333333333
11,Module11Chamber1-2018-04-22-16-18-23.mp4,mp4,2018-04-22,16.3
11,Module11Chamber1-2018-04-22-17-36-14.mp4,mp4,2018-04-22,17.6
11,Module11Chamber1-2018-04-22-18-52-12.mp4,mp4,2018-04-22,18.866666666666667
11,Module11Chamber1-2018-04-22-20-16-12.mp4,mp4,2018-04-22,20.266666666666666
11,Module11Chamber1-2018-04-22-21-33-17.mp4,mp4,2018-04-22,21.55
11,Module11Chamber1-2018-04-22-22-52-38.mp4,mp4,2018-04-22,22.866666666666667
11,Module11Chamber1_2018_05_03_16_24_07.jpg,jpg,2018-05-03,16.4
11,Module11Chamber1-2018-04-23-01-29-27.mp4,mp4,2018-04-23,1.4833333333333334
11,Module11Chamber1-2018-04-23-02-47-40.mp4,mp4,2018-04-23,2.783333333333333
11,Module11Chamber1-2018-04-23-16-17-30.mp4,mp4,2018-04-23,16.283333333333335
11,Module11Chamber1-2018-04-23-17-34-11.mp4,mp4,2018-04-23,17.566666666666666
11,Module11Chamber1-2018-04-23-18-51-44.mp4,mp4,2018-04-23,18.85
11,Module11Chamber1-2018-04-23-20-06-03.mp4,mp4,2018-04-23,20.1
11,Module11Chamber1-2018-04-23-21-26-01.mp4,mp4,2018-04-23,21.433333333333334
11,Module11Chamber1-2018-04-23-22-43-34.mp4,mp4,2018-04-23,22.716666666666665
11,Module11Chamber1-2018-04-23-23-58-46.mp4,mp4,2018-04-23,23.966666666666665
11,Module11Chamber1-2018-04-24-01-20-42.mp4,mp4,2018-04-24,1.3333333333333333
11,Module11Chamber1-2018-04-24-02-37-59.mp4,mp4,2018-04-24,2.6166666666666667
11,Module11Chamber1-2018-04-24-16-13-09.mp4,mp4,2018-04-24,16.216666666666665
11,Module11Chamber1-2018-04-24-17-33-33.mp4,mp4,2018-04-24,17.55
11,Module11Chamber1-2018-04-24-20-11-44.mp4,mp4,2018-04-24,20.183333333333334
11,Module11Chamber1-2018-04-24-21-25-39.mp4,mp4,2018-04-24,21.416666666666668
11,Module11Chamber1-2018-04-24-22-48-35.mp4,mp4,2018-04-24,22.8
11,Module11Chamber1_2018_05_03_17_27_12.jpg,jpg,2018-05-03,17.45
11,Module11Chamber1-2018-04-25-01-30-43.mp4,mp4,2018-04-25,1.5
11,Module11Chamber1-2018-04-25-02-49-41.mp4,mp4,2018-04-25,2.8166666666666664
11,Module11Chamber1-2018-04-25-16-23-02.mp4,mp4,2018-04-25,16.383333333333333
11,Module11Chamber1-2018-04-25-17-48-53.mp4,mp4,2018-04-25,17.8
11,Module11Chamber1-2018-04-25-19-17-48.mp4,mp4,2018-04-25,19.283333333333335
11,Module11Chamber1-2018-04-25-20-44-32.mp4,mp4,2018-04-25,20.733333333333334
11,Module11Chamber1-2018-04-25-22-15-54.mp4,mp4,2018-04-25,22.25
11,Module11Chamber1-2018-04-25-23-41-13.mp4,mp4,2018-04-25,23.683333333333334
11,Module11Chamber1-2018-04-26-01-14-25.mp4,mp4,2018-04-26,1.2333333333333334
11,Module11Chamber1-2018-04-26-02-45-56.mp4,mp4,2018-04-26,2.75
11,Module11Chamber1-2018-04-26-16-33-56.mp4,mp4,2018-04-26,16.55
11,Module11Chamber1-2018-04-26-18-14-32.mp4,mp4,2018-04-26,18.233333333333334
11,Module11Chamber1-2018-04-26-19-54-13.mp4,mp4,2018-04-26,19.9
11,Module11Chamber1-2018-04-26-21-31-01.mp4,mp4,2018-04-26,21.516666666666666
11,Module11Chamber1-2018-04-26-23-20-26.mp4,mp4,2018-04-26,23.333333333333332
11,Module11Chamber1-2018-04-27-01-03-38.mp4,mp4,2018-04-27,1.05
11,Module11Chamber1-2018-04-27-02-49-06.mp4,mp4,2018-04-27,2.8166666666666664
11,Module11Chamber1-2018-04-27-16-35-47.mp4,mp4,2018-04-27,16.583333333333332
11,Module11Chamber1-2018-04-27-18-14-48.mp4,mp4,2018-04-27,18.233333333333334
11,Module11Chamber1-2018-04-27-19-42-26.mp4,mp4,2018-04-27,19.7
11,Module11Chamber1-2018-04-27-21-20-33.mp4,mp4,2018-04-27,21.333333333333332
11,Module11Chamber1-2018-04-27-22-48-48.mp4,mp4,2018-04-27,22.8
11,Module11Chamber1_2018_05_03_18_29_59.jpg,jpg,2018-05-03,18.483333333333334
11,Module11Chamber1-2018-04-28-01-55-12.mp4,mp4,2018-04-28,1.9166666666666665
11,Module11Chamber1-2018-04-28-16-23-25.mp4,mp4,2018-04-28,16.383333333333333
11,Module11Chamber1-2018-04-28-17-44-56.mp4,mp4,2018-04-28,17.733333333333334
11,Module11Chamber1-2018-04-28-19-12-35.mp4,mp4,2018-04-28,19.2
11,Module11Chamber1-2018-04-28-20-36-48.mp4,mp4,2018-04-28,20.6
11,Module11Chamber1-2018-04-28-22-03-52.mp4,mp4,2018-04-28,22.05
11,Module11Chamber1-2018-04-28-23-32-37.mp4,mp4,2018-04-28,23.533333333333335
11,Module11Chamber1-2018-04-29-00-59-22.mp4,mp4,2018-04-29,0.9833333333333333
11,Module11Chamber1-2018-04-29-02-21-55.mp4,mp4,2018-04-29,2.35
11,Module11Chamber1-2018-04-29-16-20-07.mp4,mp4,2018-04-29,16.333333333333332
11,Module11Chamber1-2018-04-29-17-49-10.mp4,mp4,2018-04-29,17.816666666666666
11,Module11Chamber1-2018-04-29-19-11-49.mp4,mp4,2018-04-29,19.183333333333334
11,Module11Chamber1-2018-04-29-20-36-47.mp4,mp4,2018-04-29,20.6
11,Module11Chamber1-2018-04-29-22-07-07.mp4,mp4,2018-04-29,22.116666666666667
11,Module11Chamber1-2018-04-29-23-32-04.mp4,mp4,2018-04-29,23.533333333333335
11,Module11Chamber1-2018-04-30-01-01-18.mp4,mp4,2018-04-30,1.0166666666666666
11,Module11Chamber1-2018-04-30-02-28-42.mp4,mp4,2018-04-30,2.466666666666667
11,Module11Chamber1-2018-05-02-08-35-07.mp4,mp4,2018-05-02,8.583333333333334
11,Module11Chamber1-2018-05-02-09-38-44.mp4,mp4,2018-05-02,9.633333333333333
11,Module11Chamber1-2018-05-02-10-52-27.mp4,mp4,2018-05-02,10.866666666666667
11,Module11Chamber1-2018-05-02-11-56-52.mp4,mp4,2018-05-02,11.933333333333334
11,Module11Chamber1-2018-05-02-12-58-04.mp4,mp4,2018-05-02,12.966666666666667
11,Module11Chamber1-2018-05-02-14-02-27.mp4,mp4,2018-05-02,14.033333333333333
11,Module11Chamber1-2018-05-02-15-09-51.mp4,mp4,2018-05-02,15.15
11,Module11Chamber1-2018-05-02-16-13-50.mp4,mp4,2018-05-02,16.216666666666665
11,Module11Chamber1-2018-05-02-17-18-20.mp4,mp4,2018-05-02,17.3
11,Module11Chamber1-2018-05-02-18-22-22.mp4,mp4,2018-05-02,18.366666666666667
11,Module11Chamber1-2018-05-02-19-26-34.mp4,mp4,2018-05-02,19.433333333333334
11,Module11Chamber1-2018-05-03-09-33-54.mp4,mp4,2018-05-03,9.55
11,Module11Chamber1-2018-05-03-11-09-08.mp4,mp4,2018-05-03,11.15
11,Module11Chamber1-2018-05-03-12-12-07.mp4,mp4,2018-05-03,12.2
11,Module11Chamber1-2018-05-03-13-12-08.mp4,mp4,2018-05-03,13.2
11,Module11Chamber1-2018-05-03-14-17-56.mp4,mp4,2018-05-03,14.283333333333333
11,Module11Chamber1-2018-05-03-15-21-01.mp4,mp4,2018-05-03,15.35
11,Module11Chamber1-2018-05-03-16-24-07.mp4,mp4,2018-05-03,16.4
11,Module11Chamber1-2018-05-03-17-27-12.mp4,mp4,2018-05-03,17.45
11,Module11Chamber1-2018-05-03-18-29-59.mp4,mp4,2018-05-03,18.483333333333334
11,Module11Chamber1-2018-05-03-19-32-44.mp4,mp4,2018-05-03,19.533333333333335
11,Module11Chamber1_2018_05_03_19_32_44.jpg,jpg,2018-05-03,19.533333333333335
