variable,label,dataset,n_days_base,T_hours,dphi,n_animals,power_intercept,power_slope,sd_base,sd_treat
tb_core,심부체온,helissen2022,3,24,1.0,3,0.11134698429739677,0.1928798399888449,0.30679174776681073,2.7687328229841817
tb_core,심부체온,helissen2022,3,24,1.0,4,0.16157723148931566,0.3141403836030693,0.30679174776681073,2.7687328229841817
tb_core,심부체온,helissen2022,3,24,1.0,5,0.21566896759545395,0.43697853468964476,0.30679174776681073,2.7687328229841817
tb_core,심부체온,helissen2022,3,24,1.0,6,0.2708083525306361,0.549287168538893,0.30679174776681073,2.7687328229841817
tb_core,심부체온,helissen2022,3,24,1.0,7,0.32550444868649814,0.6461992080422548,0.30679174776681073,2.7687328229841817
tb_core,심부체온,helissen2022,3,24,1.0,8,0.378840387782591,0.7266954410026524,0.30679174776681073,2.7687328229841817
tb_core,심부체온,helissen2022,3,24,1.0,10,0.4791981518126181,0.8431243362234008,0.30679174776681073,2.7687328229841817
tb_core,심부체온,helissen2022,3,24,1.0,12,0.5690793059728576,0.9136074989763567,0.30679174776681073,2.7687328229841817
tb_core,심부체온,helissen2022,3,24,1.0,16,0.7144967006216502,0.9761280095902031,0.30679174776681073,2.7687328229841817
tb_core,심부체온,helissen2022,3,24,1.0,20,0.8174752586788532,0.9939874236644614,0.30679174776681073,2.7687328229841817
tb_core,심부체온,helissen2022,3,24,1.0,24,0.8866317521021384,0.9985868460500198,0.30679174776681073,2.7687328229841817
tb_core,심부체온,helissen2022,3,24,2.0,3,0.2726255190908473,0.1928798399888449,0.30679174776681073,2.7687328229841817
tb_core,심부체온,helissen2022,3,24,2.0,4,0.45842353331013597,0.3141403836030693,0.30679174776681073,2.7687328229841817
tb_core,심부체온,helissen2022,3,24,2.0,5,0.6250799785427704,0.43697853468964476,0.30679174776681073,2.7687328229841817
tb_core,심부체온,helissen2022,3,24,2.0,6,0.7533188012163764,0.549287168538893,0.30679174776681073,2.7687328229841817
tb_core,심부체온,helissen2022,3,24,2.0,7,0.8437012928344383,0.6461992080422548,0.30679174776681073,2.7687328229841817
tb_core,심부체온,helissen2022,3,24,2.0,8,0.9038443664251198,0.7266954410026524,0.30679174776681073,2.7687328229841817
tb_core,심부체온,helissen2022,3,24,2.0,10,0.9659970944389004,0.8431243362234008,0.30679174776681073,2.7687328229841817
tb_core,심부체온,helissen2022,3,24,2.0,12,0.9887787444363184,0.9136074989763567,0.30679174776681073,2.7687328229841817
tb_core,심부체온,helissen2022,3,24,2.0,16,0.9989455584601695,0.9761280095902031,0.30679174776681073,2.7687328229841817
tb_core,심부체온,helissen2022,3,24,2.0,20,0.9999139288599364,0.9939874236644614,0.30679174776681073,2.7687328229841817
tb_core,심부체온,helissen2022,3,24,2.0,24,0.999993653081565,0.9985868460500198,0.30679174776681073,2.7687328229841817
tb_core,심부체온,helissen2022,3,24,3.0,3,0.47904389839762995,0.1928798399888449,0.30679174776681073,2.7687328229841817
tb_core,심부체온,helissen2022,3,24,3.0,4,0.7648887774819082,0.3141403836030693,0.30679174776681073,2.7687328229841817
tb_core,심부체온,helissen2022,3,24,3.0,5,0.9154384573058097,0.43697853468964476,0.30679174776681073,2.7687328229841817
tb_core,심부체온,helissen2022,3,24,3.0,6,0.9736421771212777,0.549287168538893,0.30679174776681073,2.7687328229841817
tb_core,심부체온,helissen2022,3,24,3.0,7,0.9925360910114621,0.6461992080422548,0.30679174776681073,2.7687328229841817
tb_core,심부체온,helissen2022,3,24,3.0,8,0.9980272497594911,0.7266954410026524,0.30679174776681073,2.7687328229841817
tb_core,심부체온,helissen2022,3,24,3.0,10,0.9998809643678882,0.8431243362234008,0.30679174776681073,2.7687328229841817
tb_core,심부체온,helissen2022,3,24,3.0,12,0.9999937464230821,0.9136074989763567,0.30679174776681073,2.7687328229841817
tb_core,심부체온,helissen2022,3,24,3.0,16,0.9999999868856887,0.9761280095902031,0.30679174776681073,2.7687328229841817
tb_core,심부체온,helissen2022,3,24,3.0,20,,0.9939874236644614,0.30679174776681073,2.7687328229841817
tb_core,심부체온,helissen2022,3,24,3.0,24,,0.9985868460500198,0.30679174776681073,2.7687328229841817
tb_core,심부체온,helissen2022,3,20,1.0,3,0.11134698429739677,0.9999999999837641,0.30679174776681073,2.7687328229841817
tb_core,심부체온,helissen2022,3,20,1.0,4,0.16157723148931566,1.0,0.30679174776681073,2.7687328229841817
tb_core,심부체온,helissen2022,3,20,1.0,5,0.21566896759545395,,0.30679174776681073,2.7687328229841817
tb_core,심부체온,helissen2022,3,20,1.0,6,0.2708083525306361,1.0,0.30679174776681073,2.7687328229841817
tb_core,심부체온,helissen2022,3,20,1.0,7,0.32550444868649814,1.0,0.30679174776681073,2.7687328229841817
tb_core,심부체온,helissen2022,3,20,1.0,8,0.378840387782591,,0.30679174776681073,2.7687328229841817
tb_core,심부체온,helissen2022,3,20,1.0,10,0.4791981518126181,,0.30679174776681073,2.7687328229841817
tb_core,심부체온,helissen2022,3,20,1.0,12,0.5690793059728576,,0.30679174776681073,2.7687328229841817
tb_core,심부체온,helissen2022,3,20,1.0,16,0.7144967006216502,1.0,0.30679174776681073,2.7687328229841817
tb_core,심부체온,helissen2022,3,20,1.0,20,0.8174752586788532,1.0,0.30679174776681073,2.7687328229841817
tb_core,심부체온,helissen2022,3,20,1.0,24,0.8866317521021384,1.0,0.30679174776681073,2.7687328229841817
tb_core,심부체온,helissen2022,3,20,2.0,3,0.2726255190908473,0.9999999999837641,0.30679174776681073,2.7687328229841817
tb_core,심부체온,helissen2022,3,20,2.0,4,0.45842353331013597,1.0,0.30679174776681073,2.7687328229841817
tb_core,심부체온,helissen2022,3,20,2.0,5,0.6250799785427704,,0.30679174776681073,2.7687328229841817
tb_core,심부체온,helissen2022,3,20,2.0,6,0.7533188012163764,1.0,0.30679174776681073,2.7687328229841817
tb_core,심부체온,helissen2022,3,20,2.0,7,0.8437012928344383,1.0,0.30679174776681073,2.7687328229841817
tb_core,심부체온,helissen2022,3,20,2.0,8,0.9038443664251198,,0.30679174776681073,2.7687328229841817
tb_core,심부체온,helissen2022,3,20,2.0,10,0.9659970944389004,,0.30679174776681073,2.7687328229841817
tb_core,심부체온,helissen2022,3,20,2.0,12,0.9887787444363184,,0.30679174776681073,2.7687328229841817
tb_core,심부체온,helissen2022,3,20,2.0,16,0.9989455584601695,1.0,0.30679174776681073,2.7687328229841817
tb_core,심부체온,helissen2022,3,20,2.0,20,0.9999139288599364,1.0,0.30679174776681073,2.7687328229841817
tb_core,심부체온,helissen2022,3,20,2.0,24,0.999993653081565,1.0,0.30679174776681073,2.7687328229841817
tb_core,심부체온,helissen2022,3,20,3.0,3,0.47904389839762995,0.9999999999837641,0.30679174776681073,2.7687328229841817
tb_core,심부체온,helissen2022,3,20,3.0,4,0.7648887774819082,1.0,0.30679174776681073,2.7687328229841817
tb_core,심부체온,helissen2022,3,20,3.0,5,0.9154384573058097,,0.30679174776681073,2.7687328229841817
tb_core,심부체온,helissen2022,3,20,3.0,6,0.9736421771212777,1.0,0.30679174776681073,2.7687328229841817
tb_core,심부체온,helissen2022,3,20,3.0,7,0.9925360910114621,1.0,0.30679174776681073,2.7687328229841817
tb_core,심부체온,helissen2022,3,20,3.0,8,0.9980272497594911,,0.30679174776681073,2.7687328229841817
tb_core,심부체온,helissen2022,3,20,3.0,10,0.9998809643678882,,0.30679174776681073,2.7687328229841817
tb_core,심부체온,helissen2022,3,20,3.0,12,0.9999937464230821,,0.30679174776681073,2.7687328229841817
tb_core,심부체온,helissen2022,3,20,3.0,16,0.9999999868856887,1.0,0.30679174776681073,2.7687328229841817
tb_core,심부체온,helissen2022,3,20,3.0,20,,1.0,0.30679174776681073,2.7687328229841817
tb_core,심부체온,helissen2022,3,20,3.0,24,,1.0,0.30679174776681073,2.7687328229841817
tb_core,심부체온,helissen2022,3,28,1.0,3,0.11134698429739677,0.9999999999999972,0.30679174776681073,2.7687328229841817
tb_core,심부체온,helissen2022,3,28,1.0,4,0.16157723148931566,,0.30679174776681073,2.7687328229841817
tb_core,심부체온,helissen2022,3,28,1.0,5,0.21566896759545395,,0.30679174776681073,2.7687328229841817
tb_core,심부체온,helissen2022,3,28,1.0,6,0.2708083525306361,1.0,0.30679174776681073,2.7687328229841817
tb_core,심부체온,helissen2022,3,28,1.0,7,0.32550444868649814,,0.30679174776681073,2.7687328229841817
tb_core,심부체온,helissen2022,3,28,1.0,8,0.378840387782591,,0.30679174776681073,2.7687328229841817
tb_core,심부체온,helissen2022,3,28,1.0,10,0.4791981518126181,1.0,0.30679174776681073,2.7687328229841817
tb_core,심부체온,helissen2022,3,28,1.0,12,0.5690793059728576,1.0,0.30679174776681073,2.7687328229841817
tb_core,심부체온,helissen2022,3,28,1.0,16,0.7144967006216502,1.0,0.30679174776681073,2.7687328229841817
tb_core,심부체온,helissen2022,3,28,1.0,20,0.8174752586788532,1.0,0.30679174776681073,2.7687328229841817
tb_core,심부체온,helissen2022,3,28,1.0,24,0.8866317521021384,1.0,0.30679174776681073,2.7687328229841817
tb_core,심부체온,helissen2022,3,28,2.0,3,0.2726255190908473,0.9999999999999972,0.30679174776681073,2.7687328229841817
tb_core,심부체온,helissen2022,3,28,2.0,4,0.45842353331013597,,0.30679174776681073,2.7687328229841817
tb_core,심부체온,helissen2022,3,28,2.0,5,0.6250799785427704,,0.30679174776681073,2.7687328229841817
tb_core,심부체온,helissen2022,3,28,2.0,6,0.7533188012163764,1.0,0.30679174776681073,2.7687328229841817
tb_core,심부체온,helissen2022,3,28,2.0,7,0.8437012928344383,,0.30679174776681073,2.7687328229841817
tb_core,심부체온,helissen2022,3,28,2.0,8,0.9038443664251198,,0.30679174776681073,2.7687328229841817
tb_core,심부체온,helissen2022,3,28,2.0,10,0.9659970944389004,1.0,0.30679174776681073,2.7687328229841817
tb_core,심부체온,helissen2022,3,28,2.0,12,0.9887787444363184,1.0,0.30679174776681073,2.7687328229841817
tb_core,심부체온,helissen2022,3,28,2.0,16,0.9989455584601695,1.0,0.30679174776681073,2.7687328229841817
tb_core,심부체온,helissen2022,3,28,2.0,20,0.9999139288599364,1.0,0.30679174776681073,2.7687328229841817
tb_core,심부체온,helissen2022,3,28,2.0,24,0.999993653081565,1.0,0.30679174776681073,2.7687328229841817
tb_core,심부체온,helissen2022,3,28,3.0,3,0.47904389839762995,0.9999999999999972,0.30679174776681073,2.7687328229841817
tb_core,심부체온,helissen2022,3,28,3.0,4,0.7648887774819082,,0.30679174776681073,2.7687328229841817
tb_core,심부체온,helissen2022,3,28,3.0,5,0.9154384573058097,,0.30679174776681073,2.7687328229841817
tb_core,심부체온,helissen2022,3,28,3.0,6,0.9736421771212777,1.0,0.30679174776681073,2.7687328229841817
tb_core,심부체온,helissen2022,3,28,3.0,7,0.9925360910114621,,0.30679174776681073,2.7687328229841817
tb_core,심부체온,helissen2022,3,28,3.0,8,0.9980272497594911,,0.30679174776681073,2.7687328229841817
tb_core,심부체온,helissen2022,3,28,3.0,10,0.9998809643678882,1.0,0.30679174776681073,2.7687328229841817
tb_core,심부체온,helissen2022,3,28,3.0,12,0.9999937464230821,1.0,0.30679174776681073,2.7687328229841817
tb_core,심부체온,helissen2022,3,28,3.0,16,0.9999999868856887,1.0,0.30679174776681073,2.7687328229841817
tb_core,심부체온,helissen2022,3,28,3.0,20,,1.0,0.30679174776681073,2.7687328229841817
tb_core,심부체온,helissen2022,3,28,3.0,24,,1.0,0.30679174776681073,2.7687328229841817
tb_core,심부체온,helissen2022,5,24,1.0,3,0.11465986707117479,0.2999677874310862,0.30679174776681073,2.7687328229841817
tb_core,심부체온,helissen2022,5,24,1.0,4,0.16774817990527904,0.5053858073022628,0.30679174776681073,2.7687328229841817
tb_core,심부체온,helissen2022,5,24,1.0,5,0.2248711249273877,0.680151602952093,0.30679174776681073,2.7687328229841817
tb_core,심부체온,helissen2022,5,24,1.0,6,0.2829502257974009,0.8053976225183362,0.30679174776681073,2.7687328229841817
tb_core,심부체온,helissen2022,5,24,1.0,7,0.3403438722181224,0.8867541518874529,0.30679174776681073,2.7687328229841817
tb_core,심부체온,helissen2022,5,24,1.0,8,0.39604864822126334,0.9363215387918433,0.30679174776681073,2.7687328229841817
tb_core,심부체온,helissen2022,5,24,1.0,10,0.500003878548769,0.9813769573380142,0.30679174776681073,2.7687328229841817
tb_core,심부체온,helissen2022,5,24,1.0,12,0.5919413788118748,0.9949643021568715,0.30679174776681073,2.7687328229841817
tb_core,심부체온,helissen2022,5,24,1.0,16,0.7376173054820273,0.9996878638471811,0.30679174776681073,2.7687328229841817
tb_core,심부체온,helissen2022,5,24,1.0,20,0.8376021738675596,0.9999834477812992,0.30679174776681073,2.7687328229841817
tb_core,심부체온,helissen2022,5,24,1.0,24,0.9025247502829585,0.9999992150645634,0.30679174776681073,2.7687328229841817
tb_core,심부체온,helissen2022,5,24,2.0,3,0.2834115729935069,0.2999677874310862,0.30679174776681073,2.7687328229841817
tb_core,심부체온,helissen2022,5,24,2.0,4,0.4771346965822656,0.5053858073022628,0.30679174776681073,2.7687328229841817
tb_core,심부체온,helissen2022,5,24,2.0,5,0.6474222900507517,0.680151602952093,0.30679174776681073,2.7687328229841817
tb_core,심부체온,helissen2022,5,24,2.0,6,0.7749192588444004,0.8053976225183362,0.30679174776681073,2.7687328229841817
tb_core,심부체온,helissen2022,5,24,2.0,7,0.8619954209205074,0.8867541518874529,0.30679174776681073,2.7687328229841817
tb_core,심부체온,helissen2022,5,24,2.0,8,0.9179980316068097,0.9363215387918433,0.30679174776681073,2.7687328229841817
tb_core,심부체온,helissen2022,5,24,2.0,10,0.9730560594135661,0.9813769573380142,0.30679174776681073,2.7687328229841817
tb_core,심부체온,helissen2022,5,24,2.0,12,0.9917683656673798,0.9949643021568715,0.30679174776681073,2.7687328229841817
tb_core,심부체온,helissen2022,5,24,2.0,16,0.9993417050758752,0.9996878638471811,0.30679174776681073,2.7687328229841817
tb_core,심부체온,helissen2022,5,24,2.0,20,0.9999545463670402,0.9999834477812992,0.30679174776681073,2.7687328229841817
tb_core,심부체온,helissen2022,5,24,2.0,24,0.999997176230089,0.9999992150645634,0.30679174776681073,2.7687328229841817
tb_core,심부체온,helissen2022,5,24,3.0,3,0.4962645433221479,0.2999677874310862,0.30679174776681073,2.7687328229841817
tb_core,심부체온,helissen2022,5,24,3.0,4,0.7847474423487192,0.5053858073022628,0.30679174776681073,2.7687328229841817
tb_core,심부체온,helissen2022,5,24,3.0,5,0.9279302053023741,0.680151602952093,0.30679174776681073,2.7687328229841817
tb_core,심부체온,helissen2022,5,24,3.0,6,0.979286736392864,0.8053976225183362,0.30679174776681073,2.7687328229841817
tb_core,심부체온,helissen2022,5,24,3.0,7,0.9946223627735773,0.8867541518874529,0.30679174776681073,2.7687328229841817
tb_core,심부체온,helissen2022,5,24,3.0,8,0.9987016691864679,0.9363215387918433,0.30679174776681073,2.7687328229841817
tb_core,심부체온,helissen2022,5,24,3.0,10,0.999935086877078,0.9813769573380142,0.30679174776681073,2.7687328229841817
tb_core,심부체온,helissen2022,5,24,3.0,12,0.9999971909773838,0.9949643021568715,0.30679174776681073,2.7687328229841817
tb_core,심부체온,helissen2022,5,24,3.0,16,0.9999999960446301,0.9996878638471811,0.30679174776681073,2.7687328229841817
tb_core,심부체온,helissen2022,5,24,3.0,20,,0.9999834477812992,0.30679174776681073,2.7687328229841817
tb_core,심부체온,helissen2022,5,24,3.0,24,,0.9999992150645634,0.30679174776681073,2.7687328229841817
tb_core,심부체온,helissen2022,5,20,1.0,3,0.11465986707117479,1.0,0.30679174776681073,2.7687328229841817
tb_core,심부체온,helissen2022,5,20,1.0,4,0.16774817990527904,,0.30679174776681073,2.7687328229841817
tb_core,심부체온,helissen2022,5,20,1.0,5,0.2248711249273877,,0.30679174776681073,2.7687328229841817
tb_core,심부체온,helissen2022,5,20,1.0,6,0.2829502257974009,1.0,0.30679174776681073,2.7687328229841817
tb_core,심부체온,helissen2022,5,20,1.0,7,0.3403438722181224,,0.30679174776681073,2.7687328229841817
tb_core,심부체온,helissen2022,5,20,1.0,8,0.39604864822126334,,0.30679174776681073,2.7687328229841817
tb_core,심부체온,helissen2022,5,20,1.0,10,0.500003878548769,1.0,0.30679174776681073,2.7687328229841817
tb_core,심부체온,helissen2022,5,20,1.0,12,0.5919413788118748,1.0,0.30679174776681073,2.7687328229841817
tb_core,심부체온,helissen2022,5,20,1.0,16,0.7376173054820273,1.0,0.30679174776681073,2.7687328229841817
tb_core,심부체온,helissen2022,5,20,1.0,20,0.8376021738675596,1.0,0.30679174776681073,2.7687328229841817
tb_core,심부체온,helissen2022,5,20,1.0,24,0.9025247502829585,1.0,0.30679174776681073,2.7687328229841817
tb_core,심부체온,helissen2022,5,20,2.0,3,0.2834115729935069,1.0,0.30679174776681073,2.7687328229841817
tb_core,심부체온,helissen2022,5,20,2.0,4,0.4771346965822656,,0.30679174776681073,2.7687328229841817
tb_core,심부체온,helissen2022,5,20,2.0,5,0.6474222900507517,,0.30679174776681073,2.7687328229841817
tb_core,심부체온,helissen2022,5,20,2.0,6,0.7749192588444004,1.0,0.30679174776681073,2.7687328229841817
tb_core,심부체온,helissen2022,5,20,2.0,7,0.8619954209205074,,0.30679174776681073,2.7687328229841817
tb_core,심부체온,helissen2022,5,20,2.0,8,0.9179980316068097,,0.30679174776681073,2.7687328229841817
tb_core,심부체온,helissen2022,5,20,2.0,10,0.9730560594135661,1.0,0.30679174776681073,2.7687328229841817
tb_core,심부체온,helissen2022,5,20,2.0,12,0.9917683656673798,1.0,0.30679174776681073,2.7687328229841817
tb_core,심부체온,helissen2022,5,20,2.0,16,0.9993417050758752,1.0,0.30679174776681073,2.7687328229841817
tb_core,심부체온,helissen2022,5,20,2.0,20,0.9999545463670402,1.0,0.30679174776681073,2.7687328229841817
tb_core,심부체온,helissen2022,5,20,2.0,24,0.999997176230089,1.0,0.30679174776681073,2.7687328229841817
tb_core,심부체온,helissen2022,5,20,3.0,3,0.4962645433221479,1.0,0.30679174776681073,2.7687328229841817
tb_core,심부체온,helissen2022,5,20,3.0,4,0.7847474423487192,,0.30679174776681073,2.7687328229841817
tb_core,심부체온,helissen2022,5,20,3.0,5,0.9279302053023741,,0.30679174776681073,2.7687328229841817
tb_core,심부체온,helissen2022,5,20,3.0,6,0.979286736392864,1.0,0.30679174776681073,2.7687328229841817
tb_core,심부체온,helissen2022,5,20,3.0,7,0.9946223627735773,,0.30679174776681073,2.7687328229841817
tb_core,심부체온,helissen2022,5,20,3.0,8,0.9987016691864679,,0.30679174776681073,2.7687328229841817
tb_core,심부체온,helissen2022,5,20,3.0,10,0.999935086877078,1.0,0.30679174776681073,2.7687328229841817
tb_core,심부체온,helissen2022,5,20,3.0,12,0.9999971909773838,1.0,0.30679174776681073,2.7687328229841817
tb_core,심부체온,helissen2022,5,20,3.0,16,0.9999999960446301,1.0,0.30679174776681073,2.7687328229841817
tb_core,심부체온,helissen2022,5,20,3.0,20,,1.0,0.30679174776681073,2.7687328229841817
tb_core,심부체온,helissen2022,5,20,3.0,24,,1.0,0.30679174776681073,2.7687328229841817
tb_core,심부체온,helissen2022,5,28,1.0,3,0.11465986707117479,1.0,0.30679174776681073,2.7687328229841817
tb_core,심부체온,helissen2022,5,28,1.0,4,0.16774817990527904,,0.30679174776681073,2.7687328229841817
tb_core,심부체온,helissen2022,5,28,1.0,5,0.2248711249273877,1.0,0.30679174776681073,2.7687328229841817
tb_core,심부체온,helissen2022,5,28,1.0,6,0.2829502257974009,1.0,0.30679174776681073,2.7687328229841817
tb_core,심부체온,helissen2022,5,28,1.0,7,0.3403438722181224,1.0,0.30679174776681073,2.7687328229841817
tb_core,심부체온,helissen2022,5,28,1.0,8,0.39604864822126334,1.0,0.30679174776681073,2.7687328229841817
tb_core,심부체온,helissen2022,5,28,1.0,10,0.500003878548769,1.0,0.30679174776681073,2.7687328229841817
tb_core,심부체온,helissen2022,5,28,1.0,12,0.5919413788118748,1.0,0.30679174776681073,2.7687328229841817
tb_core,심부체온,helissen2022,5,28,1.0,16,0.7376173054820273,1.0,0.30679174776681073,2.7687328229841817
tb_core,심부체온,helissen2022,5,28,1.0,20,0.8376021738675596,1.0,0.30679174776681073,2.7687328229841817
tb_core,심부체온,helissen2022,5,28,1.0,24,0.9025247502829585,1.0,0.30679174776681073,2.7687328229841817
tb_core,심부체온,helissen2022,5,28,2.0,3,0.2834115729935069,1.0,0.30679174776681073,2.7687328229841817
tb_core,심부체온,helissen2022,5,28,2.0,4,0.4771346965822656,,0.30679174776681073,2.7687328229841817
tb_core,심부체온,helissen2022,5,28,2.0,5,0.6474222900507517,1.0,0.30679174776681073,2.7687328229841817
tb_core,심부체온,helissen2022,5,28,2.0,6,0.7749192588444004,1.0,0.30679174776681073,2.7687328229841817
tb_core,심부체온,helissen2022,5,28,2.0,7,0.8619954209205074,1.0,0.30679174776681073,2.7687328229841817
tb_core,심부체온,helissen2022,5,28,2.0,8,0.9179980316068097,1.0,0.30679174776681073,2.7687328229841817
tb_core,심부체온,helissen2022,5,28,2.0,10,0.9730560594135661,1.0,0.30679174776681073,2.7687328229841817
tb_core,심부체온,helissen2022,5,28,2.0,12,0.9917683656673798,1.0,0.30679174776681073,2.7687328229841817
tb_core,심부체온,helissen2022,5,28,2.0,16,0.9993417050758752,1.0,0.30679174776681073,2.7687328229841817
tb_core,심부체온,helissen2022,5,28,2.0,20,0.9999545463670402,1.0,0.30679174776681073,2.7687328229841817
tb_core,심부체온,helissen2022,5,28,2.0,24,0.999997176230089,1.0,0.30679174776681073,2.7687328229841817
tb_core,심부체온,helissen2022,5,28,3.0,3,0.4962645433221479,1.0,0.30679174776681073,2.7687328229841817
tb_core,심부체온,helissen2022,5,28,3.0,4,0.7847474423487192,,0.30679174776681073,2.7687328229841817
tb_core,심부체온,helissen2022,5,28,3.0,5,0.9279302053023741,1.0,0.30679174776681073,2.7687328229841817
tb_core,심부체온,helissen2022,5,28,3.0,6,0.979286736392864,1.0,0.30679174776681073,2.7687328229841817
tb_core,심부체온,helissen2022,5,28,3.0,7,0.9946223627735773,1.0,0.30679174776681073,2.7687328229841817
tb_core,심부체온,helissen2022,5,28,3.0,8,0.9987016691864679,1.0,0.30679174776681073,2.7687328229841817
tb_core,심부체온,helissen2022,5,28,3.0,10,0.999935086877078,1.0,0.30679174776681073,2.7687328229841817
tb_core,심부체온,helissen2022,5,28,3.0,12,0.9999971909773838,1.0,0.30679174776681073,2.7687328229841817
tb_core,심부체온,helissen2022,5,28,3.0,16,0.9999999960446301,1.0,0.30679174776681073,2.7687328229841817
tb_core,심부체온,helissen2022,5,28,3.0,20,,1.0,0.30679174776681073,2.7687328229841817
tb_core,심부체온,helissen2022,5,28,3.0,24,,1.0,0.30679174776681073,2.7687328229841817
tb_core,심부체온,helissen2022,7,24,1.0,3,0.11577061959361662,0.3340116406104274,0.30679174776681073,2.7687328229841817
tb_core,심부체온,helissen2022,7,24,1.0,4,0.16981912820529727,0.5615148727947868,0.30679174776681073,2.7687328229841817
tb_core,심부체온,helissen2022,7,24,1.0,5,0.22795712565615023,0.7413989108618285,0.30679174776681073,2.7687328229841817
tb_core,심부체온,helissen2022,7,24,1.0,6,0.2870145147923095,0.8584251183107682,0.30679174776681073,2.7687328229841817
tb_core,심부체온,helissen2022,7,24,1.0,7,0.34529793827152033,0.9265191496792441,0.30679174776681073,2.7687328229841817
tb_core,심부체온,helissen2022,7,24,1.0,8,0.40177494511075573,0.9633752562968592,0.30679174776681073,2.7687328229841817
tb_core,심부체온,helissen2022,7,24,1.0,10,0.5068739568110063,0.9916900070822189,0.30679174776681073,2.7687328229841817
tb_core,심부체온,helissen2022,7,24,1.0,12,0.5994235126086023,0.9982765230227997,0.30679174776681073,2.7687328229841817
tb_core,심부체온,helissen2022,7,24,1.0,16,0.7450333525904755,0.9999384864354275,0.30679174776681073,2.7687328229841817
tb_core,심부체온,helissen2022,7,24,1.0,20,0.8439164557367882,0.9999981558936524,0.30679174776681073,2.7687328229841817
tb_core,심부체온,helissen2022,7,24,1.0,24,0.9073945649620684,0.9999999511585395,0.30679174776681073,2.7687328229841817
tb_core,심부체온,helissen2022,7,24,2.0,3,0.2870009539171844,0.3340116406104274,0.30679174776681073,2.7687328229841817
tb_core,심부체온,helissen2022,7,24,2.0,4,0.4833090146475728,0.5615148727947868,0.30679174776681073,2.7687328229841817
tb_core,심부체온,helissen2022,7,24,2.0,5,0.6546798872525057,0.7413989108618285,0.30679174776681073,2.7687328229841817
tb_core,심부체온,helissen2022,7,24,2.0,6,0.7817993118511208,0.8584251183107682,0.30679174776681073,2.7687328229841817
tb_core,심부체온,helissen2022,7,24,2.0,7,0.8676953421816757,0.9265191496792441,0.30679174776681073,2.7687328229841817
tb_core,심부체온,helissen2022,7,24,2.0,8,0.9223048672972565,0.9633752562968592,0.30679174776681073,2.7687328229841817
tb_core,심부체온,helissen2022,7,24,2.0,10,0.9750981903991196,0.9916900070822189,0.30679174776681073,2.7687328229841817
tb_core,심부체온,helissen2022,7,24,2.0,12,0.9925881521144235,0.9982765230227997,0.30679174776681073,2.7687328229841817
tb_core,심부체온,helissen2022,7,24,2.0,16,0.9994386996230852,0.9999384864354275,0.30679174776681073,2.7687328229841817
tb_core,심부체온,helissen2022,7,24,2.0,20,0.9999633725193587,0.9999981558936524,0.30679174776681073,2.7687328229841817
tb_core,심부체온,helissen2022,7,24,2.0,24,0.9999978524046536,0.9999999511585395,0.30679174776681073,2.7687328229841817
tb_core,심부체온,helissen2022,7,24,3.0,3,0.5019239855026538,0.3340116406104274,0.30679174776681073,2.7687328229841817
tb_core,심부체온,helissen2022,7,24,3.0,4,0.7910649561357338,0.5615148727947868,0.30679174776681073,2.7687328229841817
tb_core,심부체온,helissen2022,7,24,3.0,5,0.9317200980604384,0.7413989108618285,0.30679174776681073,2.7687328229841817
tb_core,심부체온,helissen2022,7,24,3.0,6,0.9809072096815976,0.8584251183107682,0.30679174776681073,2.7687328229841817
tb_core,심부체온,helissen2022,7,24,3.0,7,0.9951864470393937,0.9265191496792441,0.30679174776681073,2.7687328229841817
tb_core,심부체온,helissen2022,7,24,3.0,8,0.998872854310634,0.9633752562968592,0.30679174776681073,2.7687328229841817
tb_core,심부체온,helissen2022,7,24,3.0,10,0.9999471116128476,0.9916900070822189,0.30679174776681073,2.7687328229841817
tb_core,심부체온,helissen2022,7,24,3.0,12,0.9999978562933847,0.9982765230227997,0.30679174776681073,2.7687328229841817
tb_core,심부체온,helissen2022,7,24,3.0,16,0.9999999973608205,0.9999384864354275,0.30679174776681073,2.7687328229841817
tb_core,심부체온,helissen2022,7,24,3.0,20,,0.9999981558936524,0.30679174776681073,2.7687328229841817
tb_core,심부체온,helissen2022,7,24,3.0,24,,0.9999999511585395,0.30679174776681073,2.7687328229841817
tb_core,심부체온,helissen2022,7,20,1.0,3,0.11577061959361662,1.0,0.30679174776681073,2.7687328229841817
tb_core,심부체온,helissen2022,7,20,1.0,4,0.16981912820529727,1.0,0.30679174776681073,2.7687328229841817
tb_core,심부체온,helissen2022,7,20,1.0,5,0.22795712565615023,,0.30679174776681073,2.7687328229841817
tb_core,심부체온,helissen2022,7,20,1.0,6,0.2870145147923095,,0.30679174776681073,2.7687328229841817
tb_core,심부체온,helissen2022,7,20,1.0,7,0.34529793827152033,,0.30679174776681073,2.7687328229841817
tb_core,심부체온,helissen2022,7,20,1.0,8,0.40177494511075573,1.0,0.30679174776681073,2.7687328229841817
tb_core,심부체온,helissen2022,7,20,1.0,10,0.5068739568110063,1.0,0.30679174776681073,2.7687328229841817
tb_core,심부체온,helissen2022,7,20,1.0,12,0.5994235126086023,1.0,0.30679174776681073,2.7687328229841817
tb_core,심부체온,helissen2022,7,20,1.0,16,0.7450333525904755,1.0,0.30679174776681073,2.7687328229841817
tb_core,심부체온,helissen2022,7,20,1.0,20,0.8439164557367882,1.0,0.30679174776681073,2.7687328229841817
tb_core,심부체온,helissen2022,7,20,1.0,24,0.9073945649620684,1.0,0.30679174776681073,2.7687328229841817
tb_core,심부체온,helissen2022,7,20,2.0,3,0.2870009539171844,1.0,0.30679174776681073,2.7687328229841817
tb_core,심부체온,helissen2022,7,20,2.0,4,0.4833090146475728,1.0,0.30679174776681073,2.7687328229841817
tb_core,심부체온,helissen2022,7,20,2.0,5,0.6546798872525057,,0.30679174776681073,2.7687328229841817
tb_core,심부체온,helissen2022,7,20,2.0,6,0.7817993118511208,,0.30679174776681073,2.7687328229841817
tb_core,심부체온,helissen2022,7,20,2.0,7,0.8676953421816757,,0.30679174776681073,2.7687328229841817
tb_core,심부체온,helissen2022,7,20,2.0,8,0.9223048672972565,1.0,0.30679174776681073,2.7687328229841817
tb_core,심부체온,helissen2022,7,20,2.0,10,0.9750981903991196,1.0,0.30679174776681073,2.7687328229841817
tb_core,심부체온,helissen2022,7,20,2.0,12,0.9925881521144235,1.0,0.30679174776681073,2.7687328229841817
tb_core,심부체온,helissen2022,7,20,2.0,16,0.9994386996230852,1.0,0.30679174776681073,2.7687328229841817
tb_core,심부체온,helissen2022,7,20,2.0,20,0.9999633725193587,1.0,0.30679174776681073,2.7687328229841817
tb_core,심부체온,helissen2022,7,20,2.0,24,0.9999978524046536,1.0,0.30679174776681073,2.7687328229841817
tb_core,심부체온,helissen2022,7,20,3.0,3,0.5019239855026538,1.0,0.30679174776681073,2.7687328229841817
tb_core,심부체온,helissen2022,7,20,3.0,4,0.7910649561357338,1.0,0.30679174776681073,2.7687328229841817
tb_core,심부체온,helissen2022,7,20,3.0,5,0.9317200980604384,,0.30679174776681073,2.7687328229841817
tb_core,심부체온,helissen2022,7,20,3.0,6,0.9809072096815976,,0.30679174776681073,2.7687328229841817
tb_core,심부체온,helissen2022,7,20,3.0,7,0.9951864470393937,,0.30679174776681073,2.7687328229841817
tb_core,심부체온,helissen2022,7,20,3.0,8,0.998872854310634,1.0,0.30679174776681073,2.7687328229841817
tb_core,심부체온,helissen2022,7,20,3.0,10,0.9999471116128476,1.0,0.30679174776681073,2.7687328229841817
tb_core,심부체온,helissen2022,7,20,3.0,12,0.9999978562933847,1.0,0.30679174776681073,2.7687328229841817
tb_core,심부체온,helissen2022,7,20,3.0,16,0.9999999973608205,1.0,0.30679174776681073,2.7687328229841817
tb_core,심부체온,helissen2022,7,20,3.0,20,,1.0,0.30679174776681073,2.7687328229841817
tb_core,심부체온,helissen2022,7,20,3.0,24,,1.0,0.30679174776681073,2.7687328229841817
tb_core,심부체온,helissen2022,7,28,1.0,3,0.11577061959361662,1.0,0.30679174776681073,2.7687328229841817
tb_core,심부체온,helissen2022,7,28,1.0,4,0.16981912820529727,,0.30679174776681073,2.7687328229841817
tb_core,심부체온,helissen2022,7,28,1.0,5,0.22795712565615023,,0.30679174776681073,2.7687328229841817
tb_core,심부체온,helissen2022,7,28,1.0,6,0.2870145147923095,1.0,0.30679174776681073,2.7687328229841817
tb_core,심부체온,helissen2022,7,28,1.0,7,0.34529793827152033,1.0,0.30679174776681073,2.7687328229841817
tb_core,심부체온,helissen2022,7,28,1.0,8,0.40177494511075573,1.0,0.30679174776681073,2.7687328229841817
tb_core,심부체온,helissen2022,7,28,1.0,10,0.5068739568110063,1.0,0.30679174776681073,2.7687328229841817
tb_core,심부체온,helissen2022,7,28,1.0,12,0.5994235126086023,1.0,0.30679174776681073,2.7687328229841817
tb_core,심부체온,helissen2022,7,28,1.0,16,0.7450333525904755,1.0,0.30679174776681073,2.7687328229841817
tb_core,심부체온,helissen2022,7,28,1.0,20,0.8439164557367882,1.0,0.30679174776681073,2.7687328229841817
tb_core,심부체온,helissen2022,7,28,1.0,24,0.9073945649620684,1.0,0.30679174776681073,2.7687328229841817
tb_core,심부체온,helissen2022,7,28,2.0,3,0.2870009539171844,1.0,0.30679174776681073,2.7687328229841817
tb_core,심부체온,helissen2022,7,28,2.0,4,0.4833090146475728,,0.30679174776681073,2.7687328229841817
tb_core,심부체온,helissen2022,7,28,2.0,5,0.6546798872525057,,0.30679174776681073,2.7687328229841817
tb_core,심부체온,helissen2022,7,28,2.0,6,0.7817993118511208,1.0,0.30679174776681073,2.7687328229841817
tb_core,심부체온,helissen2022,7,28,2.0,7,0.8676953421816757,1.0,0.30679174776681073,2.7687328229841817
tb_core,심부체온,helissen2022,7,28,2.0,8,0.9223048672972565,1.0,0.30679174776681073,2.7687328229841817
tb_core,심부체온,helissen2022,7,28,2.0,10,0.9750981903991196,1.0,0.30679174776681073,2.7687328229841817
tb_core,심부체온,helissen2022,7,28,2.0,12,0.9925881521144235,1.0,0.30679174776681073,2.7687328229841817
tb_core,심부체온,helissen2022,7,28,2.0,16,0.9994386996230852,1.0,0.30679174776681073,2.7687328229841817
tb_core,심부체온,helissen2022,7,28,2.0,20,0.9999633725193587,1.0,0.30679174776681073,2.7687328229841817
tb_core,심부체온,helissen2022,7,28,2.0,24,0.9999978524046536,1.0,0.30679174776681073,2.7687328229841817
tb_core,심부체온,helissen2022,7,28,3.0,3,0.5019239855026538,1.0,0.30679174776681073,2.7687328229841817
tb_core,심부체온,helissen2022,7,28,3.0,4,0.7910649561357338,,0.30679174776681073,2.7687328229841817
tb_core,심부체온,helissen2022,7,28,3.0,5,0.9317200980604384,,0.30679174776681073,2.7687328229841817
tb_core,심부체온,helissen2022,7,28,3.0,6,0.9809072096815976,1.0,0.30679174776681073,2.7687328229841817
tb_core,심부체온,helissen2022,7,28,3.0,7,0.9951864470393937,1.0,0.30679174776681073,2.7687328229841817
tb_core,심부체온,helissen2022,7,28,3.0,8,0.998872854310634,1.0,0.30679174776681073,2.7687328229841817
tb_core,심부체온,helissen2022,7,28,3.0,10,0.9999471116128476,1.0,0.30679174776681073,2.7687328229841817
tb_core,심부체온,helissen2022,7,28,3.0,12,0.9999978562933847,1.0,0.30679174776681073,2.7687328229841817
tb_core,심부체온,helissen2022,7,28,3.0,16,0.9999999973608205,1.0,0.30679174776681073,2.7687328229841817
tb_core,심부체온,helissen2022,7,28,3.0,20,,1.0,0.30679174776681073,2.7687328229841817
tb_core,심부체온,helissen2022,7,28,3.0,24,,1.0,0.30679174776681073,2.7687328229841817
tb_sub,피하온도,helissen2020,3,24,1.0,3,0.07519370935268313,0.1403339257703221,0.2900881568288078,4.516313020920767
tb_sub,피하온도,helissen2020,3,24,1.0,4,0.09504023916123966,0.21579306326510375,0.2900881568288078,4.516313020920767
tb_sub,피하온도,helissen2020,3,24,1.0,5,0.11633004063360272,0.2960399352227601,0.2900881568288078,4.516313020920767
tb_sub,피하온도,helissen2020,3,24,1.0,6,0.13831530204542214,0.37552726649360335,0.2900881568288078,4.516313020920767
tb_sub,피하온도,helissen2020,3,24,1.0,7,0.16067913904487371,0.4513213415692485,0.2900881568288078,4.516313020920767
tb_sub,피하온도,helissen2020,3,24,1.0,8,0.18325074999416577,0.5218237216214765,0.2900881568288078,4.516313020920767
tb_sub,피하온도,helissen2020,3,24,1.0,10,0.22859542760819218,0.6442091338902486,0.2900881568288078,4.516313020920767
tb_sub,피하온도,helissen2020,3,24,1.0,12,0.27371729614300605,0.7412778720162364,0.2900881568288078,4.516313020920767
tb_sub,피하온도,helissen2020,3,24,1.0,16,0.36161901706748506,0.8704430516587875,0.2900881568288078,4.516313020920767
tb_sub,피하온도,helissen2020,3,24,1.0,20,0.4444791107544829,0.9387104877809169,0.2900881568288078,4.516313020920767
tb_sub,피하온도,helissen2020,3,24,1.0,24,0.5208351130029832,0.9722613763742731,0.2900881568288078,4.516313020920767
tb_sub,피하온도,helissen2020,3,24,2.0,3,0.14683646509015763,0.1403339257703221,0.2900881568288078,4.516313020920767
tb_sub,피하온도,helissen2020,3,24,2.0,4,0.22799566524017073,0.21579306326510375,0.2900881568288078,4.516313020920767
tb_sub,피하온도,helissen2020,3,24,2.0,5,0.3139291714854719,0.2960399352227601,0.2900881568288078,4.516313020920767
tb_sub,피하온도,helissen2020,3,24,2.0,6,0.3983594567506625,0.37552726649360335,0.2900881568288078,4.516313020920767
tb_sub,피하온도,helissen2020,3,24,2.0,7,0.4780190002277281,0.4513213415692485,0.2900881568288078,4.516313020920767
tb_sub,피하온도,helissen2020,3,24,2.0,8,0.5512124912038991,0.5218237216214765,0.2900881568288078,4.516313020920767
tb_sub,피하온도,helissen2020,3,24,2.0,10,0.6757078687420008,0.6442091338902486,0.2900881568288078,4.516313020920767
tb_sub,피하온도,helissen2020,3,24,2.0,12,0.7715015403505306,0.7412778720162364,0.2900881568288078,4.516313020920767
tb_sub,피하온도,helissen2020,3,24,2.0,16,0.8930920860238942,0.8704430516587875,0.2900881568288078,4.516313020920767
tb_sub,피하온도,helissen2020,3,24,2.0,20,0.9529646135674613,0.9387104877809169,0.2900881568288078,4.516313020920767
tb_sub,피하온도,helissen2020,3,24,2.0,24,0.9802672949545963,0.9722613763742731,0.2900881568288078,4.516313020920767
tb_sub,피하온도,helissen2020,3,24,3.0,3,0.2541214212900701,0.1403339257703221,0.2900881568288078,4.516313020920767
tb_sub,피하온도,helissen2020,3,24,3.0,4,0.4258066823591167,0.21579306326510375,0.2900881568288078,4.516313020920767
tb_sub,피하온도,helissen2020,3,24,3.0,5,0.5849215733504229,0.2960399352227601,0.2900881568288078,4.516313020920767
tb_sub,피하온도,helissen2020,3,24,3.0,6,0.7129637072868044,0.37552726649360335,0.2900881568288078,4.516313020920767
tb_sub,피하온도,helissen2020,3,24,3.0,7,0.8080030824312696,0.4513213415692485,0.2900881568288078,4.516313020920767
tb_sub,피하온도,helissen2020,3,24,3.0,8,0.874902561626654,0.5218237216214765,0.2900881568288078,4.516313020920767
tb_sub,피하온도,helissen2020,3,24,3.0,10,0.9500408644179902,0.6442091338902486,0.2900881568288078,4.516313020920767
tb_sub,피하온도,helissen2020,3,24,3.0,12,0.9812621265522858,0.7412778720162364,0.2900881568288078,4.516313020920767
tb_sub,피하온도,helissen2020,3,24,3.0,16,0.997697701013495,0.8704430516587875,0.2900881568288078,4.516313020920767
tb_sub,피하온도,helissen2020,3,24,3.0,20,0.9997516430105015,0.9387104877809169,0.2900881568288078,4.516313020920767
tb_sub,피하온도,helissen2020,3,24,3.0,24,0.9999756249396352,0.9722613763742731,0.2900881568288078,4.516313020920767
tb_sub,피하온도,helissen2020,3,20,1.0,3,0.07519370935268313,0.999999761745089,0.2900881568288078,4.516313020920767
tb_sub,피하온도,helissen2020,3,20,1.0,4,0.09504023916123966,1.0,0.2900881568288078,4.516313020920767
tb_sub,피하온도,helissen2020,3,20,1.0,5,0.11633004063360272,,0.2900881568288078,4.516313020920767
tb_sub,피하온도,helissen2020,3,20,1.0,6,0.13831530204542214,,0.2900881568288078,4.516313020920767
tb_sub,피하온도,helissen2020,3,20,1.0,7,0.16067913904487371,,0.2900881568288078,4.516313020920767
tb_sub,피하온도,helissen2020,3,20,1.0,8,0.18325074999416577,1.0,0.2900881568288078,4.516313020920767
tb_sub,피하온도,helissen2020,3,20,1.0,10,0.22859542760819218,,0.2900881568288078,4.516313020920767
tb_sub,피하온도,helissen2020,3,20,1.0,12,0.27371729614300605,,0.2900881568288078,4.516313020920767
tb_sub,피하온도,helissen2020,3,20,1.0,16,0.36161901706748506,1.0,0.2900881568288078,4.516313020920767
tb_sub,피하온도,helissen2020,3,20,1.0,20,0.4444791107544829,1.0,0.2900881568288078,4.516313020920767
tb_sub,피하온도,helissen2020,3,20,1.0,24,0.5208351130029832,1.0,0.2900881568288078,4.516313020920767
tb_sub,피하온도,helissen2020,3,20,2.0,3,0.14683646509015763,0.999999761745089,0.2900881568288078,4.516313020920767
tb_sub,피하온도,helissen2020,3,20,2.0,4,0.22799566524017073,1.0,0.2900881568288078,4.516313020920767
tb_sub,피하온도,helissen2020,3,20,2.0,5,0.3139291714854719,,0.2900881568288078,4.516313020920767
tb_sub,피하온도,helissen2020,3,20,2.0,6,0.3983594567506625,,0.2900881568288078,4.516313020920767
tb_sub,피하온도,helissen2020,3,20,2.0,7,0.4780190002277281,,0.2900881568288078,4.516313020920767
tb_sub,피하온도,helissen2020,3,20,2.0,8,0.5512124912038991,1.0,0.2900881568288078,4.516313020920767
tb_sub,피하온도,helissen2020,3,20,2.0,10,0.6757078687420008,,0.2900881568288078,4.516313020920767
tb_sub,피하온도,helissen2020,3,20,2.0,12,0.7715015403505306,,0.2900881568288078,4.516313020920767
tb_sub,피하온도,helissen2020,3,20,2.0,16,0.8930920860238942,1.0,0.2900881568288078,4.516313020920767
tb_sub,피하온도,helissen2020,3,20,2.0,20,0.9529646135674613,1.0,0.2900881568288078,4.516313020920767
tb_sub,피하온도,helissen2020,3,20,2.0,24,0.9802672949545963,1.0,0.2900881568288078,4.516313020920767
tb_sub,피하온도,helissen2020,3,20,3.0,3,0.2541214212900701,0.999999761745089,0.2900881568288078,4.516313020920767
tb_sub,피하온도,helissen2020,3,20,3.0,4,0.4258066823591167,1.0,0.2900881568288078,4.516313020920767
tb_sub,피하온도,helissen2020,3,20,3.0,5,0.5849215733504229,,0.2900881568288078,4.516313020920767
tb_sub,피하온도,helissen2020,3,20,3.0,6,0.7129637072868044,,0.2900881568288078,4.516313020920767
tb_sub,피하온도,helissen2020,3,20,3.0,7,0.8080030824312696,,0.2900881568288078,4.516313020920767
tb_sub,피하온도,helissen2020,3,20,3.0,8,0.874902561626654,1.0,0.2900881568288078,4.516313020920767
tb_sub,피하온도,helissen2020,3,20,3.0,10,0.9500408644179902,,0.2900881568288078,4.516313020920767
tb_sub,피하온도,helissen2020,3,20,3.0,12,0.9812621265522858,,0.2900881568288078,4.516313020920767
tb_sub,피하온도,helissen2020,3,20,3.0,16,0.997697701013495,1.0,0.2900881568288078,4.516313020920767
tb_sub,피하온도,helissen2020,3,20,3.0,20,0.9997516430105015,1.0,0.2900881568288078,4.516313020920767
tb_sub,피하온도,helissen2020,3,20,3.0,24,0.9999756249396352,1.0,0.2900881568288078,4.516313020920767
tb_sub,피하온도,helissen2020,3,28,1.0,3,0.07519370935268313,0.9999999988446729,0.2900881568288078,4.516313020920767
tb_sub,피하온도,helissen2020,3,28,1.0,4,0.09504023916123966,1.0,0.2900881568288078,4.516313020920767
tb_sub,피하온도,helissen2020,3,28,1.0,5,0.11633004063360272,1.0,0.2900881568288078,4.516313020920767
tb_sub,피하온도,helissen2020,3,28,1.0,6,0.13831530204542214,,0.2900881568288078,4.516313020920767
tb_sub,피하온도,helissen2020,3,28,1.0,7,0.16067913904487371,,0.2900881568288078,4.516313020920767
tb_sub,피하온도,helissen2020,3,28,1.0,8,0.18325074999416577,1.0,0.2900881568288078,4.516313020920767
tb_sub,피하온도,helissen2020,3,28,1.0,10,0.22859542760819218,1.0,0.2900881568288078,4.516313020920767
tb_sub,피하온도,helissen2020,3,28,1.0,12,0.27371729614300605,,0.2900881568288078,4.516313020920767
tb_sub,피하온도,helissen2020,3,28,1.0,16,0.36161901706748506,1.0,0.2900881568288078,4.516313020920767
tb_sub,피하온도,helissen2020,3,28,1.0,20,0.4444791107544829,1.0,0.2900881568288078,4.516313020920767
tb_sub,피하온도,helissen2020,3,28,1.0,24,0.5208351130029832,1.0,0.2900881568288078,4.516313020920767
tb_sub,피하온도,helissen2020,3,28,2.0,3,0.14683646509015763,0.9999999988446729,0.2900881568288078,4.516313020920767
tb_sub,피하온도,helissen2020,3,28,2.0,4,0.22799566524017073,1.0,0.2900881568288078,4.516313020920767
tb_sub,피하온도,helissen2020,3,28,2.0,5,0.3139291714854719,1.0,0.2900881568288078,4.516313020920767
tb_sub,피하온도,helissen2020,3,28,2.0,6,0.3983594567506625,,0.2900881568288078,4.516313020920767
tb_sub,피하온도,helissen2020,3,28,2.0,7,0.4780190002277281,,0.2900881568288078,4.516313020920767
tb_sub,피하온도,helissen2020,3,28,2.0,8,0.5512124912038991,1.0,0.2900881568288078,4.516313020920767
tb_sub,피하온도,helissen2020,3,28,2.0,10,0.6757078687420008,1.0,0.2900881568288078,4.516313020920767
tb_sub,피하온도,helissen2020,3,28,2.0,12,0.7715015403505306,,0.2900881568288078,4.516313020920767
tb_sub,피하온도,helissen2020,3,28,2.0,16,0.8930920860238942,1.0,0.2900881568288078,4.516313020920767
tb_sub,피하온도,helissen2020,3,28,2.0,20,0.9529646135674613,1.0,0.2900881568288078,4.516313020920767
tb_sub,피하온도,helissen2020,3,28,2.0,24,0.9802672949545963,1.0,0.2900881568288078,4.516313020920767
tb_sub,피하온도,helissen2020,3,28,3.0,3,0.2541214212900701,0.9999999988446729,0.2900881568288078,4.516313020920767
tb_sub,피하온도,helissen2020,3,28,3.0,4,0.4258066823591167,1.0,0.2900881568288078,4.516313020920767
tb_sub,피하온도,helissen2020,3,28,3.0,5,0.5849215733504229,1.0,0.2900881568288078,4.516313020920767
tb_sub,피하온도,helissen2020,3,28,3.0,6,0.7129637072868044,,0.2900881568288078,4.516313020920767
tb_sub,피하온도,helissen2020,3,28,3.0,7,0.8080030824312696,,0.2900881568288078,4.516313020920767
tb_sub,피하온도,helissen2020,3,28,3.0,8,0.874902561626654,1.0,0.2900881568288078,4.516313020920767
tb_sub,피하온도,helissen2020,3,28,3.0,10,0.9500408644179902,1.0,0.2900881568288078,4.516313020920767
tb_sub,피하온도,helissen2020,3,28,3.0,12,0.9812621265522858,,0.2900881568288078,4.516313020920767
tb_sub,피하온도,helissen2020,3,28,3.0,16,0.997697701013495,1.0,0.2900881568288078,4.516313020920767
tb_sub,피하온도,helissen2020,3,28,3.0,20,0.9997516430105015,1.0,0.2900881568288078,4.516313020920767
tb_sub,피하온도,helissen2020,3,28,3.0,24,0.9999756249396352,1.0,0.2900881568288078,4.516313020920767
tb_sub,피하온도,helissen2020,5,24,1.0,3,0.075676911927351,0.16931536873349576,0.2900881568288078,4.516313020920767
tb_sub,피하온도,helissen2020,5,24,1.0,4,0.09591683225772421,0.27015925935066554,0.2900881568288078,4.516313020920767
tb_sub,피하온도,helissen2020,5,24,1.0,5,0.11763359384907625,0.374943315010383,0.2900881568288078,4.516313020920767
tb_sub,피하온도,helissen2020,5,24,1.0,6,0.1400608313715401,0.4746324708965903,0.2900881568288078,4.516313020920767
tb_sub,피하온도,helissen2020,5,24,1.0,7,0.16287219793281996,0.5649407883231212,0.2900881568288078,4.516313020920767
tb_sub,피하온도,helissen2020,5,24,1.0,8,0.185890870761596,0.6441545151675493,0.2900881568288078,4.516313020920767
tb_sub,피하온도,helissen2020,5,24,1.0,10,0.23211148467044684,0.7690853772470783,0.2900881568288078,4.516313020920767
tb_sub,피하온도,helissen2020,5,24,1.0,12,0.27806462422159195,0.8550345987273024,0.2900881568288078,4.516313020920767
tb_sub,피하온도,helissen2020,5,24,1.0,16,0.3674295387771597,0.9470483311385992,0.2900881568288078,4.516313020920767
tb_sub,피하온도,helissen2020,5,24,1.0,20,0.4514277329737788,0.9820929521912337,0.2900881568288078,4.516313020920767
tb_sub,피하온도,helissen2020,5,24,1.0,24,0.5285743939881616,0.9942880457150297,0.2900881568288078,4.516313020920767
tb_sub,피하온도,helissen2020,5,24,2.0,3,0.14861814775223817,0.16931536873349576,0.2900881568288078,4.516313020920767
tb_sub,피하온도,helissen2020,5,24,2.0,4,0.23133974137846838,0.27015925935066554,0.2900881568288078,4.516313020920767
tb_sub,피하온도,helissen2020,5,24,2.0,5,0.31881525678182926,0.374943315010383,0.2900881568288078,4.516313020920767
tb_sub,피하온도,helissen2020,5,24,2.0,6,0.40456084168894096,0.4746324708965903,0.2900881568288078,4.516313020920767
tb_sub,피하온도,helissen2020,5,24,2.0,7,0.48521918292722316,0.5649407883231212,0.2900881568288078,4.516313020920767
tb_sub,피하온도,helissen2020,5,24,2.0,8,0.5590744002255579,0.6441545151675493,0.2900881568288078,4.516313020920767
tb_sub,피하온도,helissen2020,5,24,2.0,10,0.6839806565347375,0.7690853772470783,0.2900881568288078,4.516313020920767
tb_sub,피하온도,helissen2020,5,24,2.0,12,0.779279175127099,0.8550345987273024,0.2900881568288078,4.516313020920767
tb_sub,피하온도,helissen2020,5,24,2.0,16,0.8986656476706001,0.9470483311385992,0.2900881568288078,4.516313020920767
tb_sub,피하온도,helissen2020,5,24,2.0,20,0.9563070068162147,0.9820929521912337,0.2900881568288078,4.516313020920767
tb_sub,피하온도,helissen2020,5,24,2.0,24,0.9820515134662674,0.9942880457150297,0.2900881568288078,4.516313020920767
tb_sub,피하온도,helissen2020,5,24,3.0,3,0.25762153059875215,0.16931536873349576,0.2900881568288078,4.516313020920767
tb_sub,피하온도,helissen2020,5,24,3.0,4,0.43202369543556196,0.27015925935066554,0.2900881568288078,4.516313020920767
tb_sub,피하온도,helissen2020,5,24,3.0,5,0.5926916853795349,0.374943315010383,0.2900881568288078,4.516313020920767
tb_sub,피하온도,helissen2020,5,24,3.0,6,0.7209203501459565,0.4746324708965903,0.2900881568288078,4.516313020920767
tb_sub,피하온도,helissen2020,5,24,3.0,7,0.8151908741622477,0.5649407883231212,0.2900881568288078,4.516313020920767
tb_sub,피하온도,helissen2020,5,24,3.0,8,0.8808612762258173,0.6441545151675493,0.2900881568288078,4.516313020920767
tb_sub,피하온도,helissen2020,5,24,3.0,10,0.9534829765800144,0.7690853772470783,0.2900881568288078,4.516313020920767
tb_sub,피하온도,helissen2020,5,24,3.0,12,0.9829632394676068,0.8550345987273024,0.2900881568288078,4.516313020920767
tb_sub,피하온도,helissen2020,5,24,3.0,16,0.9980086042591866,0.9470483311385992,0.2900881568288078,4.516313020920767
tb_sub,피하온도,helissen2020,5,24,3.0,20,0.9997960524933934,0.9820929521912337,0.2900881568288078,4.516313020920767
tb_sub,피하온도,helissen2020,5,24,3.0,24,0.9999810223111086,0.9942880457150297,0.2900881568288078,4.516313020920767
tb_sub,피하온도,helissen2020,5,20,1.0,3,0.075676911927351,0.999999998707121,0.2900881568288078,4.516313020920767
tb_sub,피하온도,helissen2020,5,20,1.0,4,0.09591683225772421,,0.2900881568288078,4.516313020920767
tb_sub,피하온도,helissen2020,5,20,1.0,5,0.11763359384907625,1.0,0.2900881568288078,4.516313020920767
tb_sub,피하온도,helissen2020,5,20,1.0,6,0.1400608313715401,1.0,0.2900881568288078,4.516313020920767
tb_sub,피하온도,helissen2020,5,20,1.0,7,0.16287219793281996,1.0,0.2900881568288078,4.516313020920767
tb_sub,피하온도,helissen2020,5,20,1.0,8,0.185890870761596,,0.2900881568288078,4.516313020920767
tb_sub,피하온도,helissen2020,5,20,1.0,10,0.23211148467044684,,0.2900881568288078,4.516313020920767
tb_sub,피하온도,helissen2020,5,20,1.0,12,0.27806462422159195,,0.2900881568288078,4.516313020920767
tb_sub,피하온도,helissen2020,5,20,1.0,16,0.3674295387771597,1.0,0.2900881568288078,4.516313020920767
tb_sub,피하온도,helissen2020,5,20,1.0,20,0.4514277329737788,1.0,0.2900881568288078,4.516313020920767
tb_sub,피하온도,helissen2020,5,20,1.0,24,0.5285743939881616,1.0,0.2900881568288078,4.516313020920767
tb_sub,피하온도,helissen2020,5,20,2.0,3,0.14861814775223817,0.999999998707121,0.2900881568288078,4.516313020920767
tb_sub,피하온도,helissen2020,5,20,2.0,4,0.23133974137846838,,0.2900881568288078,4.516313020920767
tb_sub,피하온도,helissen2020,5,20,2.0,5,0.31881525678182926,1.0,0.2900881568288078,4.516313020920767
tb_sub,피하온도,helissen2020,5,20,2.0,6,0.40456084168894096,1.0,0.2900881568288078,4.516313020920767
tb_sub,피하온도,helissen2020,5,20,2.0,7,0.48521918292722316,1.0,0.2900881568288078,4.516313020920767
tb_sub,피하온도,helissen2020,5,20,2.0,8,0.5590744002255579,,0.2900881568288078,4.516313020920767
tb_sub,피하온도,helissen2020,5,20,2.0,10,0.6839806565347375,,0.2900881568288078,4.516313020920767
tb_sub,피하온도,helissen2020,5,20,2.0,12,0.779279175127099,,0.2900881568288078,4.516313020920767
tb_sub,피하온도,helissen2020,5,20,2.0,16,0.8986656476706001,1.0,0.2900881568288078,4.516313020920767
tb_sub,피하온도,helissen2020,5,20,2.0,20,0.9563070068162147,1.0,0.2900881568288078,4.516313020920767
tb_sub,피하온도,helissen2020,5,20,2.0,24,0.9820515134662674,1.0,0.2900881568288078,4.516313020920767
tb_sub,피하온도,helissen2020,5,20,3.0,3,0.25762153059875215,0.999999998707121,0.2900881568288078,4.516313020920767
tb_sub,피하온도,helissen2020,5,20,3.0,4,0.43202369543556196,,0.2900881568288078,4.516313020920767
tb_sub,피하온도,helissen2020,5,20,3.0,5,0.5926916853795349,1.0,0.2900881568288078,4.516313020920767
tb_sub,피하온도,helissen2020,5,20,3.0,6,0.7209203501459565,1.0,0.2900881568288078,4.516313020920767
tb_sub,피하온도,helissen2020,5,20,3.0,7,0.8151908741622477,1.0,0.2900881568288078,4.516313020920767
tb_sub,피하온도,helissen2020,5,20,3.0,8,0.8808612762258173,,0.2900881568288078,4.516313020920767
tb_sub,피하온도,helissen2020,5,20,3.0,10,0.9534829765800144,,0.2900881568288078,4.516313020920767
tb_sub,피하온도,helissen2020,5,20,3.0,12,0.9829632394676068,,0.2900881568288078,4.516313020920767
tb_sub,피하온도,helissen2020,5,20,3.0,16,0.9980086042591866,1.0,0.2900881568288078,4.516313020920767
tb_sub,피하온도,helissen2020,5,20,3.0,20,0.9997960524933934,1.0,0.2900881568288078,4.516313020920767
tb_sub,피하온도,helissen2020,5,20,3.0,24,0.9999810223111086,1.0,0.2900881568288078,4.516313020920767
tb_sub,피하온도,helissen2020,5,28,1.0,3,0.075676911927351,0.9999999999989934,0.2900881568288078,4.516313020920767
tb_sub,피하온도,helissen2020,5,28,1.0,4,0.09591683225772421,1.0,0.2900881568288078,4.516313020920767
tb_sub,피하온도,helissen2020,5,28,1.0,5,0.11763359384907625,,0.2900881568288078,4.516313020920767
tb_sub,피하온도,helissen2020,5,28,1.0,6,0.1400608313715401,,0.2900881568288078,4.516313020920767
tb_sub,피하온도,helissen2020,5,28,1.0,7,0.16287219793281996,,0.2900881568288078,4.516313020920767
tb_sub,피하온도,helissen2020,5,28,1.0,8,0.185890870761596,,0.2900881568288078,4.516313020920767
tb_sub,피하온도,helissen2020,5,28,1.0,10,0.23211148467044684,,0.2900881568288078,4.516313020920767
tb_sub,피하온도,helissen2020,5,28,1.0,12,0.27806462422159195,1.0,0.2900881568288078,4.516313020920767
tb_sub,피하온도,helissen2020,5,28,1.0,16,0.3674295387771597,1.0,0.2900881568288078,4.516313020920767
tb_sub,피하온도,helissen2020,5,28,1.0,20,0.4514277329737788,1.0,0.2900881568288078,4.516313020920767
tb_sub,피하온도,helissen2020,5,28,1.0,24,0.5285743939881616,1.0,0.2900881568288078,4.516313020920767
tb_sub,피하온도,helissen2020,5,28,2.0,3,0.14861814775223817,0.9999999999989934,0.2900881568288078,4.516313020920767
tb_sub,피하온도,helissen2020,5,28,2.0,4,0.23133974137846838,1.0,0.2900881568288078,4.516313020920767
tb_sub,피하온도,helissen2020,5,28,2.0,5,0.31881525678182926,,0.2900881568288078,4.516313020920767
tb_sub,피하온도,helissen2020,5,28,2.0,6,0.40456084168894096,,0.2900881568288078,4.516313020920767
tb_sub,피하온도,helissen2020,5,28,2.0,7,0.48521918292722316,,0.2900881568288078,4.516313020920767
tb_sub,피하온도,helissen2020,5,28,2.0,8,0.5590744002255579,,0.2900881568288078,4.516313020920767
tb_sub,피하온도,helissen2020,5,28,2.0,10,0.6839806565347375,,0.2900881568288078,4.516313020920767
tb_sub,피하온도,helissen2020,5,28,2.0,12,0.779279175127099,1.0,0.2900881568288078,4.516313020920767
tb_sub,피하온도,helissen2020,5,28,2.0,16,0.8986656476706001,1.0,0.2900881568288078,4.516313020920767
tb_sub,피하온도,helissen2020,5,28,2.0,20,0.9563070068162147,1.0,0.2900881568288078,4.516313020920767
tb_sub,피하온도,helissen2020,5,28,2.0,24,0.9820515134662674,1.0,0.2900881568288078,4.516313020920767
tb_sub,피하온도,helissen2020,5,28,3.0,3,0.25762153059875215,0.9999999999989934,0.2900881568288078,4.516313020920767
tb_sub,피하온도,helissen2020,5,28,3.0,4,0.43202369543556196,1.0,0.2900881568288078,4.516313020920767
tb_sub,피하온도,helissen2020,5,28,3.0,5,0.5926916853795349,,0.2900881568288078,4.516313020920767
tb_sub,피하온도,helissen2020,5,28,3.0,6,0.7209203501459565,,0.2900881568288078,4.516313020920767
tb_sub,피하온도,helissen2020,5,28,3.0,7,0.8151908741622477,,0.2900881568288078,4.516313020920767
tb_sub,피하온도,helissen2020,5,28,3.0,8,0.8808612762258173,,0.2900881568288078,4.516313020920767
tb_sub,피하온도,helissen2020,5,28,3.0,10,0.9534829765800144,,0.2900881568288078,4.516313020920767
tb_sub,피하온도,helissen2020,5,28,3.0,12,0.9829632394676068,1.0,0.2900881568288078,4.516313020920767
tb_sub,피하온도,helissen2020,5,28,3.0,16,0.9980086042591866,1.0,0.2900881568288078,4.516313020920767
tb_sub,피하온도,helissen2020,5,28,3.0,20,0.9997960524933934,1.0,0.2900881568288078,4.516313020920767
tb_sub,피하온도,helissen2020,5,28,3.0,24,0.9999810223111086,1.0,0.2900881568288078,4.516313020920767
tb_sub,피하온도,helissen2020,7,24,1.0,3,0.07583185683958363,0.17579865209920056,0.2900881568288078,4.516313020920767
tb_sub,피하온도,helissen2020,7,24,1.0,4,0.0961980117345199,0.2822920865114675,0.2900881568288078,4.516313020920767
tb_sub,피하온도,helissen2020,7,24,1.0,5,0.11805179471651957,0.392235861224155,0.2900881568288078,4.516313020920767
tb_sub,피하온도,helissen2020,7,24,1.0,6,0.14062084712891848,0.4957554252427618,0.2900881568288078,4.516313020920767
tb_sub,피하온도,helissen2020,7,24,1.0,7,0.16357575362576116,0.5883408883780445,0.2900881568288078,4.516313020920767
tb_sub,피하온도,helissen2020,7,24,1.0,8,0.18673773440629868,0.668388045004658,0.2900881568288078,4.516313020920767
tb_sub,피하온도,helissen2020,7,24,1.0,10,0.23323881103924404,0.7917483379205,0.2900881568288078,4.516313020920767
tb_sub,피하온도,helissen2020,7,24,1.0,12,0.2794575845713421,0.8737660888619301,0.2900881568288078,4.516313020920767
tb_sub,피하온도,helissen2020,7,24,1.0,16,0.3692882057088971,0.9572161306881053,0.2900881568288078,4.516313020920767
tb_sub,피하온도,helissen2020,7,24,1.0,20,0.4536458733021985,0.9866334601314212,0.2900881568288078,4.516313020920767
tb_sub,피하온도,helissen2020,7,24,1.0,24,0.5310391649817474,0.9960729740306923,0.2900881568288078,4.516313020920767
tb_sub,피하온도,helissen2020,7,24,2.0,3,0.14918887511674483,0.17579865209920056,0.2900881568288078,4.516313020920767
tb_sub,피하온도,helissen2020,7,24,2.0,4,0.232410963028132,0.2822920865114675,0.2900881568288078,4.516313020920767
tb_sub,피하온도,helissen2020,7,24,2.0,5,0.32037887541320226,0.392235861224155,0.2900881568288078,4.516313020920767
tb_sub,피하온도,helissen2020,7,24,2.0,6,0.4065421344291347,0.4957554252427618,0.2900881568288078,4.516313020920767
tb_sub,피하온도,helissen2020,7,24,2.0,7,0.48751486931966975,0.5883408883780445,0.2900881568288078,4.516313020920767
tb_sub,피하온도,helissen2020,7,24,2.0,8,0.5615752033288808,0.668388045004658,0.2900881568288078,4.516313020920767
tb_sub,피하온도,helissen2020,7,24,2.0,10,0.6865982858761981,0.7917483379205,0.2900881568288078,4.516313020920767
tb_sub,피하온도,helissen2020,7,24,2.0,12,0.7817258228074859,0.8737660888619301,0.2900881568288078,4.516313020920767
tb_sub,피하온도,helissen2020,7,24,2.0,16,0.9003968246492138,0.9572161306881053,0.2900881568288078,4.516313020920767
tb_sub,피하온도,helissen2020,7,24,2.0,20,0.9573311410880191,0.9866334601314212,0.2900881568288078,4.516313020920767
tb_sub,피하온도,helissen2020,7,24,2.0,24,0.9825904900643817,0.9960729740306923,0.2900881568288078,4.516313020920767
tb_sub,피하온도,helissen2020,7,24,3.0,3,0.2587407886019942,0.17579865209920056,0.2900881568288078,4.516313020920767
tb_sub,피하온도,helissen2020,7,24,3.0,4,0.43400723439050903,0.2822920865114675,0.2900881568288078,4.516313020920767
tb_sub,피하온도,helissen2020,7,24,3.0,5,0.5951594558647568,0.392235861224155,0.2900881568288078,4.516313020920767
tb_sub,피하온도,helissen2020,7,24,3.0,6,0.7234327196260314,0.4957554252427618,0.2900881568288078,4.516313020920767
tb_sub,피하온도,helissen2020,7,24,3.0,7,0.817445625062757,0.5883408883780445,0.2900881568288078,4.516313020920767
tb_sub,피하온도,helissen2020,7,24,3.0,8,0.8827173195977648,0.668388045004658,0.2900881568288078,4.516313020920767
tb_sub,피하온도,helissen2020,7,24,3.0,10,0.9545390541614477,0.7917483379205,0.2900881568288078,4.516313020920767
tb_sub,피하온도,helissen2020,7,24,3.0,12,0.9834768752158339,0.8737660888619301,0.2900881568288078,4.516313020920767
tb_sub,피하온도,helissen2020,7,24,3.0,16,0.9980993695964008,0.9572161306881053,0.2900881568288078,4.516313020920767
tb_sub,피하온도,helissen2020,7,24,3.0,20,0.9998085691110502,0.9866334601314212,0.2900881568288078,4.516313020920767
tb_sub,피하온도,helissen2020,7,24,3.0,24,0.9999824893470943,0.9960729740306923,0.2900881568288078,4.516313020920767
tb_sub,피하온도,helissen2020,7,20,1.0,3,0.07583185683958363,0.999999999607404,0.2900881568288078,4.516313020920767
tb_sub,피하온도,helissen2020,7,20,1.0,4,0.0961980117345199,,0.2900881568288078,4.516313020920767
tb_sub,피하온도,helissen2020,7,20,1.0,5,0.11805179471651957,1.0,0.2900881568288078,4.516313020920767
tb_sub,피하온도,helissen2020,7,20,1.0,6,0.14062084712891848,,0.2900881568288078,4.516313020920767
tb_sub,피하온도,helissen2020,7,20,1.0,7,0.16357575362576116,1.0,0.2900881568288078,4.516313020920767
tb_sub,피하온도,helissen2020,7,20,1.0,8,0.18673773440629868,,0.2900881568288078,4.516313020920767
tb_sub,피하온도,helissen2020,7,20,1.0,10,0.23323881103924404,,0.2900881568288078,4.516313020920767
tb_sub,피하온도,helissen2020,7,20,1.0,12,0.2794575845713421,1.0,0.2900881568288078,4.516313020920767
tb_sub,피하온도,helissen2020,7,20,1.0,16,0.3692882057088971,1.0,0.2900881568288078,4.516313020920767
tb_sub,피하온도,helissen2020,7,20,1.0,20,0.4536458733021985,1.0,0.2900881568288078,4.516313020920767
tb_sub,피하온도,helissen2020,7,20,1.0,24,0.5310391649817474,1.0,0.2900881568288078,4.516313020920767
tb_sub,피하온도,helissen2020,7,20,2.0,3,0.14918887511674483,0.999999999607404,0.2900881568288078,4.516313020920767
tb_sub,피하온도,helissen2020,7,20,2.0,4,0.232410963028132,,0.2900881568288078,4.516313020920767
tb_sub,피하온도,helissen2020,7,20,2.0,5,0.32037887541320226,1.0,0.2900881568288078,4.516313020920767
tb_sub,피하온도,helissen2020,7,20,2.0,6,0.4065421344291347,,0.2900881568288078,4.516313020920767
tb_sub,피하온도,helissen2020,7,20,2.0,7,0.48751486931966975,1.0,0.2900881568288078,4.516313020920767
tb_sub,피하온도,helissen2020,7,20,2.0,8,0.5615752033288808,,0.2900881568288078,4.516313020920767
tb_sub,피하온도,helissen2020,7,20,2.0,10,0.6865982858761981,,0.2900881568288078,4.516313020920767
tb_sub,피하온도,helissen2020,7,20,2.0,12,0.7817258228074859,1.0,0.2900881568288078,4.516313020920767
tb_sub,피하온도,helissen2020,7,20,2.0,16,0.9003968246492138,1.0,0.2900881568288078,4.516313020920767
tb_sub,피하온도,helissen2020,7,20,2.0,20,0.9573311410880191,1.0,0.2900881568288078,4.516313020920767
tb_sub,피하온도,helissen2020,7,20,2.0,24,0.9825904900643817,1.0,0.2900881568288078,4.516313020920767
tb_sub,피하온도,helissen2020,7,20,3.0,3,0.2587407886019942,0.999999999607404,0.2900881568288078,4.516313020920767
tb_sub,피하온도,helissen2020,7,20,3.0,4,0.43400723439050903,,0.2900881568288078,4.516313020920767
tb_sub,피하온도,helissen2020,7,20,3.0,5,0.5951594558647568,1.0,0.2900881568288078,4.516313020920767
tb_sub,피하온도,helissen2020,7,20,3.0,6,0.7234327196260314,,0.2900881568288078,4.516313020920767
tb_sub,피하온도,helissen2020,7,20,3.0,7,0.817445625062757,1.0,0.2900881568288078,4.516313020920767
tb_sub,피하온도,helissen2020,7,20,3.0,8,0.8827173195977648,,0.2900881568288078,4.516313020920767
tb_sub,피하온도,helissen2020,7,20,3.0,10,0.9545390541614477,,0.2900881568288078,4.516313020920767
tb_sub,피하온도,helissen2020,7,20,3.0,12,0.9834768752158339,1.0,0.2900881568288078,4.516313020920767
tb_sub,피하온도,helissen2020,7,20,3.0,16,0.9980993695964008,1.0,0.2900881568288078,4.516313020920767
tb_sub,피하온도,helissen2020,7,20,3.0,20,0.9998085691110502,1.0,0.2900881568288078,4.516313020920767
tb_sub,피하온도,helissen2020,7,20,3.0,24,0.9999824893470943,1.0,0.2900881568288078,4.516313020920767
tb_sub,피하온도,helissen2020,7,28,1.0,3,0.07583185683958363,0.9999999999997987,0.2900881568288078,4.516313020920767
tb_sub,피하온도,helissen2020,7,28,1.0,4,0.0961980117345199,1.0,0.2900881568288078,4.516313020920767
tb_sub,피하온도,helissen2020,7,28,1.0,5,0.11805179471651957,,0.2900881568288078,4.516313020920767
tb_sub,피하온도,helissen2020,7,28,1.0,6,0.14062084712891848,,0.2900881568288078,4.516313020920767
tb_sub,피하온도,helissen2020,7,28,1.0,7,0.16357575362576116,1.0,0.2900881568288078,4.516313020920767
tb_sub,피하온도,helissen2020,7,28,1.0,8,0.18673773440629868,,0.2900881568288078,4.516313020920767
tb_sub,피하온도,helissen2020,7,28,1.0,10,0.23323881103924404,,0.2900881568288078,4.516313020920767
tb_sub,피하온도,helissen2020,7,28,1.0,12,0.2794575845713421,1.0,0.2900881568288078,4.516313020920767
tb_sub,피하온도,helissen2020,7,28,1.0,16,0.3692882057088971,1.0,0.2900881568288078,4.516313020920767
tb_sub,피하온도,helissen2020,7,28,1.0,20,0.4536458733021985,1.0,0.2900881568288078,4.516313020920767
tb_sub,피하온도,helissen2020,7,28,1.0,24,0.5310391649817474,1.0,0.2900881568288078,4.516313020920767
tb_sub,피하온도,helissen2020,7,28,2.0,3,0.14918887511674483,0.9999999999997987,0.2900881568288078,4.516313020920767
tb_sub,피하온도,helissen2020,7,28,2.0,4,0.232410963028132,1.0,0.2900881568288078,4.516313020920767
tb_sub,피하온도,helissen2020,7,28,2.0,5,0.32037887541320226,,0.2900881568288078,4.516313020920767
tb_sub,피하온도,helissen2020,7,28,2.0,6,0.4065421344291347,,0.2900881568288078,4.516313020920767
tb_sub,피하온도,helissen2020,7,28,2.0,7,0.48751486931966975,1.0,0.2900881568288078,4.516313020920767
tb_sub,피하온도,helissen2020,7,28,2.0,8,0.5615752033288808,,0.2900881568288078,4.516313020920767
tb_sub,피하온도,helissen2020,7,28,2.0,10,0.6865982858761981,,0.2900881568288078,4.516313020920767
tb_sub,피하온도,helissen2020,7,28,2.0,12,0.7817258228074859,1.0,0.2900881568288078,4.516313020920767
tb_sub,피하온도,helissen2020,7,28,2.0,16,0.9003968246492138,1.0,0.2900881568288078,4.516313020920767
tb_sub,피하온도,helissen2020,7,28,2.0,20,0.9573311410880191,1.0,0.2900881568288078,4.516313020920767
tb_sub,피하온도,helissen2020,7,28,2.0,24,0.9825904900643817,1.0,0.2900881568288078,4.516313020920767
tb_sub,피하온도,helissen2020,7,28,3.0,3,0.2587407886019942,0.9999999999997987,0.2900881568288078,4.516313020920767
tb_sub,피하온도,helissen2020,7,28,3.0,4,0.43400723439050903,1.0,0.2900881568288078,4.516313020920767
tb_sub,피하온도,helissen2020,7,28,3.0,5,0.5951594558647568,,0.2900881568288078,4.516313020920767
tb_sub,피하온도,helissen2020,7,28,3.0,6,0.7234327196260314,,0.2900881568288078,4.516313020920767
tb_sub,피하온도,helissen2020,7,28,3.0,7,0.817445625062757,1.0,0.2900881568288078,4.516313020920767
tb_sub,피하온도,helissen2020,7,28,3.0,8,0.8827173195977648,,0.2900881568288078,4.516313020920767
tb_sub,피하온도,helissen2020,7,28,3.0,10,0.9545390541614477,,0.2900881568288078,4.516313020920767
tb_sub,피하온도,helissen2020,7,28,3.0,12,0.9834768752158339,1.0,0.2900881568288078,4.516313020920767
tb_sub,피하온도,helissen2020,7,28,3.0,16,0.9980993695964008,1.0,0.2900881568288078,4.516313020920767
tb_sub,피하온도,helissen2020,7,28,3.0,20,0.9998085691110502,1.0,0.2900881568288078,4.516313020920767
tb_sub,피하온도,helissen2020,7,28,3.0,24,0.9999824893470943,1.0,0.2900881568288078,4.516313020920767
tb_sub,피하온도,helissen2021,3,24,1.0,3,0.08602354378187294,0.17835154459848662,0.2377657074114582,3.7682467888597326
tb_sub,피하온도,helissen2021,3,24,1.0,4,0.11478244986075865,0.28706384870360735,0.2377657074114582,3.7682467888597326
tb_sub,피하온도,helissen2021,3,24,1.0,5,0.14575214327753214,0.39900097107880284,0.2377657074114582,3.7682467888597326
tb_sub,피하온도,helissen2021,3,24,1.0,6,0.1777158330832064,0.5039551821212085,0.2377657074114582,3.7682467888597326
tb_sub,피하온도,helissen2021,3,24,1.0,7,0.21010429843053952,0.5973402978628675,0.2377657074114582,3.7682467888597326
tb_sub,피하온도,helissen2021,3,24,1.0,8,0.24258207584124308,0.6776115184981694,0.2377657074114582,3.7682467888597326
tb_sub,피하온도,helissen2021,3,24,1.0,10,0.3069288780214599,0.800177853910531,0.2377657074114582,3.7682467888597326
tb_sub,피하온도,helissen2021,3,24,1.0,12,0.36944611148600737,0.8805611579536221,0.2377657074114582,3.7682467888597326
tb_sub,피하온도,helissen2021,3,24,1.0,16,0.4858457269041495,0.9607109944430445,0.2377657074114582,3.7682467888597326
tb_sub,피하온도,helissen2021,3,24,1.0,20,0.5879268182777885,0.9881069770700946,0.2377657074114582,3.7682467888597326
tb_sub,피하온도,helissen2021,3,24,1.0,24,0.6745632781032137,0.9966184997214145,0.2377657074114582,3.7682467888597326
tb_sub,피하온도,helissen2021,3,24,2.0,3,0.18610342966299667,0.17835154459848662,0.2377657074114582,3.7682467888597326
tb_sub,피하온도,helissen2021,3,24,2.0,4,0.30152946886681914,0.28706384870360735,0.2377657074114582,3.7682467888597326
tb_sub,피하온도,helissen2021,3,24,2.0,5,0.4193794717292196,0.39900097107880284,0.2377657074114582,3.7682467888597326
tb_sub,피하온도,helissen2021,3,24,2.0,6,0.5284305818251375,0.5039551821212085,0.2377657074114582,3.7682467888597326
tb_sub,피하온도,helissen2021,3,24,2.0,7,0.6239120087285828,0.5973402978628675,0.2377657074114582,3.7682467888597326
tb_sub,피하온도,helissen2021,3,24,2.0,8,0.7045187207628877,0.6776115184981694,0.2377657074114582,3.7682467888597326
tb_sub,피하온도,helissen2021,3,24,2.0,10,0.8241282986461467,0.800177853910531,0.2377657074114582,3.7682467888597326
tb_sub,피하온도,helissen2021,3,24,2.0,12,0.8993273398922716,0.8805611579536221,0.2377657074114582,3.7682467888597326
tb_sub,피하온도,helissen2021,3,24,2.0,16,0.9697986100758911,0.9607109944430445,0.2377657074114582,3.7682467888597326
tb_sub,피하온도,helissen2021,3,24,2.0,20,0.991704999819781,0.9881069770700946,0.2377657074114582,3.7682467888597326
tb_sub,피하온도,helissen2021,3,24,2.0,24,0.9978675735656098,0.9966184997214145,0.2377657074114582,3.7682467888597326
tb_sub,피하온도,helissen2021,3,24,3.0,3,0.3291487476841773,0.17835154459848662,0.2377657074114582,3.7682467888597326
tb_sub,피하온도,helissen2021,3,24,3.0,4,0.5536688142226713,0.28706384870360735,0.2377657074114582,3.7682467888597326
tb_sub,피하온도,helissen2021,3,24,3.0,5,0.7331508795433727,0.39900097107880284,0.2377657074114582,3.7682467888597326
tb_sub,피하온도,helissen2021,3,24,3.0,6,0.8516063688542463,0.5039551821212085,0.2377657074114582,3.7682467888597326
tb_sub,피하온도,helissen2021,3,24,3.0,7,0.9216649629837049,0.5973402978628675,0.2377657074114582,3.7682467888597326
tb_sub,피하온도,helissen2021,3,24,3.0,8,0.9602536726160864,0.6776115184981694,0.2377657074114582,3.7682467888597326
tb_sub,피하온도,helissen2021,3,24,3.0,10,0.9906375128847108,0.800177853910531,0.2377657074114582,3.7682467888597326
tb_sub,피하온도,helissen2021,3,24,3.0,12,0.9979808348787926,0.8805611579536221,0.2377657074114582,3.7682467888597326
tb_sub,피하온도,helissen2021,3,24,3.0,16,0.9999218362643371,0.9607109944430445,0.2377657074114582,3.7682467888597326
tb_sub,피하온도,helissen2021,3,24,3.0,20,0.9999974519251863,0.9881069770700946,0.2377657074114582,3.7682467888597326
tb_sub,피하온도,helissen2021,3,24,3.0,24,0.9999999264896337,0.9966184997214145,0.2377657074114582,3.7682467888597326
tb_sub,피하온도,helissen2021,3,20,1.0,3,0.08602354378187294,0.999999999755088,0.2377657074114582,3.7682467888597326
tb_sub,피하온도,helissen2021,3,20,1.0,4,0.11478244986075865,,0.2377657074114582,3.7682467888597326
tb_sub,피하온도,helissen2021,3,20,1.0,5,0.14575214327753214,1.0,0.2377657074114582,3.7682467888597326
tb_sub,피하온도,helissen2021,3,20,1.0,6,0.1777158330832064,1.0,0.2377657074114582,3.7682467888597326
tb_sub,피하온도,helissen2021,3,20,1.0,7,0.21010429843053952,,0.2377657074114582,3.7682467888597326
tb_sub,피하온도,helissen2021,3,20,1.0,8,0.24258207584124308,1.0,0.2377657074114582,3.7682467888597326
tb_sub,피하온도,helissen2021,3,20,1.0,10,0.3069288780214599,,0.2377657074114582,3.7682467888597326
tb_sub,피하온도,helissen2021,3,20,1.0,12,0.36944611148600737,,0.2377657074114582,3.7682467888597326
tb_sub,피하온도,helissen2021,3,20,1.0,16,0.4858457269041495,1.0,0.2377657074114582,3.7682467888597326
tb_sub,피하온도,helissen2021,3,20,1.0,20,0.5879268182777885,1.0,0.2377657074114582,3.7682467888597326
tb_sub,피하온도,helissen2021,3,20,1.0,24,0.6745632781032137,1.0,0.2377657074114582,3.7682467888597326
tb_sub,피하온도,helissen2021,3,20,2.0,3,0.18610342966299667,0.999999999755088,0.2377657074114582,3.7682467888597326
tb_sub,피하온도,helissen2021,3,20,2.0,4,0.30152946886681914,,0.2377657074114582,3.7682467888597326
tb_sub,피하온도,helissen2021,3,20,2.0,5,0.4193794717292196,1.0,0.2377657074114582,3.7682467888597326
tb_sub,피하온도,helissen2021,3,20,2.0,6,0.5284305818251375,1.0,0.2377657074114582,3.7682467888597326
tb_sub,피하온도,helissen2021,3,20,2.0,7,0.6239120087285828,,0.2377657074114582,3.7682467888597326
tb_sub,피하온도,helissen2021,3,20,2.0,8,0.7045187207628877,1.0,0.2377657074114582,3.7682467888597326
tb_sub,피하온도,helissen2021,3,20,2.0,10,0.8241282986461467,,0.2377657074114582,3.7682467888597326
tb_sub,피하온도,helissen2021,3,20,2.0,12,0.8993273398922716,,0.2377657074114582,3.7682467888597326
tb_sub,피하온도,helissen2021,3,20,2.0,16,0.9697986100758911,1.0,0.2377657074114582,3.7682467888597326
tb_sub,피하온도,helissen2021,3,20,2.0,20,0.991704999819781,1.0,0.2377657074114582,3.7682467888597326
tb_sub,피하온도,helissen2021,3,20,2.0,24,0.9978675735656098,1.0,0.2377657074114582,3.7682467888597326
tb_sub,피하온도,helissen2021,3,20,3.0,3,0.3291487476841773,0.999999999755088,0.2377657074114582,3.7682467888597326
tb_sub,피하온도,helissen2021,3,20,3.0,4,0.5536688142226713,,0.2377657074114582,3.7682467888597326
tb_sub,피하온도,helissen2021,3,20,3.0,5,0.7331508795433727,1.0,0.2377657074114582,3.7682467888597326
tb_sub,피하온도,helissen2021,3,20,3.0,6,0.8516063688542463,1.0,0.2377657074114582,3.7682467888597326
tb_sub,피하온도,helissen2021,3,20,3.0,7,0.9216649629837049,,0.2377657074114582,3.7682467888597326
tb_sub,피하온도,helissen2021,3,20,3.0,8,0.9602536726160864,1.0,0.2377657074114582,3.7682467888597326
tb_sub,피하온도,helissen2021,3,20,3.0,10,0.9906375128847108,,0.2377657074114582,3.7682467888597326
tb_sub,피하온도,helissen2021,3,20,3.0,12,0.9979808348787926,,0.2377657074114582,3.7682467888597326
tb_sub,피하온도,helissen2021,3,20,3.0,16,0.9999218362643371,1.0,0.2377657074114582,3.7682467888597326
tb_sub,피하온도,helissen2021,3,20,3.0,20,0.9999974519251863,1.0,0.2377657074114582,3.7682467888597326
tb_sub,피하온도,helissen2021,3,20,3.0,24,0.9999999264896337,1.0,0.2377657074114582,3.7682467888597326
tb_sub,피하온도,helissen2021,3,28,1.0,3,0.08602354378187294,0.9999999999998935,0.2377657074114582,3.7682467888597326
tb_sub,피하온도,helissen2021,3,28,1.0,4,0.11478244986075865,,0.2377657074114582,3.7682467888597326
tb_sub,피하온도,helissen2021,3,28,1.0,5,0.14575214327753214,,0.2377657074114582,3.7682467888597326
tb_sub,피하온도,helissen2021,3,28,1.0,6,0.1777158330832064,,0.2377657074114582,3.7682467888597326
tb_sub,피하온도,helissen2021,3,28,1.0,7,0.21010429843053952,1.0,0.2377657074114582,3.7682467888597326
tb_sub,피하온도,helissen2021,3,28,1.0,8,0.24258207584124308,1.0,0.2377657074114582,3.7682467888597326
tb_sub,피하온도,helissen2021,3,28,1.0,10,0.3069288780214599,,0.2377657074114582,3.7682467888597326
tb_sub,피하온도,helissen2021,3,28,1.0,12,0.36944611148600737,1.0,0.2377657074114582,3.7682467888597326
tb_sub,피하온도,helissen2021,3,28,1.0,16,0.4858457269041495,1.0,0.2377657074114582,3.7682467888597326
tb_sub,피하온도,helissen2021,3,28,1.0,20,0.5879268182777885,1.0,0.2377657074114582,3.7682467888597326
tb_sub,피하온도,helissen2021,3,28,1.0,24,0.6745632781032137,1.0,0.2377657074114582,3.7682467888597326
tb_sub,피하온도,helissen2021,3,28,2.0,3,0.18610342966299667,0.9999999999998935,0.2377657074114582,3.7682467888597326
tb_sub,피하온도,helissen2021,3,28,2.0,4,0.30152946886681914,,0.2377657074114582,3.7682467888597326
tb_sub,피하온도,helissen2021,3,28,2.0,5,0.4193794717292196,,0.2377657074114582,3.7682467888597326
tb_sub,피하온도,helissen2021,3,28,2.0,6,0.5284305818251375,,0.2377657074114582,3.7682467888597326
tb_sub,피하온도,helissen2021,3,28,2.0,7,0.6239120087285828,1.0,0.2377657074114582,3.7682467888597326
tb_sub,피하온도,helissen2021,3,28,2.0,8,0.7045187207628877,1.0,0.2377657074114582,3.7682467888597326
tb_sub,피하온도,helissen2021,3,28,2.0,10,0.8241282986461467,,0.2377657074114582,3.7682467888597326
tb_sub,피하온도,helissen2021,3,28,2.0,12,0.8993273398922716,1.0,0.2377657074114582,3.7682467888597326
tb_sub,피하온도,helissen2021,3,28,2.0,16,0.9697986100758911,1.0,0.2377657074114582,3.7682467888597326
tb_sub,피하온도,helissen2021,3,28,2.0,20,0.991704999819781,1.0,0.2377657074114582,3.7682467888597326
tb_sub,피하온도,helissen2021,3,28,2.0,24,0.9978675735656098,1.0,0.2377657074114582,3.7682467888597326
tb_sub,피하온도,helissen2021,3,28,3.0,3,0.3291487476841773,0.9999999999998935,0.2377657074114582,3.7682467888597326
tb_sub,피하온도,helissen2021,3,28,3.0,4,0.5536688142226713,,0.2377657074114582,3.7682467888597326
tb_sub,피하온도,helissen2021,3,28,3.0,5,0.7331508795433727,,0.2377657074114582,3.7682467888597326
tb_sub,피하온도,helissen2021,3,28,3.0,6,0.8516063688542463,,0.2377657074114582,3.7682467888597326
tb_sub,피하온도,helissen2021,3,28,3.0,7,0.9216649629837049,1.0,0.2377657074114582,3.7682467888597326
tb_sub,피하온도,helissen2021,3,28,3.0,8,0.9602536726160864,1.0,0.2377657074114582,3.7682467888597326
tb_sub,피하온도,helissen2021,3,28,3.0,10,0.9906375128847108,,0.2377657074114582,3.7682467888597326
tb_sub,피하온도,helissen2021,3,28,3.0,12,0.9979808348787926,1.0,0.2377657074114582,3.7682467888597326
tb_sub,피하온도,helissen2021,3,28,3.0,16,0.9999218362643371,1.0,0.2377657074114582,3.7682467888597326
tb_sub,피하온도,helissen2021,3,28,3.0,20,0.9999974519251863,1.0,0.2377657074114582,3.7682467888597326
tb_sub,피하온도,helissen2021,3,28,3.0,24,0.9999999264896337,1.0,0.2377657074114582,3.7682467888597326
tb_sub,피하온도,helissen2021,5,24,1.0,3,0.08668667443750096,0.21703085534967972,0.2377657074114582,3.7682467888597326
tb_sub,피하온도,helissen2021,5,24,1.0,4,0.1159974029287865,0.35874340155428047,0.2377657074114582,3.7682467888597326
tb_sub,피하온도,helissen2021,5,24,1.0,5,0.14756621634121328,0.4978665654736452,0.2377657074114582,3.7682467888597326
tb_sub,피하온도,helissen2021,5,24,1.0,6,0.180143767201417,0.6192973012097606,0.2377657074114582,3.7682467888597326
tb_sub,피하온도,helissen2021,5,24,1.0,7,0.21314256750501123,0.7184293429753922,0.2377657074114582,3.7682467888597326
tb_sub,피하온도,helissen2021,5,24,1.0,8,0.24621509433797906,0.7958684448261987,0.2377657074114582,3.7682467888597326
tb_sub,피하온도,helissen2021,5,24,1.0,10,0.31167207249416984,0.8976941830980368,0.2377657074114582,3.7682467888597326
tb_sub,피하온도,helissen2021,5,24,1.0,12,0.3751584517688928,0.9512225894236314,0.2377657074114582,3.7682467888597326
tb_sub,피하온도,helissen2021,5,24,1.0,16,0.49299240055970406,0.9900680106831149,0.2377657074114582,3.7682467888597326
tb_sub,피하온도,helissen2021,5,24,1.0,20,0.5958271828589679,0.9981845483077004,0.2377657074114582,3.7682467888597326
tb_sub,피하온도,helissen2021,5,24,1.0,24,0.6826265897861513,0.9996935332737091,0.2377657074114582,3.7682467888597326
tb_sub,피하온도,helissen2021,5,24,2.0,3,0.18846293317352517,0.21703085534967972,0.2377657074114582,3.7682467888597326
tb_sub,피하온도,helissen2021,5,24,2.0,4,0.3059244569668408,0.35874340155428047,0.2377657074114582,3.7682467888597326
tb_sub,피하온도,helissen2021,5,24,2.0,5,0.42553091952189875,0.4978665654736452,0.2377657074114582,3.7682467888597326
tb_sub,피하온도,helissen2021,5,24,2.0,6,0.5357507696570009,0.6192973012097606,0.2377657074114582,3.7682467888597326
tb_sub,피하온도,helissen2021,5,24,2.0,7,0.6317723672019478,0.7184293429753922,0.2377657074114582,3.7682467888597326
tb_sub,피하온도,helissen2021,5,24,2.0,8,0.7123819685163456,0.7958684448261987,0.2377657074114582,3.7682467888597326
tb_sub,피하온도,helissen2021,5,24,2.0,10,0.8309423799062106,0.8976941830980368,0.2377657074114582,3.7682467888597326
tb_sub,피하온도,helissen2021,5,24,2.0,12,0.9045136087025436,0.9512225894236314,0.2377657074114582,3.7682467888597326
tb_sub,피하온도,helissen2021,5,24,2.0,16,0.9721579213966047,0.9900680106831149,0.2377657074114582,3.7682467888597326
tb_sub,피하온도,helissen2021,5,24,2.0,20,0.9925789327419005,0.9981845483077004,0.2377657074114582,3.7682467888597326
tb_sub,피하온도,helissen2021,5,24,2.0,24,0.9981505602534144,0.9996935332737091,0.2377657074114582,3.7682467888597326
tb_sub,피하온도,helissen2021,5,24,3.0,3,0.3335166482787794,0.21703085534967972,0.2377657074114582,3.7682467888597326
tb_sub,피하온도,helissen2021,5,24,3.0,4,0.5607189406332805,0.35874340155428047,0.2377657074114582,3.7682467888597326
tb_sub,피하온도,helissen2021,5,24,3.0,5,0.7405669626327612,0.4978665654736452,0.2377657074114582,3.7682467888597326
tb_sub,피하온도,helissen2021,5,24,3.0,6,0.8577420832276242,0.6192973012097606,0.2377657074114582,3.7682467888597326
tb_sub,피하온도,helissen2021,5,24,3.0,7,0.926036610553274,0.7184293429753922,0.2377657074114582,3.7682467888597326
tb_sub,피하온도,helissen2021,5,24,3.0,8,0.9630674620968369,0.7958684448261987,0.2377657074114582,3.7682467888597326
tb_sub,피하온도,helissen2021,5,24,3.0,10,0.9915880007088789,0.8976941830980368,0.2377657074114582,3.7682467888597326
tb_sub,피하온도,helissen2021,5,24,3.0,12,0.998248379297439,0.9512225894236314,0.2377657074114582,3.7682467888597326
tb_sub,피하온도,helissen2021,5,24,3.0,16,0.999936960708921,0.9900680106831149,0.2377657074114582,3.7682467888597326
tb_sub,피하온도,helissen2021,5,24,3.0,20,0.999998093896858,0.9981845483077004,0.2377657074114582,3.7682467888597326
tb_sub,피하온도,helissen2021,5,24,3.0,24,0.9999999490734284,0.9996935332737091,0.2377657074114582,3.7682467888597326
tb_sub,피하온도,helissen2021,5,20,1.0,3,0.08668667443750096,0.9999999999998402,0.2377657074114582,3.7682467888597326
tb_sub,피하온도,helissen2021,5,20,1.0,4,0.1159974029287865,,0.2377657074114582,3.7682467888597326
tb_sub,피하온도,helissen2021,5,20,1.0,5,0.14756621634121328,1.0,0.2377657074114582,3.7682467888597326
tb_sub,피하온도,helissen2021,5,20,1.0,6,0.180143767201417,,0.2377657074114582,3.7682467888597326
tb_sub,피하온도,helissen2021,5,20,1.0,7,0.21314256750501123,1.0,0.2377657074114582,3.7682467888597326
tb_sub,피하온도,helissen2021,5,20,1.0,8,0.24621509433797906,,0.2377657074114582,3.7682467888597326
tb_sub,피하온도,helissen2021,5,20,1.0,10,0.31167207249416984,,0.2377657074114582,3.7682467888597326
tb_sub,피하온도,helissen2021,5,20,1.0,12,0.3751584517688928,1.0,0.2377657074114582,3.7682467888597326
tb_sub,피하온도,helissen2021,5,20,1.0,16,0.49299240055970406,1.0,0.2377657074114582,3.7682467888597326
tb_sub,피하온도,helissen2021,5,20,1.0,20,0.5958271828589679,1.0,0.2377657074114582,3.7682467888597326
tb_sub,피하온도,helissen2021,5,20,1.0,24,0.6826265897861513,1.0,0.2377657074114582,3.7682467888597326
tb_sub,피하온도,helissen2021,5,20,2.0,3,0.18846293317352517,0.9999999999998402,0.2377657074114582,3.7682467888597326
tb_sub,피하온도,helissen2021,5,20,2.0,4,0.3059244569668408,,0.2377657074114582,3.7682467888597326
tb_sub,피하온도,helissen2021,5,20,2.0,5,0.42553091952189875,1.0,0.2377657074114582,3.7682467888597326
tb_sub,피하온도,helissen2021,5,20,2.0,6,0.5357507696570009,,0.2377657074114582,3.7682467888597326
tb_sub,피하온도,helissen2021,5,20,2.0,7,0.6317723672019478,1.0,0.2377657074114582,3.7682467888597326
tb_sub,피하온도,helissen2021,5,20,2.0,8,0.7123819685163456,,0.2377657074114582,3.7682467888597326
tb_sub,피하온도,helissen2021,5,20,2.0,10,0.8309423799062106,,0.2377657074114582,3.7682467888597326
tb_sub,피하온도,helissen2021,5,20,2.0,12,0.9045136087025436,1.0,0.2377657074114582,3.7682467888597326
tb_sub,피하온도,helissen2021,5,20,2.0,16,0.9721579213966047,1.0,0.2377657074114582,3.7682467888597326
tb_sub,피하온도,helissen2021,5,20,2.0,20,0.9925789327419005,1.0,0.2377657074114582,3.7682467888597326
tb_sub,피하온도,helissen2021,5,20,2.0,24,0.9981505602534144,1.0,0.2377657074114582,3.7682467888597326
tb_sub,피하온도,helissen2021,5,20,3.0,3,0.3335166482787794,0.9999999999998402,0.2377657074114582,3.7682467888597326
tb_sub,피하온도,helissen2021,5,20,3.0,4,0.5607189406332805,,0.2377657074114582,3.7682467888597326
tb_sub,피하온도,helissen2021,5,20,3.0,5,0.7405669626327612,1.0,0.2377657074114582,3.7682467888597326
tb_sub,피하온도,helissen2021,5,20,3.0,6,0.8577420832276242,,0.2377657074114582,3.7682467888597326
tb_sub,피하온도,helissen2021,5,20,3.0,7,0.926036610553274,1.0,0.2377657074114582,3.7682467888597326
tb_sub,피하온도,helissen2021,5,20,3.0,8,0.9630674620968369,,0.2377657074114582,3.7682467888597326
tb_sub,피하온도,helissen2021,5,20,3.0,10,0.9915880007088789,,0.2377657074114582,3.7682467888597326
tb_sub,피하온도,helissen2021,5,20,3.0,12,0.998248379297439,1.0,0.2377657074114582,3.7682467888597326
tb_sub,피하온도,helissen2021,5,20,3.0,16,0.999936960708921,1.0,0.2377657074114582,3.7682467888597326
tb_sub,피하온도,helissen2021,5,20,3.0,20,0.999998093896858,1.0,0.2377657074114582,3.7682467888597326
tb_sub,피하온도,helissen2021,5,20,3.0,24,0.9999999490734284,1.0,0.2377657074114582,3.7682467888597326
tb_sub,피하온도,helissen2021,5,28,1.0,3,0.08668667443750096,1.0,0.2377657074114582,3.7682467888597326
tb_sub,피하온도,helissen2021,5,28,1.0,4,0.1159974029287865,1.0,0.2377657074114582,3.7682467888597326
tb_sub,피하온도,helissen2021,5,28,1.0,5,0.14756621634121328,,0.2377657074114582,3.7682467888597326
tb_sub,피하온도,helissen2021,5,28,1.0,6,0.180143767201417,,0.2377657074114582,3.7682467888597326
tb_sub,피하온도,helissen2021,5,28,1.0,7,0.21314256750501123,,0.2377657074114582,3.7682467888597326
tb_sub,피하온도,helissen2021,5,28,1.0,8,0.24621509433797906,,0.2377657074114582,3.7682467888597326
tb_sub,피하온도,helissen2021,5,28,1.0,10,0.31167207249416984,1.0,0.2377657074114582,3.7682467888597326
tb_sub,피하온도,helissen2021,5,28,1.0,12,0.3751584517688928,1.0,0.2377657074114582,3.7682467888597326
tb_sub,피하온도,helissen2021,5,28,1.0,16,0.49299240055970406,1.0,0.2377657074114582,3.7682467888597326
tb_sub,피하온도,helissen2021,5,28,1.0,20,0.5958271828589679,1.0,0.2377657074114582,3.7682467888597326
tb_sub,피하온도,helissen2021,5,28,1.0,24,0.6826265897861513,1.0,0.2377657074114582,3.7682467888597326
tb_sub,피하온도,helissen2021,5,28,2.0,3,0.18846293317352517,1.0,0.2377657074114582,3.7682467888597326
tb_sub,피하온도,helissen2021,5,28,2.0,4,0.3059244569668408,1.0,0.2377657074114582,3.7682467888597326
tb_sub,피하온도,helissen2021,5,28,2.0,5,0.42553091952189875,,0.2377657074114582,3.7682467888597326
tb_sub,피하온도,helissen2021,5,28,2.0,6,0.5357507696570009,,0.2377657074114582,3.7682467888597326
tb_sub,피하온도,helissen2021,5,28,2.0,7,0.6317723672019478,,0.2377657074114582,3.7682467888597326
tb_sub,피하온도,helissen2021,5,28,2.0,8,0.7123819685163456,,0.2377657074114582,3.7682467888597326
tb_sub,피하온도,helissen2021,5,28,2.0,10,0.8309423799062106,1.0,0.2377657074114582,3.7682467888597326
tb_sub,피하온도,helissen2021,5,28,2.0,12,0.9045136087025436,1.0,0.2377657074114582,3.7682467888597326
tb_sub,피하온도,helissen2021,5,28,2.0,16,0.9721579213966047,1.0,0.2377657074114582,3.7682467888597326
tb_sub,피하온도,helissen2021,5,28,2.0,20,0.9925789327419005,1.0,0.2377657074114582,3.7682467888597326
tb_sub,피하온도,helissen2021,5,28,2.0,24,0.9981505602534144,1.0,0.2377657074114582,3.7682467888597326
tb_sub,피하온도,helissen2021,5,28,3.0,3,0.3335166482787794,1.0,0.2377657074114582,3.7682467888597326
tb_sub,피하온도,helissen2021,5,28,3.0,4,0.5607189406332805,1.0,0.2377657074114582,3.7682467888597326
tb_sub,피하온도,helissen2021,5,28,3.0,5,0.7405669626327612,,0.2377657074114582,3.7682467888597326
tb_sub,피하온도,helissen2021,5,28,3.0,6,0.8577420832276242,,0.2377657074114582,3.7682467888597326
tb_sub,피하온도,helissen2021,5,28,3.0,7,0.926036610553274,,0.2377657074114582,3.7682467888597326
tb_sub,피하온도,helissen2021,5,28,3.0,8,0.9630674620968369,,0.2377657074114582,3.7682467888597326
tb_sub,피하온도,helissen2021,5,28,3.0,10,0.9915880007088789,1.0,0.2377657074114582,3.7682467888597326
tb_sub,피하온도,helissen2021,5,28,3.0,12,0.998248379297439,1.0,0.2377657074114582,3.7682467888597326
tb_sub,피하온도,helissen2021,5,28,3.0,16,0.999936960708921,1.0,0.2377657074114582,3.7682467888597326
tb_sub,피하온도,helissen2021,5,28,3.0,20,0.999998093896858,1.0,0.2377657074114582,3.7682467888597326
tb_sub,피하온도,helissen2021,5,28,3.0,24,0.9999999490734284,1.0,0.2377657074114582,3.7682467888597326
tb_sub,피하온도,helissen2021,7,24,1.0,3,0.08689910273366748,0.2255237229206387,0.2377657074114582,3.7682467888597326
tb_sub,피하온도,helissen2021,7,24,1.0,4,0.11638674171985938,0.3742723629174763,0.2377657074114582,3.7682467888597326
tb_sub,피하온도,helissen2021,7,24,1.0,5,0.1481476059525023,0.5185299382426392,0.2377657074114582,3.7682467888597326
tb_sub,피하온도,helissen2021,7,24,1.0,6,0.18092181986314831,0.6422490691348384,0.2377657074114582,3.7682467888597326
tb_sub,피하온도,helissen2021,7,24,1.0,7,0.2141159738637013,0.7411749059348033,0.2377657074114582,3.7682467888597326
tb_sub,피하온도,helissen2021,7,24,1.0,8,0.24737863579884942,0.8167098001856149,0.2377657074114582,3.7682467888597326
tb_sub,피하온도,helissen2021,7,24,1.0,10,0.31318970121222717,0.9126209111754273,0.2377657074114582,3.7682467888597326
tb_sub,피하온도,helissen2021,7,24,1.0,12,0.3769839340553201,0.9604891574941317,0.2377657074114582,3.7682467888597326
tb_sub,피하온도,helissen2021,7,24,1.0,16,0.4952694731165927,0.9928060752586495,0.2377657074114582,3.7682467888597326
tb_sub,피하온도,helissen2021,7,24,1.0,20,0.5983357210840897,0.9988302771609718,0.2377657074114582,3.7682467888597326
tb_sub,피하온도,helissen2021,7,24,1.0,24,0.6851771972329106,0.9998249664722407,0.2377657074114582,3.7682467888597326
tb_sub,피하온도,helissen2021,7,24,2.0,3,0.1892176940871695,0.2255237229206387,0.2377657074114582,3.7682467888597326
tb_sub,피하온도,helissen2021,7,24,2.0,4,0.30732946572658004,0.3742723629174763,0.2377657074114582,3.7682467888597326
tb_sub,피하온도,helissen2021,7,24,2.0,5,0.4274934008508318,0.5185299382426392,0.2377657074114582,3.7682467888597326
tb_sub,피하온도,helissen2021,7,24,2.0,6,0.538079343874619,0.6422490691348384,0.2377657074114582,3.7682467888597326
tb_sub,피하온도,helissen2021,7,24,2.0,7,0.6342642047484999,0.7411749059348033,0.2377657074114582,3.7682467888597326
tb_sub,피하온도,helissen2021,7,24,2.0,8,0.7148652864581005,0.8167098001856149,0.2377657074114582,3.7682467888597326
tb_sub,피하온도,helissen2021,7,24,2.0,10,0.8330765491557134,0.9126209111754273,0.2377657074114582,3.7682467888597326
tb_sub,피하온도,helissen2021,7,24,2.0,12,0.9061234554720781,0.9604891574941317,0.2377657074114582,3.7682467888597326
tb_sub,피하온도,helissen2021,7,24,2.0,16,0.9728763700969373,0.9928060752586495,0.2377657074114582,3.7682467888597326
tb_sub,피하온도,helissen2021,7,24,2.0,20,0.9928397277470941,0.9988302771609718,0.2377657074114582,3.7682467888597326
tb_sub,피하온도,helissen2021,7,24,2.0,24,0.9982332541263421,0.9998249664722407,0.2377657074114582,3.7682467888597326
tb_sub,피하온도,helissen2021,7,24,3.0,3,0.33491051216549944,0.2255237229206387,0.2377657074114582,3.7682467888597326
tb_sub,피하온도,helissen2021,7,24,3.0,4,0.5629586467701716,0.3742723629174763,0.2377657074114582,3.7682467888597326
tb_sub,피하온도,helissen2021,7,24,3.0,5,0.7429052607061449,0.5185299382426392,0.2377657074114582,3.7682467888597326
tb_sub,피하온도,helissen2021,7,24,3.0,6,0.8596591121745194,0.6422490691348384,0.2377657074114582,3.7682467888597326
tb_sub,피하온도,helissen2021,7,24,3.0,7,0.92738880356285,0.7411749059348033,0.2377657074114582,3.7682467888597326
tb_sub,피하온도,helissen2021,7,24,3.0,8,0.9639285505064156,0.8167098001856149,0.2377657074114582,3.7682467888597326
tb_sub,피하온도,helissen2021,7,24,3.0,10,0.9918723832123784,0.9126209111754273,0.2377657074114582,3.7682467888597326
tb_sub,피하온도,helissen2021,7,24,3.0,12,0.9983265570966297,0.9604891574941317,0.2377657074114582,3.7682467888597326
tb_sub,피하온도,helissen2021,7,24,3.0,16,0.9999411672577824,0.9928060752586495,0.2377657074114582,3.7682467888597326
tb_sub,피하온도,helissen2021,7,24,3.0,20,0.9999982635201248,0.9988302771609718,0.2377657074114582,3.7682467888597326
tb_sub,피하온도,helissen2021,7,24,3.0,24,0.9999999547340871,0.9998249664722407,0.2377657074114582,3.7682467888597326
tb_sub,피하온도,helissen2021,7,20,1.0,3,0.08689910273366748,0.9999999999999696,0.2377657074114582,3.7682467888597326
tb_sub,피하온도,helissen2021,7,20,1.0,4,0.11638674171985938,1.0,0.2377657074114582,3.7682467888597326
tb_sub,피하온도,helissen2021,7,20,1.0,5,0.1481476059525023,,0.2377657074114582,3.7682467888597326
tb_sub,피하온도,helissen2021,7,20,1.0,6,0.18092181986314831,,0.2377657074114582,3.7682467888597326
tb_sub,피하온도,helissen2021,7,20,1.0,7,0.2141159738637013,,0.2377657074114582,3.7682467888597326
tb_sub,피하온도,helissen2021,7,20,1.0,8,0.24737863579884942,,0.2377657074114582,3.7682467888597326
tb_sub,피하온도,helissen2021,7,20,1.0,10,0.31318970121222717,,0.2377657074114582,3.7682467888597326
tb_sub,피하온도,helissen2021,7,20,1.0,12,0.3769839340553201,1.0,0.2377657074114582,3.7682467888597326
tb_sub,피하온도,helissen2021,7,20,1.0,16,0.4952694731165927,1.0,0.2377657074114582,3.7682467888597326
tb_sub,피하온도,helissen2021,7,20,1.0,20,0.5983357210840897,1.0,0.2377657074114582,3.7682467888597326
tb_sub,피하온도,helissen2021,7,20,1.0,24,0.6851771972329106,1.0,0.2377657074114582,3.7682467888597326
tb_sub,피하온도,helissen2021,7,20,2.0,3,0.1892176940871695,0.9999999999999696,0.2377657074114582,3.7682467888597326
tb_sub,피하온도,helissen2021,7,20,2.0,4,0.30732946572658004,1.0,0.2377657074114582,3.7682467888597326
tb_sub,피하온도,helissen2021,7,20,2.0,5,0.4274934008508318,,0.2377657074114582,3.7682467888597326
tb_sub,피하온도,helissen2021,7,20,2.0,6,0.538079343874619,,0.2377657074114582,3.7682467888597326
tb_sub,피하온도,helissen2021,7,20,2.0,7,0.6342642047484999,,0.2377657074114582,3.7682467888597326
tb_sub,피하온도,helissen2021,7,20,2.0,8,0.7148652864581005,,0.2377657074114582,3.7682467888597326
tb_sub,피하온도,helissen2021,7,20,2.0,10,0.8330765491557134,,0.2377657074114582,3.7682467888597326
tb_sub,피하온도,helissen2021,7,20,2.0,12,0.9061234554720781,1.0,0.2377657074114582,3.7682467888597326
tb_sub,피하온도,helissen2021,7,20,2.0,16,0.9728763700969373,1.0,0.2377657074114582,3.7682467888597326
tb_sub,피하온도,helissen2021,7,20,2.0,20,0.9928397277470941,1.0,0.2377657074114582,3.7682467888597326
tb_sub,피하온도,helissen2021,7,20,2.0,24,0.9982332541263421,1.0,0.2377657074114582,3.7682467888597326
tb_sub,피하온도,helissen2021,7,20,3.0,3,0.33491051216549944,0.9999999999999696,0.2377657074114582,3.7682467888597326
tb_sub,피하온도,helissen2021,7,20,3.0,4,0.5629586467701716,1.0,0.2377657074114582,3.7682467888597326
tb_sub,피하온도,helissen2021,7,20,3.0,5,0.7429052607061449,,0.2377657074114582,3.7682467888597326
tb_sub,피하온도,helissen2021,7,20,3.0,6,0.8596591121745194,,0.2377657074114582,3.7682467888597326
tb_sub,피하온도,helissen2021,7,20,3.0,7,0.92738880356285,,0.2377657074114582,3.7682467888597326
tb_sub,피하온도,helissen2021,7,20,3.0,8,0.9639285505064156,,0.2377657074114582,3.7682467888597326
tb_sub,피하온도,helissen2021,7,20,3.0,10,0.9918723832123784,,0.2377657074114582,3.7682467888597326
tb_sub,피하온도,helissen2021,7,20,3.0,12,0.9983265570966297,1.0,0.2377657074114582,3.7682467888597326
tb_sub,피하온도,helissen2021,7,20,3.0,16,0.9999411672577824,1.0,0.2377657074114582,3.7682467888597326
tb_sub,피하온도,helissen2021,7,20,3.0,20,0.9999982635201248,1.0,0.2377657074114582,3.7682467888597326
tb_sub,피하온도,helissen2021,7,20,3.0,24,0.9999999547340871,1.0,0.2377657074114582,3.7682467888597326
tb_sub,피하온도,helissen2021,7,28,1.0,3,0.08689910273366748,1.0,0.2377657074114582,3.7682467888597326
tb_sub,피하온도,helissen2021,7,28,1.0,4,0.11638674171985938,,0.2377657074114582,3.7682467888597326
tb_sub,피하온도,helissen2021,7,28,1.0,5,0.1481476059525023,,0.2377657074114582,3.7682467888597326
tb_sub,피하온도,helissen2021,7,28,1.0,6,0.18092181986314831,1.0,0.2377657074114582,3.7682467888597326
tb_sub,피하온도,helissen2021,7,28,1.0,7,0.2141159738637013,,0.2377657074114582,3.7682467888597326
tb_sub,피하온도,helissen2021,7,28,1.0,8,0.24737863579884942,,0.2377657074114582,3.7682467888597326
tb_sub,피하온도,helissen2021,7,28,1.0,10,0.31318970121222717,1.0,0.2377657074114582,3.7682467888597326
tb_sub,피하온도,helissen2021,7,28,1.0,12,0.3769839340553201,1.0,0.2377657074114582,3.7682467888597326
tb_sub,피하온도,helissen2021,7,28,1.0,16,0.4952694731165927,1.0,0.2377657074114582,3.7682467888597326
tb_sub,피하온도,helissen2021,7,28,1.0,20,0.5983357210840897,1.0,0.2377657074114582,3.7682467888597326
tb_sub,피하온도,helissen2021,7,28,1.0,24,0.6851771972329106,1.0,0.2377657074114582,3.7682467888597326
tb_sub,피하온도,helissen2021,7,28,2.0,3,0.1892176940871695,1.0,0.2377657074114582,3.7682467888597326
tb_sub,피하온도,helissen2021,7,28,2.0,4,0.30732946572658004,,0.2377657074114582,3.7682467888597326
tb_sub,피하온도,helissen2021,7,28,2.0,5,0.4274934008508318,,0.2377657074114582,3.7682467888597326
tb_sub,피하온도,helissen2021,7,28,2.0,6,0.538079343874619,1.0,0.2377657074114582,3.7682467888597326
tb_sub,피하온도,helissen2021,7,28,2.0,7,0.6342642047484999,,0.2377657074114582,3.7682467888597326
tb_sub,피하온도,helissen2021,7,28,2.0,8,0.7148652864581005,,0.2377657074114582,3.7682467888597326
tb_sub,피하온도,helissen2021,7,28,2.0,10,0.8330765491557134,1.0,0.2377657074114582,3.7682467888597326
tb_sub,피하온도,helissen2021,7,28,2.0,12,0.9061234554720781,1.0,0.2377657074114582,3.7682467888597326
tb_sub,피하온도,helissen2021,7,28,2.0,16,0.9728763700969373,1.0,0.2377657074114582,3.7682467888597326
tb_sub,피하온도,helissen2021,7,28,2.0,20,0.9928397277470941,1.0,0.2377657074114582,3.7682467888597326
tb_sub,피하온도,helissen2021,7,28,2.0,24,0.9982332541263421,1.0,0.2377657074114582,3.7682467888597326
tb_sub,피하온도,helissen2021,7,28,3.0,3,0.33491051216549944,1.0,0.2377657074114582,3.7682467888597326
tb_sub,피하온도,helissen2021,7,28,3.0,4,0.5629586467701716,,0.2377657074114582,3.7682467888597326
tb_sub,피하온도,helissen2021,7,28,3.0,5,0.7429052607061449,,0.2377657074114582,3.7682467888597326
tb_sub,피하온도,helissen2021,7,28,3.0,6,0.8596591121745194,1.0,0.2377657074114582,3.7682467888597326
tb_sub,피하온도,helissen2021,7,28,3.0,7,0.92738880356285,,0.2377657074114582,3.7682467888597326
tb_sub,피하온도,helissen2021,7,28,3.0,8,0.9639285505064156,,0.2377657074114582,3.7682467888597326
tb_sub,피하온도,helissen2021,7,28,3.0,10,0.9918723832123784,1.0,0.2377657074114582,3.7682467888597326
tb_sub,피하온도,helissen2021,7,28,3.0,12,0.9983265570966297,1.0,0.2377657074114582,3.7682467888597326
tb_sub,피하온도,helissen2021,7,28,3.0,16,0.9999411672577824,1.0,0.2377657074114582,3.7682467888597326
tb_sub,피하온도,helissen2021,7,28,3.0,20,0.9999982635201248,1.0,0.2377657074114582,3.7682467888597326
tb_sub,피하온도,helissen2021,7,28,3.0,24,0.9999999547340871,1.0,0.2377657074114582,3.7682467888597326
activity,활동량,helissen2020,3,24,1.0,3,0.07832407527466533,0.1324784680896384,0.3680643652251976,4.19058459746378
activity,활동량,helissen2020,3,24,1.0,4,0.10072649577543095,0.20106255927410832,0.3680643652251976,4.19058459746378
activity,활동량,helissen2020,3,24,1.0,5,0.12479134771625061,0.2743307919665417,0.3680643652251976,4.19058459746378
activity,활동량,helissen2020,3,24,1.0,6,0.1496468783253473,0.3475656446092675,0.3680643652251976,4.19058459746378
activity,활동량,helissen2020,3,24,1.0,7,0.1749120037179512,0.4182413710525377,0.3680643652251976,4.19058459746378
activity,활동량,helissen2020,3,24,1.0,8,0.20037470697748622,0.4849144265672905,0.3680643652251976,4.19058459746378
activity,활동량,helissen2020,3,24,1.0,10,0.2513560393956166,0.603415139760458,0.3680643652251976,4.19058459746378
activity,활동량,helissen2020,3,24,1.0,12,0.30178203213973537,0.7007748671622177,0.3680643652251976,4.19058459746378
activity,활동량,helissen2020,3,24,1.0,16,0.3988632360841736,0.8377315394713784,0.3680643652251976,4.19058459746378
activity,활동량,helissen2020,3,24,1.0,20,0.48863412298842346,0.9163959940829665,0.3680643652251976,4.19058459746378
activity,활동량,helissen2020,3,24,1.0,24,0.569538283047042,0.9586236089916073,0.3680643652251976,4.19058459746378
activity,활동량,helissen2020,3,24,2.0,3,0.1583293995709377,0.1324784680896384,0.3680643652251976,4.19058459746378
activity,활동량,helissen2020,3,24,2.0,4,0.24956448731701175,0.20106255927410832,0.3680643652251976,4.19058459746378
activity,활동량,helissen2020,3,24,2.0,5,0.34530823145093104,0.2743307919665417,0.3680643652251976,4.19058459746378
activity,활동량,helissen2020,3,24,2.0,6,0.4379110221746055,0.3475656446092675,0.3680643652251976,4.19058459746378
activity,활동량,helissen2020,3,24,2.0,7,0.5235479078015456,0.4182413710525377,0.3680643652251976,4.19058459746378
activity,활동량,helissen2020,3,24,2.0,8,0.6004441889767494,0.4849144265672905,0.3680643652251976,4.19058459746378
activity,활동량,helissen2020,3,24,2.0,10,0.7263999868385838,0.603415139760458,0.3680643652251976,4.19058459746378
activity,활동량,helissen2020,3,24,2.0,12,0.8180474241607987,0.7007748671622177,0.3680643652251976,4.19058459746378
activity,활동량,helissen2020,3,24,2.0,16,0.924810960643398,0.8377315394713784,0.3680643652251976,4.19058459746378
activity,활동량,helissen2020,3,24,2.0,20,0.9710168206704854,0.9163959940829665,0.3680643652251976,4.19058459746378
activity,활동량,helissen2020,3,24,2.0,24,0.9894067711664036,0.9586236089916073,0.3680643652251976,4.19058459746378
activity,활동량,helissen2020,3,24,3.0,3,0.27653862771747095,0.1324784680896384,0.3680643652251976,4.19058459746378
activity,활동량,helissen2020,3,24,3.0,4,0.46523860849526555,0.20106255927410832,0.3680643652251976,4.19058459746378
activity,활동량,helissen2020,3,24,3.0,5,0.6332776453153633,0.2743307919665417,0.3680643652251976,4.19058459746378
activity,활동량,helissen2020,3,24,3.0,6,0.7613170251911097,0.3475656446092675,0.3680643652251976,4.19058459746378
activity,활동량,helissen2020,3,24,3.0,7,0.8505443692756215,0.4182413710525377,0.3680643652251976,4.19058459746378
activity,활동량,helissen2020,3,24,3.0,8,0.9091960165628289,0.4849144265672905,0.3680643652251976,4.19058459746378
activity,활동량,helissen2020,3,24,3.0,10,0.968727222879804,0.603415139760458,0.3680643652251976,4.19058459746378
activity,활동량,helissen2020,3,24,3.0,12,0.989962343914878,0.7007748671622177,0.3680643652251976,4.19058459746378
activity,활동량,helissen2020,3,24,3.0,16,0.999110008779559,0.8377315394713784,0.3680643652251976,4.19058459746378
activity,활동량,helissen2020,3,24,3.0,20,0.9999316039496707,0.9163959940829665,0.3680643652251976,4.19058459746378
activity,활동량,helissen2020,3,24,3.0,24,0.9999952586093946,0.9586236089916073,0.3680643652251976,4.19058459746378
activity,활동량,helissen2020,3,20,1.0,3,0.07832407527466533,0.9999990494981791,0.3680643652251976,4.19058459746378
activity,활동량,helissen2020,3,20,1.0,4,0.10072649577543095,1.0,0.3680643652251976,4.19058459746378
activity,활동량,helissen2020,3,20,1.0,5,0.12479134771625061,,0.3680643652251976,4.19058459746378
activity,활동량,helissen2020,3,20,1.0,6,0.1496468783253473,,0.3680643652251976,4.19058459746378
activity,활동량,helissen2020,3,20,1.0,7,0.1749120037179512,,0.3680643652251976,4.19058459746378
activity,활동량,helissen2020,3,20,1.0,8,0.20037470697748622,,0.3680643652251976,4.19058459746378
activity,활동량,helissen2020,3,20,1.0,10,0.2513560393956166,1.0,0.3680643652251976,4.19058459746378
activity,활동량,helissen2020,3,20,1.0,12,0.30178203213973537,,0.3680643652251976,4.19058459746378
activity,활동량,helissen2020,3,20,1.0,16,0.3988632360841736,,0.3680643652251976,4.19058459746378
activity,활동량,helissen2020,3,20,1.0,20,0.48863412298842346,1.0,0.3680643652251976,4.19058459746378
activity,활동량,helissen2020,3,20,1.0,24,0.569538283047042,1.0,0.3680643652251976,4.19058459746378
activity,활동량,helissen2020,3,20,2.0,3,0.1583293995709377,0.9999990494981791,0.3680643652251976,4.19058459746378
activity,활동량,helissen2020,3,20,2.0,4,0.24956448731701175,1.0,0.3680643652251976,4.19058459746378
activity,활동량,helissen2020,3,20,2.0,5,0.34530823145093104,,0.3680643652251976,4.19058459746378
activity,활동량,helissen2020,3,20,2.0,6,0.4379110221746055,,0.3680643652251976,4.19058459746378
activity,활동량,helissen2020,3,20,2.0,7,0.5235479078015456,,0.3680643652251976,4.19058459746378
activity,활동량,helissen2020,3,20,2.0,8,0.6004441889767494,,0.3680643652251976,4.19058459746378
activity,활동량,helissen2020,3,20,2.0,10,0.7263999868385838,1.0,0.3680643652251976,4.19058459746378
activity,활동량,helissen2020,3,20,2.0,12,0.8180474241607987,,0.3680643652251976,4.19058459746378
activity,활동량,helissen2020,3,20,2.0,16,0.924810960643398,,0.3680643652251976,4.19058459746378
activity,활동량,helissen2020,3,20,2.0,20,0.9710168206704854,1.0,0.3680643652251976,4.19058459746378
activity,활동량,helissen2020,3,20,2.0,24,0.9894067711664036,1.0,0.3680643652251976,4.19058459746378
activity,활동량,helissen2020,3,20,3.0,3,0.27653862771747095,0.9999990494981791,0.3680643652251976,4.19058459746378
activity,활동량,helissen2020,3,20,3.0,4,0.46523860849526555,1.0,0.3680643652251976,4.19058459746378
activity,활동량,helissen2020,3,20,3.0,5,0.6332776453153633,,0.3680643652251976,4.19058459746378
activity,활동량,helissen2020,3,20,3.0,6,0.7613170251911097,,0.3680643652251976,4.19058459746378
activity,활동량,helissen2020,3,20,3.0,7,0.8505443692756215,,0.3680643652251976,4.19058459746378
activity,활동량,helissen2020,3,20,3.0,8,0.9091960165628289,,0.3680643652251976,4.19058459746378
activity,활동량,helissen2020,3,20,3.0,10,0.968727222879804,1.0,0.3680643652251976,4.19058459746378
activity,활동량,helissen2020,3,20,3.0,12,0.989962343914878,,0.3680643652251976,4.19058459746378
activity,활동량,helissen2020,3,20,3.0,16,0.999110008779559,,0.3680643652251976,4.19058459746378
activity,활동량,helissen2020,3,20,3.0,20,0.9999316039496707,1.0,0.3680643652251976,4.19058459746378
activity,활동량,helissen2020,3,20,3.0,24,0.9999952586093946,1.0,0.3680643652251976,4.19058459746378
activity,활동량,helissen2020,3,28,1.0,3,0.07832407527466533,0.9999999925129968,0.3680643652251976,4.19058459746378
activity,활동량,helissen2020,3,28,1.0,4,0.10072649577543095,,0.3680643652251976,4.19058459746378
activity,활동량,helissen2020,3,28,1.0,5,0.12479134771625061,1.0,0.3680643652251976,4.19058459746378
activity,활동량,helissen2020,3,28,1.0,6,0.1496468783253473,1.0,0.3680643652251976,4.19058459746378
activity,활동량,helissen2020,3,28,1.0,7,0.1749120037179512,1.0,0.3680643652251976,4.19058459746378
activity,활동량,helissen2020,3,28,1.0,8,0.20037470697748622,,0.3680643652251976,4.19058459746378
activity,활동량,helissen2020,3,28,1.0,10,0.2513560393956166,1.0,0.3680643652251976,4.19058459746378
activity,활동량,helissen2020,3,28,1.0,12,0.30178203213973537,1.0,0.3680643652251976,4.19058459746378
activity,활동량,helissen2020,3,28,1.0,16,0.3988632360841736,1.0,0.3680643652251976,4.19058459746378
activity,활동량,helissen2020,3,28,1.0,20,0.48863412298842346,1.0,0.3680643652251976,4.19058459746378
activity,활동량,helissen2020,3,28,1.0,24,0.569538283047042,1.0,0.3680643652251976,4.19058459746378
activity,활동량,helissen2020,3,28,2.0,3,0.1583293995709377,0.9999999925129968,0.3680643652251976,4.19058459746378
activity,활동량,helissen2020,3,28,2.0,4,0.24956448731701175,,0.3680643652251976,4.19058459746378
activity,활동량,helissen2020,3,28,2.0,5,0.34530823145093104,1.0,0.3680643652251976,4.19058459746378
activity,활동량,helissen2020,3,28,2.0,6,0.4379110221746055,1.0,0.3680643652251976,4.19058459746378
activity,활동량,helissen2020,3,28,2.0,7,0.5235479078015456,1.0,0.3680643652251976,4.19058459746378
activity,활동량,helissen2020,3,28,2.0,8,0.6004441889767494,,0.3680643652251976,4.19058459746378
activity,활동량,helissen2020,3,28,2.0,10,0.7263999868385838,1.0,0.3680643652251976,4.19058459746378
activity,활동량,helissen2020,3,28,2.0,12,0.8180474241607987,1.0,0.3680643652251976,4.19058459746378
activity,활동량,helissen2020,3,28,2.0,16,0.924810960643398,1.0,0.3680643652251976,4.19058459746378
activity,활동량,helissen2020,3,28,2.0,20,0.9710168206704854,1.0,0.3680643652251976,4.19058459746378
activity,활동량,helissen2020,3,28,2.0,24,0.9894067711664036,1.0,0.3680643652251976,4.19058459746378
activity,활동량,helissen2020,3,28,3.0,3,0.27653862771747095,0.9999999925129968,0.3680643652251976,4.19058459746378
activity,활동량,helissen2020,3,28,3.0,4,0.46523860849526555,,0.3680643652251976,4.19058459746378
activity,활동량,helissen2020,3,28,3.0,5,0.6332776453153633,1.0,0.3680643652251976,4.19058459746378
activity,활동량,helissen2020,3,28,3.0,6,0.7613170251911097,1.0,0.3680643652251976,4.19058459746378
activity,활동량,helissen2020,3,28,3.0,7,0.8505443692756215,1.0,0.3680643652251976,4.19058459746378
activity,활동량,helissen2020,3,28,3.0,8,0.9091960165628289,,0.3680643652251976,4.19058459746378
activity,활동량,helissen2020,3,28,3.0,10,0.968727222879804,1.0,0.3680643652251976,4.19058459746378
activity,활동량,helissen2020,3,28,3.0,12,0.989962343914878,1.0,0.3680643652251976,4.19058459746378
activity,활동량,helissen2020,3,28,3.0,16,0.999110008779559,1.0,0.3680643652251976,4.19058459746378
activity,활동량,helissen2020,3,28,3.0,20,0.9999316039496707,1.0,0.3680643652251976,4.19058459746378
activity,활동량,helissen2020,3,28,3.0,24,0.9999952586093946,1.0,0.3680643652251976,4.19058459746378
activity,활동량,helissen2020,5,24,1.0,3,0.07932277515971335,0.17827808943474135,0.3680643652251976,4.19058459746378
activity,활동량,helissen2020,5,24,1.0,4,0.10254420870924078,0.28692659950575383,0.3680643652251976,4.19058459746378
activity,활동량,helissen2020,5,24,1.0,5,0.12749869633172434,0.3988066784379547,0.3680643652251976,4.19058459746378
activity,활동량,helissen2020,5,24,1.0,6,0.15327303375438273,0.5037201971792572,0.3680643652251976,4.19058459746378
activity,활동량,helissen2020,5,24,1.0,7,0.17946419057848134,0.5970830658617848,0.3680643652251976,4.19058459746378
activity,활동량,helissen2020,5,24,1.0,8,0.2058459000087887,0.6773486429763055,0.3680643652251976,4.19058459746378
activity,활동량,helissen2020,5,24,1.0,10,0.25860448412321824,0.799939133480699,0.3680643652251976,4.19058459746378
activity,활동량,helissen2020,5,24,1.0,12,0.31067967063414886,0.8803700503198635,0.3680643652251976,4.19058459746378
activity,활동량,helissen2020,5,24,1.0,16,0.41053528368855846,0.9606141530030647,0.3680643652251976,4.19058459746378
activity,활동량,helissen2020,5,24,1.0,20,0.502279053464167,0.9880667856492418,0.3680643652251976,4.19058459746378
activity,활동량,helissen2020,5,24,1.0,24,0.5843528024829057,0.9966038624704832,0.3680643652251976,4.19058459746378
activity,활동량,helissen2020,5,24,2.0,3,0.1619715087409475,0.17827808943474135,0.3680643652251976,4.19058459746378
activity,활동량,helissen2020,5,24,2.0,4,0.25639592680370094,0.28692659950575383,0.3680643652251976,4.19058459746378
activity,활동량,helissen2020,5,24,2.0,5,0.35517592589524205,0.3988066784379547,0.3680643652251976,4.19058459746378
activity,활동량,helissen2020,5,24,2.0,6,0.4502091646372365,0.5037201971792572,0.3680643652251976,4.19058459746378
activity,활동량,helissen2020,5,24,2.0,7,0.5375082039411914,0.5970830658617848,0.3680643652251976,4.19058459746378
activity,활동량,helissen2020,5,24,2.0,8,0.6153023065305827,0.6773486429763055,0.3680643652251976,4.19058459746378
activity,활동량,helissen2020,5,24,2.0,10,0.7411631070060334,0.799939133480699,0.3680643652251976,4.19058459746378
activity,활동량,helissen2020,5,24,2.0,12,0.8310804945864892,0.8803700503198635,0.3680643652251976,4.19058459746378
activity,활동량,helissen2020,5,24,2.0,16,0.932961042793707,0.9606141530030647,0.3680643652251976,4.19058459746378
activity,활동량,helissen2020,5,24,2.0,20,0.9752440757785622,0.9880667856492418,0.3680643652251976,4.19058459746378
activity,활동량,helissen2020,5,24,2.0,24,0.9913471309569225,0.9966038624704832,0.3680643652251976,4.19058459746378
activity,활동량,helissen2020,5,24,3.0,3,0.2835634111815373,0.17827808943474135,0.3680643652251976,4.19058459746378
activity,활동량,helissen2020,5,24,3.0,4,0.4773964230492486,0.28692659950575383,0.3680643652251976,4.19058459746378
activity,활동량,helissen2020,5,24,3.0,5,0.6477311057795698,0.3988066784379547,0.3680643652251976,4.19058459746378
activity,활동량,helissen2020,5,24,3.0,6,0.7752133929224099,0.5037201971792572,0.3680643652251976,4.19058459746378
activity,활동량,helissen2020,5,24,3.0,7,0.8622403853661884,0.5970830658617848,0.3680643652251976,4.19058459746378
activity,활동량,helissen2020,5,24,3.0,8,0.9181841645960727,0.6773486429763055,0.3680643652251976,4.19058459746378
activity,활동량,helissen2020,5,24,3.0,10,0.9731453681059835,0.799939133480699,0.3680643652251976,4.19058459746378
activity,활동량,helissen2020,5,24,3.0,12,0.9918046644111694,0.8803700503198635,0.3680643652251976,4.19058459746378
activity,활동량,helissen2020,5,24,3.0,16,0.9993461115267095,0.9606141530030647,0.3680643652251976,4.19058459746378
activity,활동량,helissen2020,5,24,3.0,20,0.9999549580311645,0.9880667856492418,0.3680643652251976,4.19058459746378
activity,활동량,helissen2020,5,24,3.0,24,0.9999972086190348,0.9966038624704832,0.3680643652251976,4.19058459746378
activity,활동량,helissen2020,5,20,1.0,3,0.07932277515971335,0.9999999997517349,0.3680643652251976,4.19058459746378
activity,활동량,helissen2020,5,20,1.0,4,0.10254420870924078,,0.3680643652251976,4.19058459746378
activity,활동량,helissen2020,5,20,1.0,5,0.12749869633172434,1.0,0.3680643652251976,4.19058459746378
activity,활동량,helissen2020,5,20,1.0,6,0.15327303375438273,1.0,0.3680643652251976,4.19058459746378
activity,활동량,helissen2020,5,20,1.0,7,0.17946419057848134,,0.3680643652251976,4.19058459746378
activity,활동량,helissen2020,5,20,1.0,8,0.2058459000087887,1.0,0.3680643652251976,4.19058459746378
activity,활동량,helissen2020,5,20,1.0,10,0.25860448412321824,,0.3680643652251976,4.19058459746378
activity,활동량,helissen2020,5,20,1.0,12,0.31067967063414886,,0.3680643652251976,4.19058459746378
activity,활동량,helissen2020,5,20,1.0,16,0.41053528368855846,1.0,0.3680643652251976,4.19058459746378
activity,활동량,helissen2020,5,20,1.0,20,0.502279053464167,1.0,0.3680643652251976,4.19058459746378
activity,활동량,helissen2020,5,20,1.0,24,0.5843528024829057,1.0,0.3680643652251976,4.19058459746378
activity,활동량,helissen2020,5,20,2.0,3,0.1619715087409475,0.9999999997517349,0.3680643652251976,4.19058459746378
activity,활동량,helissen2020,5,20,2.0,4,0.25639592680370094,,0.3680643652251976,4.19058459746378
activity,활동량,helissen2020,5,20,2.0,5,0.35517592589524205,1.0,0.3680643652251976,4.19058459746378
activity,활동량,helissen2020,5,20,2.0,6,0.4502091646372365,1.0,0.3680643652251976,4.19058459746378
activity,활동량,helissen2020,5,20,2.0,7,0.5375082039411914,,0.3680643652251976,4.19058459746378
activity,활동량,helissen2020,5,20,2.0,8,0.6153023065305827,1.0,0.3680643652251976,4.19058459746378
activity,활동량,helissen2020,5,20,2.0,10,0.7411631070060334,,0.3680643652251976,4.19058459746378
activity,활동량,helissen2020,5,20,2.0,12,0.8310804945864892,,0.3680643652251976,4.19058459746378
activity,활동량,helissen2020,5,20,2.0,16,0.932961042793707,1.0,0.3680643652251976,4.19058459746378
activity,활동량,helissen2020,5,20,2.0,20,0.9752440757785622,1.0,0.3680643652251976,4.19058459746378
activity,활동량,helissen2020,5,20,2.0,24,0.9913471309569225,1.0,0.3680643652251976,4.19058459746378
activity,활동량,helissen2020,5,20,3.0,3,0.2835634111815373,0.9999999997517349,0.3680643652251976,4.19058459746378
activity,활동량,helissen2020,5,20,3.0,4,0.4773964230492486,,0.3680643652251976,4.19058459746378
activity,활동량,helissen2020,5,20,3.0,5,0.6477311057795698,1.0,0.3680643652251976,4.19058459746378
activity,활동량,helissen2020,5,20,3.0,6,0.7752133929224099,1.0,0.3680643652251976,4.19058459746378
activity,활동량,helissen2020,5,20,3.0,7,0.8622403853661884,,0.3680643652251976,4.19058459746378
activity,활동량,helissen2020,5,20,3.0,8,0.9181841645960727,1.0,0.3680643652251976,4.19058459746378
activity,활동량,helissen2020,5,20,3.0,10,0.9731453681059835,,0.3680643652251976,4.19058459746378
activity,활동량,helissen2020,5,20,3.0,12,0.9918046644111694,,0.3680643652251976,4.19058459746378
activity,활동량,helissen2020,5,20,3.0,16,0.9993461115267095,1.0,0.3680643652251976,4.19058459746378
activity,활동량,helissen2020,5,20,3.0,20,0.9999549580311645,1.0,0.3680643652251976,4.19058459746378
activity,활동량,helissen2020,5,20,3.0,24,0.9999972086190348,1.0,0.3680643652251976,4.19058459746378
activity,활동량,helissen2020,5,28,1.0,3,0.07932277515971335,0.9999999999998916,0.3680643652251976,4.19058459746378
activity,활동량,helissen2020,5,28,1.0,4,0.10254420870924078,,0.3680643652251976,4.19058459746378
activity,활동량,helissen2020,5,28,1.0,5,0.12749869633172434,,0.3680643652251976,4.19058459746378
activity,활동량,helissen2020,5,28,1.0,6,0.15327303375438273,,0.3680643652251976,4.19058459746378
activity,활동량,helissen2020,5,28,1.0,7,0.17946419057848134,1.0,0.3680643652251976,4.19058459746378
activity,활동량,helissen2020,5,28,1.0,8,0.2058459000087887,1.0,0.3680643652251976,4.19058459746378
activity,활동량,helissen2020,5,28,1.0,10,0.25860448412321824,,0.3680643652251976,4.19058459746378
activity,활동량,helissen2020,5,28,1.0,12,0.31067967063414886,1.0,0.3680643652251976,4.19058459746378
activity,활동량,helissen2020,5,28,1.0,16,0.41053528368855846,1.0,0.3680643652251976,4.19058459746378
activity,활동량,helissen2020,5,28,1.0,20,0.502279053464167,1.0,0.3680643652251976,4.19058459746378
activity,활동량,helissen2020,5,28,1.0,24,0.5843528024829057,1.0,0.3680643652251976,4.19058459746378
activity,활동량,helissen2020,5,28,2.0,3,0.1619715087409475,0.9999999999998916,0.3680643652251976,4.19058459746378
activity,활동량,helissen2020,5,28,2.0,4,0.25639592680370094,,0.3680643652251976,4.19058459746378
activity,활동량,helissen2020,5,28,2.0,5,0.35517592589524205,,0.3680643652251976,4.19058459746378
activity,활동량,helissen2020,5,28,2.0,6,0.4502091646372365,,0.3680643652251976,4.19058459746378
activity,활동량,helissen2020,5,28,2.0,7,0.5375082039411914,1.0,0.3680643652251976,4.19058459746378
activity,활동량,helissen2020,5,28,2.0,8,0.6153023065305827,1.0,0.3680643652251976,4.19058459746378
activity,활동량,helissen2020,5,28,2.0,10,0.7411631070060334,,0.3680643652251976,4.19058459746378
activity,활동량,helissen2020,5,28,2.0,12,0.8310804945864892,1.0,0.3680643652251976,4.19058459746378
activity,활동량,helissen2020,5,28,2.0,16,0.932961042793707,1.0,0.3680643652251976,4.19058459746378
activity,활동량,helissen2020,5,28,2.0,20,0.9752440757785622,1.0,0.3680643652251976,4.19058459746378
activity,활동량,helissen2020,5,28,2.0,24,0.9913471309569225,1.0,0.3680643652251976,4.19058459746378
activity,활동량,helissen2020,5,28,3.0,3,0.2835634111815373,0.9999999999998916,0.3680643652251976,4.19058459746378
activity,활동량,helissen2020,5,28,3.0,4,0.4773964230492486,,0.3680643652251976,4.19058459746378
activity,활동량,helissen2020,5,28,3.0,5,0.6477311057795698,,0.3680643652251976,4.19058459746378
activity,활동량,helissen2020,5,28,3.0,6,0.7752133929224099,,0.3680643652251976,4.19058459746378
activity,활동량,helissen2020,5,28,3.0,7,0.8622403853661884,1.0,0.3680643652251976,4.19058459746378
activity,활동량,helissen2020,5,28,3.0,8,0.9181841645960727,1.0,0.3680643652251976,4.19058459746378
activity,활동량,helissen2020,5,28,3.0,10,0.9731453681059835,,0.3680643652251976,4.19058459746378
activity,활동량,helissen2020,5,28,3.0,12,0.9918046644111694,1.0,0.3680643652251976,4.19058459746378
activity,활동량,helissen2020,5,28,3.0,16,0.9993461115267095,1.0,0.3680643652251976,4.19058459746378
activity,활동량,helissen2020,5,28,3.0,20,0.9999549580311645,1.0,0.3680643652251976,4.19058459746378
activity,활동량,helissen2020,5,28,3.0,24,0.9999972086190348,1.0,0.3680643652251976,4.19058459746378
activity,활동량,helissen2020,7,24,1.0,3,0.07964972684347298,0.19083620868896362,0.3680643652251976,4.19058459746378
activity,활동량,helissen2020,7,24,1.0,4,0.10313965504307493,0.31034090976851286,0.3680643652251976,4.19058459746378
activity,활동량,helissen2020,7,24,1.0,5,0.12838581423829004,0.4316930432701308,0.3680643652251976,4.19058459746378
activity,활동량,helissen2020,7,24,1.0,6,0.15446122335601298,0.5430513181162768,0.3680643652251976,4.19058459746378
activity,활동량,helissen2020,7,24,1.0,7,0.18095551067525792,0.6395708071073699,0.3680643652251976,4.19058459746378
activity,활동량,helissen2020,7,24,1.0,8,0.20763762872779484,0.7201384303710454,0.3680643652251976,4.19058459746378
activity,활동량,helissen2020,7,24,1.0,10,0.2609755666517258,0.8375796640754083,0.3680643652251976,4.19058459746378
activity,활동량,helissen2020,7,24,1.0,12,0.313585820569955,0.9094971690963097,0.3680643652251976,4.19058459746378
activity,활동량,helissen2020,7,24,1.0,16,0.4143329205757137,0.9743603168990448,0.3680643652251976,4.19058459746378
activity,활동량,helissen2020,7,24,1.0,20,0.5066980538601673,0.9933702474523182,0.3680643652251976,4.19058459746378
activity,활동량,helissen2020,7,24,1.0,24,0.5891257813752121,0.9983988499312811,0.3680643652251976,4.19058459746378
activity,활동량,helissen2020,7,24,2.0,3,0.16316128036341,0.19083620868896362,0.3680643652251976,4.19058459746378
activity,활동량,helissen2020,7,24,2.0,4,0.2586268613051731,0.31034090976851286,0.3680643652251976,4.19058459746378
activity,활동량,helissen2020,7,24,2.0,5,0.35839051811267064,0.4316930432701308,0.3680643652251976,4.19058459746378
activity,활동량,helissen2020,7,24,2.0,6,0.45420047004453573,0.5430513181162768,0.3680643652251976,4.19058459746378
activity,활동량,helissen2020,7,24,2.0,7,0.5420181104570438,0.6395708071073699,0.3680643652251976,4.19058459746378
activity,활동량,helissen2020,7,24,2.0,8,0.6200773717867799,0.7201384303710454,0.3680643652251976,4.19058459746378
activity,활동량,helissen2020,7,24,2.0,10,0.7458529494759867,0.8375796640754083,0.3680643652251976,4.19058459746378
activity,활동량,helissen2020,7,24,2.0,12,0.8351685522732736,0.9094971690963097,0.3680643652251976,4.19058459746378
activity,활동량,helissen2020,7,24,2.0,16,0.935448210846823,0.9743603168990448,0.3680643652251976,4.19058459746378
activity,활동량,helissen2020,7,24,2.0,20,0.9764968355012558,0.9933702474523182,0.3680643652251976,4.19058459746378
activity,활동량,helissen2020,7,24,2.0,24,0.9919048234205077,0.9983988499312811,0.3680643652251976,4.19058459746378
activity,활동량,helissen2020,7,24,3.0,3,0.2858499554298501,0.19083620868896362,0.3680643652251976,4.19058459746378
activity,활동량,helissen2020,7,24,3.0,4,0.4813320260011275,0.31034090976851286,0.3680643652251976,4.19058459746378
activity,활동량,helissen2020,7,24,3.0,5,0.6523623224070623,0.4316930432701308,0.3680643652251976,4.19058459746378
activity,활동량,helissen2020,7,24,3.0,6,0.7796097083678314,0.5430513181162768,0.3680643652251976,4.19058459746378
activity,활동량,helissen2020,7,24,3.0,7,0.8658881528562843,0.6395708071073699,0.3680643652251976,4.19058459746378
activity,활동량,helissen2020,7,24,3.0,8,0.9209448680164246,0.7201384303710454,0.3680643652251976,4.19058459746378
activity,활동량,helissen2020,7,24,3.0,10,0.974458861715832,0.8375796640754083,0.3680643652251976,4.19058459746378
activity,활동량,helissen2020,7,24,3.0,12,0.9923338258756519,0.9094971690963097,0.3680643652251976,4.19058459746378
activity,활동량,helissen2020,7,24,3.0,16,0.9994091792837785,0.9743603168990448,0.3680643652251976,4.19058459746378
activity,활동량,helissen2020,7,24,3.0,20,0.9999607396249081,0.9933702474523182,0.3680643652251976,4.19058459746378
activity,활동량,helissen2020,7,24,3.0,24,0.9999976548415438,0.9983988499312811,0.3680643652251976,4.19058459746378
activity,활동량,helissen2020,7,20,1.0,3,0.07964972684347298,0.9999999999761476,0.3680643652251976,4.19058459746378
activity,활동량,helissen2020,7,20,1.0,4,0.10313965504307493,1.0,0.3680643652251976,4.19058459746378
activity,활동량,helissen2020,7,20,1.0,5,0.12838581423829004,,0.3680643652251976,4.19058459746378
activity,활동량,helissen2020,7,20,1.0,6,0.15446122335601298,,0.3680643652251976,4.19058459746378
activity,활동량,helissen2020,7,20,1.0,7,0.18095551067525792,,0.3680643652251976,4.19058459746378
activity,활동량,helissen2020,7,20,1.0,8,0.20763762872779484,1.0,0.3680643652251976,4.19058459746378
activity,활동량,helissen2020,7,20,1.0,10,0.2609755666517258,,0.3680643652251976,4.19058459746378
activity,활동량,helissen2020,7,20,1.0,12,0.313585820569955,,0.3680643652251976,4.19058459746378
activity,활동량,helissen2020,7,20,1.0,16,0.4143329205757137,1.0,0.3680643652251976,4.19058459746378
activity,활동량,helissen2020,7,20,1.0,20,0.5066980538601673,1.0,0.3680643652251976,4.19058459746378
activity,활동량,helissen2020,7,20,1.0,24,0.5891257813752121,1.0,0.3680643652251976,4.19058459746378
activity,활동량,helissen2020,7,20,2.0,3,0.16316128036341,0.9999999999761476,0.3680643652251976,4.19058459746378
activity,활동량,helissen2020,7,20,2.0,4,0.2586268613051731,1.0,0.3680643652251976,4.19058459746378
activity,활동량,helissen2020,7,20,2.0,5,0.35839051811267064,,0.3680643652251976,4.19058459746378
activity,활동량,helissen2020,7,20,2.0,6,0.45420047004453573,,0.3680643652251976,4.19058459746378
activity,활동량,helissen2020,7,20,2.0,7,0.5420181104570438,,0.3680643652251976,4.19058459746378
activity,활동량,helissen2020,7,20,2.0,8,0.6200773717867799,1.0,0.3680643652251976,4.19058459746378
activity,활동량,helissen2020,7,20,2.0,10,0.7458529494759867,,0.3680643652251976,4.19058459746378
activity,활동량,helissen2020,7,20,2.0,12,0.8351685522732736,,0.3680643652251976,4.19058459746378
activity,활동량,helissen2020,7,20,2.0,16,0.935448210846823,1.0,0.3680643652251976,4.19058459746378
activity,활동량,helissen2020,7,20,2.0,20,0.9764968355012558,1.0,0.3680643652251976,4.19058459746378
activity,활동량,helissen2020,7,20,2.0,24,0.9919048234205077,1.0,0.3680643652251976,4.19058459746378
activity,활동량,helissen2020,7,20,3.0,3,0.2858499554298501,0.9999999999761476,0.3680643652251976,4.19058459746378
activity,활동량,helissen2020,7,20,3.0,4,0.4813320260011275,1.0,0.3680643652251976,4.19058459746378
activity,활동량,helissen2020,7,20,3.0,5,0.6523623224070623,,0.3680643652251976,4.19058459746378
activity,활동량,helissen2020,7,20,3.0,6,0.7796097083678314,,0.3680643652251976,4.19058459746378
activity,활동량,helissen2020,7,20,3.0,7,0.8658881528562843,,0.3680643652251976,4.19058459746378
activity,활동량,helissen2020,7,20,3.0,8,0.9209448680164246,1.0,0.3680643652251976,4.19058459746378
activity,활동량,helissen2020,7,20,3.0,10,0.974458861715832,,0.3680643652251976,4.19058459746378
activity,활동량,helissen2020,7,20,3.0,12,0.9923338258756519,,0.3680643652251976,4.19058459746378
activity,활동량,helissen2020,7,20,3.0,16,0.9994091792837785,1.0,0.3680643652251976,4.19058459746378
activity,활동량,helissen2020,7,20,3.0,20,0.9999607396249081,1.0,0.3680643652251976,4.19058459746378
activity,활동량,helissen2020,7,20,3.0,24,0.9999976548415438,1.0,0.3680643652251976,4.19058459746378
activity,활동량,helissen2020,7,28,1.0,3,0.07964972684347298,0.9999999999999954,0.3680643652251976,4.19058459746378
activity,활동량,helissen2020,7,28,1.0,4,0.10313965504307493,,0.3680643652251976,4.19058459746378
activity,활동량,helissen2020,7,28,1.0,5,0.12838581423829004,,0.3680643652251976,4.19058459746378
activity,활동량,helissen2020,7,28,1.0,6,0.15446122335601298,1.0,0.3680643652251976,4.19058459746378
activity,활동량,helissen2020,7,28,1.0,7,0.18095551067525792,1.0,0.3680643652251976,4.19058459746378
activity,활동량,helissen2020,7,28,1.0,8,0.20763762872779484,,0.3680643652251976,4.19058459746378
activity,활동량,helissen2020,7,28,1.0,10,0.2609755666517258,1.0,0.3680643652251976,4.19058459746378
activity,활동량,helissen2020,7,28,1.0,12,0.313585820569955,1.0,0.3680643652251976,4.19058459746378
activity,활동량,helissen2020,7,28,1.0,16,0.4143329205757137,1.0,0.3680643652251976,4.19058459746378
activity,활동량,helissen2020,7,28,1.0,20,0.5066980538601673,1.0,0.3680643652251976,4.19058459746378
activity,활동량,helissen2020,7,28,1.0,24,0.5891257813752121,1.0,0.3680643652251976,4.19058459746378
activity,활동량,helissen2020,7,28,2.0,3,0.16316128036341,0.9999999999999954,0.3680643652251976,4.19058459746378
activity,활동량,helissen2020,7,28,2.0,4,0.2586268613051731,,0.3680643652251976,4.19058459746378
activity,활동량,helissen2020,7,28,2.0,5,0.35839051811267064,,0.3680643652251976,4.19058459746378
activity,활동량,helissen2020,7,28,2.0,6,0.45420047004453573,1.0,0.3680643652251976,4.19058459746378
activity,활동량,helissen2020,7,28,2.0,7,0.5420181104570438,1.0,0.3680643652251976,4.19058459746378
activity,활동량,helissen2020,7,28,2.0,8,0.6200773717867799,,0.3680643652251976,4.19058459746378
activity,활동량,helissen2020,7,28,2.0,10,0.7458529494759867,1.0,0.3680643652251976,4.19058459746378
activity,활동량,helissen2020,7,28,2.0,12,0.8351685522732736,1.0,0.3680643652251976,4.19058459746378
activity,활동량,helissen2020,7,28,2.0,16,0.935448210846823,1.0,0.3680643652251976,4.19058459746378
activity,활동량,helissen2020,7,28,2.0,20,0.9764968355012558,1.0,0.3680643652251976,4.19058459746378
activity,활동량,helissen2020,7,28,2.0,24,0.9919048234205077,1.0,0.3680643652251976,4.19058459746378
activity,활동량,helissen2020,7,28,3.0,3,0.2858499554298501,0.9999999999999954,0.3680643652251976,4.19058459746378
activity,활동량,helissen2020,7,28,3.0,4,0.4813320260011275,,0.3680643652251976,4.19058459746378
activity,활동량,helissen2020,7,28,3.0,5,0.6523623224070623,,0.3680643652251976,4.19058459746378
activity,활동량,helissen2020,7,28,3.0,6,0.7796097083678314,1.0,0.3680643652251976,4.19058459746378
activity,활동량,helissen2020,7,28,3.0,7,0.8658881528562843,1.0,0.3680643652251976,4.19058459746378
activity,활동량,helissen2020,7,28,3.0,8,0.9209448680164246,,0.3680643652251976,4.19058459746378
activity,활동량,helissen2020,7,28,3.0,10,0.974458861715832,1.0,0.3680643652251976,4.19058459746378
activity,활동량,helissen2020,7,28,3.0,12,0.9923338258756519,1.0,0.3680643652251976,4.19058459746378
activity,활동량,helissen2020,7,28,3.0,16,0.9994091792837785,1.0,0.3680643652251976,4.19058459746378
activity,활동량,helissen2020,7,28,3.0,20,0.9999607396249081,1.0,0.3680643652251976,4.19058459746378
activity,활동량,helissen2020,7,28,3.0,24,0.9999976548415438,1.0,0.3680643652251976,4.19058459746378
activity,활동량,helissen2021,3,24,1.0,3,0.0695190412506834,0.14207211191790478,0.1374751564216357,5.217705393830799
activity,활동량,helissen2021,3,24,1.0,4,0.08477815988649201,0.21905440579311178,0.1374751564216357,5.217705393830799
activity,활동량,helissen2021,3,24,1.0,5,0.10109623627779452,0.3008299921115557,0.1374751564216357,5.217705393830799
activity,활동량,helissen2021,3,24,1.0,6,0.1179286052044335,0.38166004256892555,0.1374751564216357,5.217705393830799
activity,활동량,helissen2021,3,24,1.0,7,0.13505787135044584,0.4585209189458516,0.1374751564216357,5.217705393830799
activity,활동량,helissen2021,3,24,1.0,8,0.15237481247968132,0.5297851642821959,0.1374751564216357,5.217705393830799
activity,활동량,helissen2021,3,24,1.0,10,0.18731989055987874,0.65283027130618,0.1374751564216357,5.217705393830799
activity,활동량,helissen2021,3,24,1.0,12,0.22239796510652526,0.7496440323838688,0.1374751564216357,5.217705393830799
activity,활동량,helissen2021,3,24,1.0,16,0.2919838788791209,0.8768673250999811,0.1374751564216357,5.217705393830799
activity,활동량,helissen2021,3,24,1.0,20,0.35961345130152605,0.9428590584534658,0.1374751564216357,5.217705393830799
activity,활동량,helissen2021,3,24,1.0,24,0.4242352094522025,0.9746539161123938,0.1374751564216357,5.217705393830799
activity,활동량,helissen2021,3,24,2.0,3,0.12570268438002885,0.14207211191790478,0.1374751564216357,5.217705393830799
activity,활동량,helissen2021,3,24,2.0,4,0.18837394960875287,0.21905440579311178,0.1374751564216357,5.217705393830799
activity,활동량,helissen2021,3,24,2.0,5,0.25554447567676636,0.3008299921115557,0.1374751564216357,5.217705393830799
activity,활동량,helissen2021,3,24,2.0,6,0.3231616328285216,0.38166004256892555,0.1374751564216357,5.217705393830799
activity,활동량,helissen2021,3,24,2.0,7,0.3890468536644342,0.4585209189458516,0.1374751564216357,5.217705393830799
activity,활동량,helissen2021,3,24,2.0,8,0.45191428184497817,0.5297851642821959,0.1374751564216357,5.217705393830799
activity,활동량,helissen2021,3,24,2.0,10,0.565837024509614,0.65283027130618,0.1374751564216357,5.217705393830799
activity,활동량,helissen2021,3,24,2.0,12,0.6621994482976408,0.7496440323838688,0.1374751564216357,5.217705393830799
activity,활동량,helissen2021,3,24,2.0,16,0.8042070432100773,0.8768673250999811,0.1374751564216357,5.217705393830799
activity,활동량,helissen2021,3,24,2.0,20,0.8916484183293039,0.9428590584534658,0.1374751564216357,5.217705393830799
activity,활동량,helissen2021,3,24,2.0,24,0.9421963147003551,0.9746539161123938,0.1374751564216357,5.217705393830799
activity,활동량,helissen2021,3,24,3.0,3,0.21190500474311047,0.14207211191790478,0.1374751564216357,5.217705393830799
activity,활동량,helissen2021,3,24,3.0,4,0.349328236745105,0.21905440579311178,0.1374751564216357,5.217705393830799
activity,활동량,helissen2021,3,24,3.0,5,0.48519924580699264,0.3008299921115557,0.1374751564216357,5.217705393830799
activity,활동량,helissen2021,3,24,3.0,6,0.6050187445681978,0.38166004256892555,0.1374751564216357,5.217705393830799
activity,활동량,helissen2021,3,24,3.0,7,0.704037626649343,0.4585209189458516,0.1374751564216357,5.217705393830799
activity,활동량,helissen2021,3,24,3.0,8,0.7824368855173064,0.5297851642821959,0.1374751564216357,5.217705393830799
activity,활동량,helissen2021,3,24,3.0,10,0.8876856232064014,0.65283027130618,0.1374751564216357,5.217705393830799
activity,활동량,helissen2021,3,24,3.0,12,0.944742279566731,0.7496440323838688,0.1374751564216357,5.217705393830799
activity,활동량,helissen2021,3,24,3.0,16,0.9879762590699834,0.8768673250999811,0.1374751564216357,5.217705393830799
activity,활동량,helissen2021,3,24,3.0,20,0.9976438676935525,0.9428590584534658,0.1374751564216357,5.217705393830799
activity,활동량,helissen2021,3,24,3.0,24,0.9995726870159819,0.9746539161123938,0.1374751564216357,5.217705393830799
activity,활동량,helissen2021,3,20,1.0,3,0.0695190412506834,0.999999824879989,0.1374751564216357,5.217705393830799
activity,활동량,helissen2021,3,20,1.0,4,0.08477815988649201,,0.1374751564216357,5.217705393830799
activity,활동량,helissen2021,3,20,1.0,5,0.10109623627779452,,0.1374751564216357,5.217705393830799
activity,활동량,helissen2021,3,20,1.0,6,0.1179286052044335,1.0,0.1374751564216357,5.217705393830799
activity,활동량,helissen2021,3,20,1.0,7,0.13505787135044584,1.0,0.1374751564216357,5.217705393830799
activity,활동량,helissen2021,3,20,1.0,8,0.15237481247968132,1.0,0.1374751564216357,5.217705393830799
activity,활동량,helissen2021,3,20,1.0,10,0.18731989055987874,,0.1374751564216357,5.217705393830799
activity,활동량,helissen2021,3,20,1.0,12,0.22239796510652526,1.0,0.1374751564216357,5.217705393830799
activity,활동량,helissen2021,3,20,1.0,16,0.2919838788791209,,0.1374751564216357,5.217705393830799
activity,활동량,helissen2021,3,20,1.0,20,0.35961345130152605,1.0,0.1374751564216357,5.217705393830799
activity,활동량,helissen2021,3,20,1.0,24,0.4242352094522025,1.0,0.1374751564216357,5.217705393830799
activity,활동량,helissen2021,3,20,2.0,3,0.12570268438002885,0.999999824879989,0.1374751564216357,5.217705393830799
activity,활동량,helissen2021,3,20,2.0,4,0.18837394960875287,,0.1374751564216357,5.217705393830799
activity,활동량,helissen2021,3,20,2.0,5,0.25554447567676636,,0.1374751564216357,5.217705393830799
activity,활동량,helissen2021,3,20,2.0,6,0.3231616328285216,1.0,0.1374751564216357,5.217705393830799
activity,활동량,helissen2021,3,20,2.0,7,0.3890468536644342,1.0,0.1374751564216357,5.217705393830799
activity,활동량,helissen2021,3,20,2.0,8,0.45191428184497817,1.0,0.1374751564216357,5.217705393830799
activity,활동량,helissen2021,3,20,2.0,10,0.565837024509614,,0.1374751564216357,5.217705393830799
activity,활동량,helissen2021,3,20,2.0,12,0.6621994482976408,1.0,0.1374751564216357,5.217705393830799
activity,활동량,helissen2021,3,20,2.0,16,0.8042070432100773,,0.1374751564216357,5.217705393830799
activity,활동량,helissen2021,3,20,2.0,20,0.8916484183293039,1.0,0.1374751564216357,5.217705393830799
activity,활동량,helissen2021,3,20,2.0,24,0.9421963147003551,1.0,0.1374751564216357,5.217705393830799
activity,활동량,helissen2021,3,20,3.0,3,0.21190500474311047,0.999999824879989,0.1374751564216357,5.217705393830799
activity,활동량,helissen2021,3,20,3.0,4,0.349328236745105,,0.1374751564216357,5.217705393830799
activity,활동량,helissen2021,3,20,3.0,5,0.48519924580699264,,0.1374751564216357,5.217705393830799
activity,활동량,helissen2021,3,20,3.0,6,0.6050187445681978,1.0,0.1374751564216357,5.217705393830799
activity,활동량,helissen2021,3,20,3.0,7,0.704037626649343,1.0,0.1374751564216357,5.217705393830799
activity,활동량,helissen2021,3,20,3.0,8,0.7824368855173064,1.0,0.1374751564216357,5.217705393830799
activity,활동량,helissen2021,3,20,3.0,10,0.8876856232064014,,0.1374751564216357,5.217705393830799
activity,활동량,helissen2021,3,20,3.0,12,0.944742279566731,1.0,0.1374751564216357,5.217705393830799
activity,활동량,helissen2021,3,20,3.0,16,0.9879762590699834,,0.1374751564216357,5.217705393830799
activity,활동량,helissen2021,3,20,3.0,20,0.9976438676935525,1.0,0.1374751564216357,5.217705393830799
activity,활동량,helissen2021,3,20,3.0,24,0.9995726870159819,1.0,0.1374751564216357,5.217705393830799
activity,활동량,helissen2021,3,28,1.0,3,0.0695190412506834,0.9999999992377127,0.1374751564216357,5.217705393830799
activity,활동량,helissen2021,3,28,1.0,4,0.08477815988649201,,0.1374751564216357,5.217705393830799
activity,활동량,helissen2021,3,28,1.0,5,0.10109623627779452,1.0,0.1374751564216357,5.217705393830799
activity,활동량,helissen2021,3,28,1.0,6,0.1179286052044335,,0.1374751564216357,5.217705393830799
activity,활동량,helissen2021,3,28,1.0,7,0.13505787135044584,1.0,0.1374751564216357,5.217705393830799
activity,활동량,helissen2021,3,28,1.0,8,0.15237481247968132,,0.1374751564216357,5.217705393830799
activity,활동량,helissen2021,3,28,1.0,10,0.18731989055987874,,0.1374751564216357,5.217705393830799
activity,활동량,helissen2021,3,28,1.0,12,0.22239796510652526,1.0,0.1374751564216357,5.217705393830799
activity,활동량,helissen2021,3,28,1.0,16,0.2919838788791209,1.0,0.1374751564216357,5.217705393830799
activity,활동량,helissen2021,3,28,1.0,20,0.35961345130152605,1.0,0.1374751564216357,5.217705393830799
activity,활동량,helissen2021,3,28,1.0,24,0.4242352094522025,1.0,0.1374751564216357,5.217705393830799
activity,활동량,helissen2021,3,28,2.0,3,0.12570268438002885,0.9999999992377127,0.1374751564216357,5.217705393830799
activity,활동량,helissen2021,3,28,2.0,4,0.18837394960875287,,0.1374751564216357,5.217705393830799
activity,활동량,helissen2021,3,28,2.0,5,0.25554447567676636,1.0,0.1374751564216357,5.217705393830799
activity,활동량,helissen2021,3,28,2.0,6,0.3231616328285216,,0.1374751564216357,5.217705393830799
activity,활동량,helissen2021,3,28,2.0,7,0.3890468536644342,1.0,0.1374751564216357,5.217705393830799
activity,활동량,helissen2021,3,28,2.0,8,0.45191428184497817,,0.1374751564216357,5.217705393830799
activity,활동량,helissen2021,3,28,2.0,10,0.565837024509614,,0.1374751564216357,5.217705393830799
activity,활동량,helissen2021,3,28,2.0,12,0.6621994482976408,1.0,0.1374751564216357,5.217705393830799
activity,활동량,helissen2021,3,28,2.0,16,0.8042070432100773,1.0,0.1374751564216357,5.217705393830799
activity,활동량,helissen2021,3,28,2.0,20,0.8916484183293039,1.0,0.1374751564216357,5.217705393830799
activity,활동량,helissen2021,3,28,2.0,24,0.9421963147003551,1.0,0.1374751564216357,5.217705393830799
activity,활동량,helissen2021,3,28,3.0,3,0.21190500474311047,0.9999999992377127,0.1374751564216357,5.217705393830799
activity,활동량,helissen2021,3,28,3.0,4,0.349328236745105,,0.1374751564216357,5.217705393830799
activity,활동량,helissen2021,3,28,3.0,5,0.48519924580699264,1.0,0.1374751564216357,5.217705393830799
activity,활동량,helissen2021,3,28,3.0,6,0.6050187445681978,,0.1374751564216357,5.217705393830799
activity,활동량,helissen2021,3,28,3.0,7,0.704037626649343,1.0,0.1374751564216357,5.217705393830799
activity,활동량,helissen2021,3,28,3.0,8,0.7824368855173064,,0.1374751564216357,5.217705393830799
activity,활동량,helissen2021,3,28,3.0,10,0.8876856232064014,,0.1374751564216357,5.217705393830799
activity,활동량,helissen2021,3,28,3.0,12,0.944742279566731,1.0,0.1374751564216357,5.217705393830799
activity,활동량,helissen2021,3,28,3.0,16,0.9879762590699834,1.0,0.1374751564216357,5.217705393830799
activity,활동량,helissen2021,3,28,3.0,20,0.9976438676935525,1.0,0.1374751564216357,5.217705393830799
activity,활동량,helissen2021,3,28,3.0,24,0.9995726870159819,1.0,0.1374751564216357,5.217705393830799
activity,활동량,helissen2021,5,24,1.0,3,0.06958316740603245,0.1474940321795296,0.1374751564216357,5.217705393830799
activity,활동량,helissen2021,5,24,1.0,4,0.08489378032583343,0.22922985526226716,0.1374751564216357,5.217705393830799
activity,활동량,helissen2021,5,24,1.0,5,0.10126757122739337,0.31573331931499726,0.1374751564216357,5.217705393830799
activity,활동량,helissen2021,5,24,1.0,6,0.11815772307069343,0.40065104599031987,0.1374751564216357,5.217705393830799
activity,활동량,helissen2021,5,24,1.0,7,0.1353458311732054,0.48068226722415214,0.1374751564216357,5.217705393830799
activity,활동량,helissen2021,5,24,1.0,8,0.15272206923851442,0.5541237595351068,0.1374751564216357,5.217705393830799
activity,활동량,helissen2021,5,24,1.0,10,0.18778546580026304,0.678778970048287,0.1374751564216357,5.217705393830799
activity,활동량,helissen2021,5,24,1.0,12,0.22297945769370678,0.7743967990900106,0.1374751564216357,5.217705393830799
activity,활동량,helissen2021,5,24,1.0,16,0.2927828834129718,0.8951793116426677,0.1374751564216357,5.217705393830799
activity,활동량,helissen2021,5,24,1.0,20,0.3606028391197915,0.9542242882976698,0.1374751564216357,5.217705393830799
activity,활동량,helissen2021,5,24,1.0,24,0.4253821748922836,0.9809441855387271,0.1374751564216357,5.217705393830799
activity,활동량,helissen2021,5,24,2.0,3,0.12594367600666162,0.1474940321795296,0.1374751564216357,5.217705393830799
activity,활동량,helissen2021,5,24,2.0,4,0.18882488088568886,0.22922985526226716,0.1374751564216357,5.217705393830799
activity,활동량,helissen2021,5,24,2.0,5,0.25621332603013386,0.31573331931499726,0.1374751564216357,5.217705393830799
activity,활동량,helissen2021,5,24,2.0,6,0.32403358419619405,0.40065104599031987,0.1374751564216357,5.217705393830799
activity,활동량,helissen2021,5,24,2.0,7,0.39009490586305545,0.48068226722415214,0.1374751564216357,5.217705393830799
activity,활동량,helissen2021,5,24,2.0,8,0.45310554438755635,0.5541237595351068,0.1374751564216357,5.217705393830799
activity,활동량,helissen2021,5,24,2.0,10,0.5672110245783706,0.678778970048287,0.1374751564216357,5.217705393830799
activity,활동량,helissen2021,5,24,2.0,12,0.6636302785243207,0.7743967990900106,0.1374751564216357,5.217705393830799
activity,활동량,helissen2021,5,24,2.0,16,0.8054902427414393,0.8951793116426677,0.1374751564216357,5.217705393830799
activity,활동량,helissen2021,5,24,2.0,20,0.8926280706394449,0.9542242882976698,0.1374751564216357,5.217705393830799
activity,활동량,helissen2021,5,24,2.0,24,0.9428696891375832,0.9809441855387271,0.1374751564216357,5.217705393830799
activity,활동량,helissen2021,5,24,3.0,3,0.21239368981528478,0.1474940321795296,0.1374751564216357,5.217705393830799
activity,활동량,helissen2021,5,24,3.0,4,0.3502271649462438,0.22922985526226716,0.1374751564216357,5.217705393830799
activity,활동량,helissen2021,5,24,3.0,5,0.48641311745720983,0.31573331931499726,0.1374751564216357,5.217705393830799
activity,활동량,helissen2021,5,24,3.0,6,0.6063937436121823,0.40065104599031987,0.1374751564216357,5.217705393830799
activity,활동량,helissen2021,5,24,3.0,7,0.7054313853090299,0.48068226722415214,0.1374751564216357,5.217705393830799
activity,활동량,helissen2021,5,24,3.0,8,0.7837456864649405,0.5541237595351068,0.1374751564216357,5.217705393830799
activity,활동량,helissen2021,5,24,3.0,10,0.8886738981138865,0.678778970048287,0.1374751564216357,5.217705393830799
activity,활동량,helissen2021,5,24,3.0,12,0.9453912301556495,0.7743967990900106,0.1374751564216357,5.217705393830799
activity,활동량,helissen2021,5,24,3.0,16,0.9881920001515299,0.8951793116426677,0.1374751564216357,5.217705393830799
activity,활동량,helissen2021,5,24,3.0,20,0.9977013578968796,0.9542242882976698,0.1374751564216357,5.217705393830799
activity,활동량,helissen2021,5,24,3.0,24,0.9995859402406427,0.9809441855387271,0.1374751564216357,5.217705393830799
activity,활동량,helissen2021,5,20,1.0,3,0.06958316740603245,0.9999999332395112,0.1374751564216357,5.217705393830799
activity,활동량,helissen2021,5,20,1.0,4,0.08489378032583343,1.0,0.1374751564216357,5.217705393830799
activity,활동량,helissen2021,5,20,1.0,5,0.10126757122739337,1.0,0.1374751564216357,5.217705393830799
activity,활동량,helissen2021,5,20,1.0,6,0.11815772307069343,1.0,0.1374751564216357,5.217705393830799
activity,활동량,helissen2021,5,20,1.0,7,0.1353458311732054,1.0,0.1374751564216357,5.217705393830799
activity,활동량,helissen2021,5,20,1.0,8,0.15272206923851442,1.0,0.1374751564216357,5.217705393830799
activity,활동량,helissen2021,5,20,1.0,10,0.18778546580026304,,0.1374751564216357,5.217705393830799
activity,활동량,helissen2021,5,20,1.0,12,0.22297945769370678,,0.1374751564216357,5.217705393830799
activity,활동량,helissen2021,5,20,1.0,16,0.2927828834129718,,0.1374751564216357,5.217705393830799
activity,활동량,helissen2021,5,20,1.0,20,0.3606028391197915,1.0,0.1374751564216357,5.217705393830799
activity,활동량,helissen2021,5,20,1.0,24,0.4253821748922836,1.0,0.1374751564216357,5.217705393830799
activity,활동량,helissen2021,5,20,2.0,3,0.12594367600666162,0.9999999332395112,0.1374751564216357,5.217705393830799
activity,활동량,helissen2021,5,20,2.0,4,0.18882488088568886,1.0,0.1374751564216357,5.217705393830799
activity,활동량,helissen2021,5,20,2.0,5,0.25621332603013386,1.0,0.1374751564216357,5.217705393830799
activity,활동량,helissen2021,5,20,2.0,6,0.32403358419619405,1.0,0.1374751564216357,5.217705393830799
activity,활동량,helissen2021,5,20,2.0,7,0.39009490586305545,1.0,0.1374751564216357,5.217705393830799
activity,활동량,helissen2021,5,20,2.0,8,0.45310554438755635,1.0,0.1374751564216357,5.217705393830799
activity,활동량,helissen2021,5,20,2.0,10,0.5672110245783706,,0.1374751564216357,5.217705393830799
activity,활동량,helissen2021,5,20,2.0,12,0.6636302785243207,,0.1374751564216357,5.217705393830799
activity,활동량,helissen2021,5,20,2.0,16,0.8054902427414393,,0.1374751564216357,5.217705393830799
activity,활동량,helissen2021,5,20,2.0,20,0.8926280706394449,1.0,0.1374751564216357,5.217705393830799
activity,활동량,helissen2021,5,20,2.0,24,0.9428696891375832,1.0,0.1374751564216357,5.217705393830799
activity,활동량,helissen2021,5,20,3.0,3,0.21239368981528478,0.9999999332395112,0.1374751564216357,5.217705393830799
activity,활동량,helissen2021,5,20,3.0,4,0.3502271649462438,1.0,0.1374751564216357,5.217705393830799
activity,활동량,helissen2021,5,20,3.0,5,0.48641311745720983,1.0,0.1374751564216357,5.217705393830799
activity,활동량,helissen2021,5,20,3.0,6,0.6063937436121823,1.0,0.1374751564216357,5.217705393830799
activity,활동량,helissen2021,5,20,3.0,7,0.7054313853090299,1.0,0.1374751564216357,5.217705393830799
activity,활동량,helissen2021,5,20,3.0,8,0.7837456864649405,1.0,0.1374751564216357,5.217705393830799
activity,활동량,helissen2021,5,20,3.0,10,0.8886738981138865,,0.1374751564216357,5.217705393830799
activity,활동량,helissen2021,5,20,3.0,12,0.9453912301556495,,0.1374751564216357,5.217705393830799
activity,활동량,helissen2021,5,20,3.0,16,0.9881920001515299,,0.1374751564216357,5.217705393830799
activity,활동량,helissen2021,5,20,3.0,20,0.9977013578968796,1.0,0.1374751564216357,5.217705393830799
activity,활동량,helissen2021,5,20,3.0,24,0.9995859402406427,1.0,0.1374751564216357,5.217705393830799
activity,활동량,helissen2021,5,28,1.0,3,0.06958316740603245,0.9999999997927681,0.1374751564216357,5.217705393830799
activity,활동량,helissen2021,5,28,1.0,4,0.08489378032583343,,0.1374751564216357,5.217705393830799
activity,활동량,helissen2021,5,28,1.0,5,0.10126757122739337,1.0,0.1374751564216357,5.217705393830799
activity,활동량,helissen2021,5,28,1.0,6,0.11815772307069343,,0.1374751564216357,5.217705393830799
activity,활동량,helissen2021,5,28,1.0,7,0.1353458311732054,1.0,0.1374751564216357,5.217705393830799
activity,활동량,helissen2021,5,28,1.0,8,0.15272206923851442,1.0,0.1374751564216357,5.217705393830799
activity,활동량,helissen2021,5,28,1.0,10,0.18778546580026304,,0.1374751564216357,5.217705393830799
activity,활동량,helissen2021,5,28,1.0,12,0.22297945769370678,,0.1374751564216357,5.217705393830799
activity,활동량,helissen2021,5,28,1.0,16,0.2927828834129718,1.0,0.1374751564216357,5.217705393830799
activity,활동량,helissen2021,5,28,1.0,20,0.3606028391197915,1.0,0.1374751564216357,5.217705393830799
activity,활동량,helissen2021,5,28,1.0,24,0.4253821748922836,1.0,0.1374751564216357,5.217705393830799
activity,활동량,helissen2021,5,28,2.0,3,0.12594367600666162,0.9999999997927681,0.1374751564216357,5.217705393830799
activity,활동량,helissen2021,5,28,2.0,4,0.18882488088568886,,0.1374751564216357,5.217705393830799
activity,활동량,helissen2021,5,28,2.0,5,0.25621332603013386,1.0,0.1374751564216357,5.217705393830799
activity,활동량,helissen2021,5,28,2.0,6,0.32403358419619405,,0.1374751564216357,5.217705393830799
activity,활동량,helissen2021,5,28,2.0,7,0.39009490586305545,1.0,0.1374751564216357,5.217705393830799
activity,활동량,helissen2021,5,28,2.0,8,0.45310554438755635,1.0,0.1374751564216357,5.217705393830799
activity,활동량,helissen2021,5,28,2.0,10,0.5672110245783706,,0.1374751564216357,5.217705393830799
activity,활동량,helissen2021,5,28,2.0,12,0.6636302785243207,,0.1374751564216357,5.217705393830799
activity,활동량,helissen2021,5,28,2.0,16,0.8054902427414393,1.0,0.1374751564216357,5.217705393830799
activity,활동량,helissen2021,5,28,2.0,20,0.8926280706394449,1.0,0.1374751564216357,5.217705393830799
activity,활동량,helissen2021,5,28,2.0,24,0.9428696891375832,1.0,0.1374751564216357,5.217705393830799
activity,활동량,helissen2021,5,28,3.0,3,0.21239368981528478,0.9999999997927681,0.1374751564216357,5.217705393830799
activity,활동량,helissen2021,5,28,3.0,4,0.3502271649462438,,0.1374751564216357,5.217705393830799
activity,활동량,helissen2021,5,28,3.0,5,0.48641311745720983,1.0,0.1374751564216357,5.217705393830799
activity,활동량,helissen2021,5,28,3.0,6,0.6063937436121823,,0.1374751564216357,5.217705393830799
activity,활동량,helissen2021,5,28,3.0,7,0.7054313853090299,1.0,0.1374751564216357,5.217705393830799
activity,활동량,helissen2021,5,28,3.0,8,0.7837456864649405,1.0,0.1374751564216357,5.217705393830799
activity,활동량,helissen2021,5,28,3.0,10,0.8886738981138865,,0.1374751564216357,5.217705393830799
activity,활동량,helissen2021,5,28,3.0,12,0.9453912301556495,,0.1374751564216357,5.217705393830799
activity,활동량,helissen2021,5,28,3.0,16,0.9881920001515299,1.0,0.1374751564216357,5.217705393830799
activity,활동량,helissen2021,5,28,3.0,20,0.9977013578968796,1.0,0.1374751564216357,5.217705393830799
activity,활동량,helissen2021,5,28,3.0,24,0.9995859402406427,1.0,0.1374751564216357,5.217705393830799
activity,활동량,helissen2021,7,24,1.0,3,0.06960330888190372,0.14842547868073944,0.1374751564216357,5.217705393830799
activity,활동량,helissen2021,7,24,1.0,4,0.08493009739077129,0.2309781133782448,0.1374751564216357,5.217705393830799
activity,활동량,helissen2021,7,24,1.0,5,0.1013213900870396,0.31828723073442344,0.1374751564216357,5.217705393830799
activity,활동량,helissen2021,7,24,1.0,6,0.11822969342029656,0.40389141254902206,0.1374751564216357,5.217705393830799
activity,활동량,helissen2021,7,24,1.0,7,0.13543628515625777,0.48444300986112937,0.1374751564216357,5.217705393830799
activity,활동량,helissen2021,7,24,1.0,8,0.15283114884768065,0.5582282325915808,0.1374751564216357,5.217705393830799
activity,활동량,helissen2021,7,24,1.0,10,0.18793170610256213,0.6830934384199097,0.1374751564216357,5.217705393830799
activity,활동량,helissen2021,7,24,1.0,12,0.2231620974540649,0.7784483403577807,0.1374751564216357,5.217705393830799
activity,활동량,helissen2021,7,24,1.0,16,0.2930337975620554,0.898075353687848,0.1374751564216357,5.217705393830799
activity,활동량,helissen2021,7,24,1.0,20,0.36091346992599005,0.9559562640031499,0.1374751564216357,5.217705393830799
activity,활동량,helissen2021,7,24,1.0,24,0.42574218420751125,0.9818660805757283,0.1374751564216357,5.217705393830799
activity,활동량,helissen2021,7,24,2.0,3,0.1260193591288675,0.14842547868073944,0.1374751564216357,5.217705393830799
activity,활동량,helissen2021,7,24,2.0,4,0.18896650135462567,0.2309781133782448,0.1374751564216357,5.217705393830799
activity,활동량,helissen2021,7,24,2.0,5,0.2564233692226638,0.31828723073442344,0.1374751564216357,5.217705393830799
activity,활동량,helissen2021,7,24,2.0,6,0.3243073627675729,0.40389141254902206,0.1374751564216357,5.217705393830799
activity,활동량,helissen2021,7,24,2.0,7,0.39042390357101786,0.48444300986112937,0.1374751564216357,5.217705393830799
activity,활동량,helissen2021,7,24,2.0,8,0.4534793987492458,0.5582282325915808,0.1374751564216357,5.217705393830799
activity,활동량,helissen2021,7,24,2.0,10,0.5676419623128993,0.6830934384199097,0.1374751564216357,5.217705393830799
activity,활동량,helissen2021,7,24,2.0,12,0.6640787288096865,0.7784483403577807,0.1374751564216357,5.217705393830799
activity,활동량,helissen2021,7,24,2.0,16,0.805891803803,0.898075353687848,0.1374751564216357,5.217705393830799
activity,활동량,helissen2021,7,24,2.0,20,0.8929341284728995,0.9559562640031499,0.1374751564216357,5.217705393830799
activity,활동량,helissen2021,7,24,2.0,24,0.943079691466568,0.9818660805757283,0.1374751564216357,5.217705393830799
activity,활동량,helissen2021,7,24,3.0,3,0.21254712601104286,0.14842547868073944,0.1374751564216357,5.217705393830799
activity,활동량,helissen2021,7,24,3.0,4,0.3505093524389286,0.2309781133782448,0.1374751564216357,5.217705393830799
activity,활동량,helissen2021,7,24,3.0,5,0.486793978821124,0.31828723073442344,0.1374751564216357,5.217705393830799
activity,활동량,helissen2021,7,24,3.0,6,0.6068248680296092,0.40389141254902206,0.1374751564216357,5.217705393830799
activity,활동량,helissen2021,7,24,3.0,7,0.7058680495531394,0.48444300986112937,0.1374751564216357,5.217705393830799
activity,활동량,helissen2021,7,24,3.0,8,0.7841553831896559,0.5582282325915808,0.1374751564216357,5.217705393830799
activity,활동량,helissen2021,7,24,3.0,10,0.8889826878690964,0.6830934384199097,0.1374751564216357,5.217705393830799
activity,활동량,helissen2021,7,24,3.0,12,0.9455935965885952,0.7784483403577807,0.1374751564216357,5.217705393830799
activity,활동량,helissen2021,7,24,3.0,16,0.9882589951339161,0.898075353687848,0.1374751564216357,5.217705393830799
activity,활동량,helissen2021,7,24,3.0,20,0.9977191324750764,0.9559562640031499,0.1374751564216357,5.217705393830799
activity,활동량,helissen2021,7,24,3.0,24,0.9995900193487564,0.9818660805757283,0.1374751564216357,5.217705393830799
activity,활동량,helissen2021,7,20,1.0,3,0.06960330888190372,0.9999999434670173,0.1374751564216357,5.217705393830799
activity,활동량,helissen2021,7,20,1.0,4,0.08493009739077129,1.0,0.1374751564216357,5.217705393830799
activity,활동량,helissen2021,7,20,1.0,5,0.1013213900870396,1.0,0.1374751564216357,5.217705393830799
activity,활동량,helissen2021,7,20,1.0,6,0.11822969342029656,1.0,0.1374751564216357,5.217705393830799
activity,활동량,helissen2021,7,20,1.0,7,0.13543628515625777,1.0,0.1374751564216357,5.217705393830799
activity,활동량,helissen2021,7,20,1.0,8,0.15283114884768065,1.0,0.1374751564216357,5.217705393830799
activity,활동량,helissen2021,7,20,1.0,10,0.18793170610256213,1.0,0.1374751564216357,5.217705393830799
activity,활동량,helissen2021,7,20,1.0,12,0.2231620974540649,,0.1374751564216357,5.217705393830799
activity,활동량,helissen2021,7,20,1.0,16,0.2930337975620554,,0.1374751564216357,5.217705393830799
activity,활동량,helissen2021,7,20,1.0,20,0.36091346992599005,1.0,0.1374751564216357,5.217705393830799
activity,활동량,helissen2021,7,20,1.0,24,0.42574218420751125,1.0,0.1374751564216357,5.217705393830799
activity,활동량,helissen2021,7,20,2.0,3,0.1260193591288675,0.9999999434670173,0.1374751564216357,5.217705393830799
activity,활동량,helissen2021,7,20,2.0,4,0.18896650135462567,1.0,0.1374751564216357,5.217705393830799
activity,활동량,helissen2021,7,20,2.0,5,0.2564233692226638,1.0,0.1374751564216357,5.217705393830799
activity,활동량,helissen2021,7,20,2.0,6,0.3243073627675729,1.0,0.1374751564216357,5.217705393830799
activity,활동량,helissen2021,7,20,2.0,7,0.39042390357101786,1.0,0.1374751564216357,5.217705393830799
activity,활동량,helissen2021,7,20,2.0,8,0.4534793987492458,1.0,0.1374751564216357,5.217705393830799
activity,활동량,helissen2021,7,20,2.0,10,0.5676419623128993,1.0,0.1374751564216357,5.217705393830799
activity,활동량,helissen2021,7,20,2.0,12,0.6640787288096865,,0.1374751564216357,5.217705393830799
activity,활동량,helissen2021,7,20,2.0,16,0.805891803803,,0.1374751564216357,5.217705393830799
activity,활동량,helissen2021,7,20,2.0,20,0.8929341284728995,1.0,0.1374751564216357,5.217705393830799
activity,활동량,helissen2021,7,20,2.0,24,0.943079691466568,1.0,0.1374751564216357,5.217705393830799
activity,활동량,helissen2021,7,20,3.0,3,0.21254712601104286,0.9999999434670173,0.1374751564216357,5.217705393830799
activity,활동량,helissen2021,7,20,3.0,4,0.3505093524389286,1.0,0.1374751564216357,5.217705393830799
activity,활동량,helissen2021,7,20,3.0,5,0.486793978821124,1.0,0.1374751564216357,5.217705393830799
activity,활동량,helissen2021,7,20,3.0,6,0.6068248680296092,1.0,0.1374751564216357,5.217705393830799
activity,활동량,helissen2021,7,20,3.0,7,0.7058680495531394,1.0,0.1374751564216357,5.217705393830799
activity,활동량,helissen2021,7,20,3.0,8,0.7841553831896559,1.0,0.1374751564216357,5.217705393830799
activity,활동량,helissen2021,7,20,3.0,10,0.8889826878690964,1.0,0.1374751564216357,5.217705393830799
activity,활동량,helissen2021,7,20,3.0,12,0.9455935965885952,,0.1374751564216357,5.217705393830799
activity,활동량,helissen2021,7,20,3.0,16,0.9882589951339161,,0.1374751564216357,5.217705393830799
activity,활동량,helissen2021,7,20,3.0,20,0.9977191324750764,1.0,0.1374751564216357,5.217705393830799
activity,활동량,helissen2021,7,20,3.0,24,0.9995900193487564,1.0,0.1374751564216357,5.217705393830799
activity,활동량,helissen2021,7,28,1.0,3,0.06960330888190372,0.9999999998344542,0.1374751564216357,5.217705393830799
activity,활동량,helissen2021,7,28,1.0,4,0.08493009739077129,,0.1374751564216357,5.217705393830799
activity,활동량,helissen2021,7,28,1.0,5,0.1013213900870396,,0.1374751564216357,5.217705393830799
activity,활동량,helissen2021,7,28,1.0,6,0.11822969342029656,,0.1374751564216357,5.217705393830799
activity,활동량,helissen2021,7,28,1.0,7,0.13543628515625777,,0.1374751564216357,5.217705393830799
activity,활동량,helissen2021,7,28,1.0,8,0.15283114884768065,1.0,0.1374751564216357,5.217705393830799
activity,활동량,helissen2021,7,28,1.0,10,0.18793170610256213,,0.1374751564216357,5.217705393830799
activity,활동량,helissen2021,7,28,1.0,12,0.2231620974540649,,0.1374751564216357,5.217705393830799
activity,활동량,helissen2021,7,28,1.0,16,0.2930337975620554,1.0,0.1374751564216357,5.217705393830799
activity,활동량,helissen2021,7,28,1.0,20,0.36091346992599005,1.0,0.1374751564216357,5.217705393830799
activity,활동량,helissen2021,7,28,1.0,24,0.42574218420751125,1.0,0.1374751564216357,5.217705393830799
activity,활동량,helissen2021,7,28,2.0,3,0.1260193591288675,0.9999999998344542,0.1374751564216357,5.217705393830799
activity,활동량,helissen2021,7,28,2.0,4,0.18896650135462567,,0.1374751564216357,5.217705393830799
activity,활동량,helissen2021,7,28,2.0,5,0.2564233692226638,,0.1374751564216357,5.217705393830799
activity,활동량,helissen2021,7,28,2.0,6,0.3243073627675729,,0.1374751564216357,5.217705393830799
activity,활동량,helissen2021,7,28,2.0,7,0.39042390357101786,,0.1374751564216357,5.217705393830799
activity,활동량,helissen2021,7,28,2.0,8,0.4534793987492458,1.0,0.1374751564216357,5.217705393830799
activity,활동량,helissen2021,7,28,2.0,10,0.5676419623128993,,0.1374751564216357,5.217705393830799
activity,활동량,helissen2021,7,28,2.0,12,0.6640787288096865,,0.1374751564216357,5.217705393830799
activity,활동량,helissen2021,7,28,2.0,16,0.805891803803,1.0,0.1374751564216357,5.217705393830799
activity,활동량,helissen2021,7,28,2.0,20,0.8929341284728995,1.0,0.1374751564216357,5.217705393830799
activity,활동량,helissen2021,7,28,2.0,24,0.943079691466568,1.0,0.1374751564216357,5.217705393830799
activity,활동량,helissen2021,7,28,3.0,3,0.21254712601104286,0.9999999998344542,0.1374751564216357,5.217705393830799
activity,활동량,helissen2021,7,28,3.0,4,0.3505093524389286,,0.1374751564216357,5.217705393830799
activity,활동량,helissen2021,7,28,3.0,5,0.486793978821124,,0.1374751564216357,5.217705393830799
activity,활동량,helissen2021,7,28,3.0,6,0.6068248680296092,,0.1374751564216357,5.217705393830799
activity,활동량,helissen2021,7,28,3.0,7,0.7058680495531394,,0.1374751564216357,5.217705393830799
activity,활동량,helissen2021,7,28,3.0,8,0.7841553831896559,1.0,0.1374751564216357,5.217705393830799
activity,활동량,helissen2021,7,28,3.0,10,0.8889826878690964,,0.1374751564216357,5.217705393830799
activity,활동량,helissen2021,7,28,3.0,12,0.9455935965885952,,0.1374751564216357,5.217705393830799
activity,활동량,helissen2021,7,28,3.0,16,0.9882589951339161,1.0,0.1374751564216357,5.217705393830799
activity,활동량,helissen2021,7,28,3.0,20,0.9977191324750764,1.0,0.1374751564216357,5.217705393830799
activity,활동량,helissen2021,7,28,3.0,24,0.9995900193487564,1.0,0.1374751564216357,5.217705393830799
activity,활동량,helissen2022,3,24,1.0,3,0.06948544796045858,0.06789719500749723,1.1144337254140306,4.021692322498499
activity,활동량,helissen2022,3,24,1.0,4,0.08471759391314627,0.08185666892650545,1.1144337254140306,4.021692322498499
activity,활동량,helissen2022,3,24,1.0,5,0.10100648810002881,0.09676948708423533,1.1144337254140306,4.021692322498499
activity,활동량,helissen2022,3,24,1.0,6,0.11780859131818346,0.11214439119749062,1.1144337254140306,4.021692322498499
activity,활동량,helissen2022,3,24,1.0,7,0.1349070360194515,0.12778869229825363,1.1144337254140306,4.021692322498499
activity,활동량,helissen2022,3,24,1.0,8,0.15219291559921092,0.14360777588296364,1.1144337254140306,4.021692322498499
activity,활동량,helissen2022,3,24,1.0,10,0.18707600701376093,0.17555782450845614,1.1144337254140306,4.021692322498499
activity,활동량,helissen2022,3,24,1.0,12,0.22209333913252208,0.2076905551854932,1.1144337254140306,4.021692322498499
activity,활동량,helissen2022,3,24,1.0,16,0.29156522120766487,0.27170702867079505,1.1144337254140306,4.021692322498499
activity,활동량,helissen2022,3,24,1.0,20,0.3590949023537993,0.3343940629678597,1.1144337254140306,4.021692322498499
activity,활동량,helissen2022,3,24,1.0,24,0.4236338887122923,0.39484700777690607,1.1144337254140306,4.021692322498499
activity,활동량,helissen2022,3,24,2.0,3,0.1255764180065758,0.06789719500749723,1.1144337254140306,4.021692322498499
activity,활동량,helissen2022,3,24,2.0,4,0.18813769819401158,0.08185666892650545,1.1144337254140306,4.021692322498499
activity,활동량,helissen2022,3,24,2.0,5,0.25519401878497333,0.09676948708423533,1.1144337254140306,4.021692322498499
activity,활동량,helissen2022,3,24,2.0,6,0.3227046690867426,0.11214439119749062,1.1144337254140306,4.021692322498499
activity,활동량,helissen2022,3,24,2.0,7,0.3884974583535276,0.12778869229825363,1.1144337254140306,4.021692322498499
activity,활동량,helissen2022,3,24,2.0,8,0.4512896233196647,0.14360777588296364,1.1144337254140306,4.021692322498499
activity,활동량,helissen2022,3,24,2.0,10,0.5651160309831859,0.17555782450845614,1.1144337254140306,4.021692322498499
activity,활동량,helissen2022,3,24,2.0,12,0.6614480296753097,0.2076905551854932,1.1144337254140306,4.021692322498499
activity,활동량,helissen2022,3,24,2.0,16,0.8035319520522284,0.27170702867079505,1.1144337254140306,4.021692322498499
activity,활동량,helissen2022,3,24,2.0,20,0.8911320253091635,0.3343940629678597,1.1144337254140306,4.021692322498499
activity,활동량,helissen2022,3,24,2.0,24,0.9418406432535864,0.39484700777690607,1.1144337254140306,4.021692322498499
activity,활동량,helissen2022,3,24,3.0,3,0.21164889337910547,0.06789719500749723,1.1144337254140306,4.021692322498499
activity,활동량,helissen2022,3,24,3.0,4,0.34885701632860266,0.08185666892650545,1.1144337254140306,4.021692322498499
activity,활동량,helissen2022,3,24,3.0,5,0.4845625603650953,0.09676948708423533,1.1144337254140306,4.021692322498499
activity,활동량,helissen2022,3,24,3.0,6,0.6042969810923372,0.11214439119749062,1.1144337254140306,4.021692322498499
activity,활동량,helissen2022,3,24,3.0,7,0.703305352014583,0.12778869229825363,1.1144337254140306,4.021692322498499
activity,활동량,helissen2022,3,24,3.0,8,0.7817485665193556,0.14360777588296364,1.1144337254140306,4.021692322498499
activity,활동량,helissen2022,3,24,3.0,10,0.8871647592553733,0.17555782450845614,1.1144337254140306,4.021692322498499
activity,활동량,helissen2022,3,24,3.0,12,0.9443994714092326,0.2076905551854932,1.1144337254140306,4.021692322498499
activity,활동량,helissen2022,3,24,3.0,16,0.9878617411851256,0.27170702867079505,1.1144337254140306,4.021692322498499
activity,활동량,helissen2022,3,24,3.0,20,0.9976131963586874,0.3343940629678597,1.1144337254140306,4.021692322498499
activity,활동량,helissen2022,3,24,3.0,24,0.999565579421067,0.39484700777690607,1.1144337254140306,4.021692322498499
activity,활동량,helissen2022,3,20,1.0,3,0.06948544796045858,,1.1144337254140306,4.021692322498499
activity,활동량,helissen2022,3,20,1.0,4,0.08471759391314627,,1.1144337254140306,4.021692322498499
activity,활동량,helissen2022,3,20,1.0,5,0.10100648810002881,0.9999995410490714,1.1144337254140306,4.021692322498499
activity,활동량,helissen2022,3,20,1.0,6,0.11780859131818346,0.9999999997128078,1.1144337254140306,4.021692322498499
activity,활동량,helissen2022,3,20,1.0,7,0.1349070360194515,,1.1144337254140306,4.021692322498499
activity,활동량,helissen2022,3,20,1.0,8,0.15219291559921092,,1.1144337254140306,4.021692322498499
activity,활동량,helissen2022,3,20,1.0,10,0.18707600701376093,1.0,1.1144337254140306,4.021692322498499
activity,활동량,helissen2022,3,20,1.0,12,0.22209333913252208,1.0,1.1144337254140306,4.021692322498499
activity,활동량,helissen2022,3,20,1.0,16,0.29156522120766487,,1.1144337254140306,4.021692322498499
activity,활동량,helissen2022,3,20,1.0,20,0.3590949023537993,,1.1144337254140306,4.021692322498499
activity,활동량,helissen2022,3,20,1.0,24,0.4236338887122923,,1.1144337254140306,4.021692322498499
activity,활동량,helissen2022,3,20,2.0,3,0.1255764180065758,,1.1144337254140306,4.021692322498499
activity,활동량,helissen2022,3,20,2.0,4,0.18813769819401158,,1.1144337254140306,4.021692322498499
activity,활동량,helissen2022,3,20,2.0,5,0.25519401878497333,0.9999995410490714,1.1144337254140306,4.021692322498499
activity,활동량,helissen2022,3,20,2.0,6,0.3227046690867426,0.9999999997128078,1.1144337254140306,4.021692322498499
activity,활동량,helissen2022,3,20,2.0,7,0.3884974583535276,,1.1144337254140306,4.021692322498499
activity,활동량,helissen2022,3,20,2.0,8,0.4512896233196647,,1.1144337254140306,4.021692322498499
activity,활동량,helissen2022,3,20,2.0,10,0.5651160309831859,1.0,1.1144337254140306,4.021692322498499
activity,활동량,helissen2022,3,20,2.0,12,0.6614480296753097,1.0,1.1144337254140306,4.021692322498499
activity,활동량,helissen2022,3,20,2.0,16,0.8035319520522284,,1.1144337254140306,4.021692322498499
activity,활동량,helissen2022,3,20,2.0,20,0.8911320253091635,,1.1144337254140306,4.021692322498499
activity,활동량,helissen2022,3,20,2.0,24,0.9418406432535864,,1.1144337254140306,4.021692322498499
activity,활동량,helissen2022,3,20,3.0,3,0.21164889337910547,,1.1144337254140306,4.021692322498499
activity,활동량,helissen2022,3,20,3.0,4,0.34885701632860266,,1.1144337254140306,4.021692322498499
activity,활동량,helissen2022,3,20,3.0,5,0.4845625603650953,0.9999995410490714,1.1144337254140306,4.021692322498499
activity,활동량,helissen2022,3,20,3.0,6,0.6042969810923372,0.9999999997128078,1.1144337254140306,4.021692322498499
activity,활동량,helissen2022,3,20,3.0,7,0.703305352014583,,1.1144337254140306,4.021692322498499
activity,활동량,helissen2022,3,20,3.0,8,0.7817485665193556,,1.1144337254140306,4.021692322498499
activity,활동량,helissen2022,3,20,3.0,10,0.8871647592553733,1.0,1.1144337254140306,4.021692322498499
activity,활동량,helissen2022,3,20,3.0,12,0.9443994714092326,1.0,1.1144337254140306,4.021692322498499
activity,활동량,helissen2022,3,20,3.0,16,0.9878617411851256,,1.1144337254140306,4.021692322498499
activity,활동량,helissen2022,3,20,3.0,20,0.9976131963586874,,1.1144337254140306,4.021692322498499
activity,활동량,helissen2022,3,20,3.0,24,0.999565579421067,,1.1144337254140306,4.021692322498499
activity,활동량,helissen2022,3,28,1.0,3,0.06948544796045858,,1.1144337254140306,4.021692322498499
activity,활동량,helissen2022,3,28,1.0,4,0.08471759391314627,,1.1144337254140306,4.021692322498499
activity,활동량,helissen2022,3,28,1.0,5,0.10100648810002881,,1.1144337254140306,4.021692322498499
activity,활동량,helissen2022,3,28,1.0,6,0.11780859131818346,,1.1144337254140306,4.021692322498499
activity,활동량,helissen2022,3,28,1.0,7,0.1349070360194515,,1.1144337254140306,4.021692322498499
activity,활동량,helissen2022,3,28,1.0,8,0.15219291559921092,,1.1144337254140306,4.021692322498499
activity,활동량,helissen2022,3,28,1.0,10,0.18707600701376093,1.0,1.1144337254140306,4.021692322498499
activity,활동량,helissen2022,3,28,1.0,12,0.22209333913252208,,1.1144337254140306,4.021692322498499
activity,활동량,helissen2022,3,28,1.0,16,0.29156522120766487,1.0,1.1144337254140306,4.021692322498499
activity,활동량,helissen2022,3,28,1.0,20,0.3590949023537993,,1.1144337254140306,4.021692322498499
activity,활동량,helissen2022,3,28,1.0,24,0.4236338887122923,1.0,1.1144337254140306,4.021692322498499
activity,활동량,helissen2022,3,28,2.0,3,0.1255764180065758,,1.1144337254140306,4.021692322498499
activity,활동량,helissen2022,3,28,2.0,4,0.18813769819401158,,1.1144337254140306,4.021692322498499
activity,활동량,helissen2022,3,28,2.0,5,0.25519401878497333,,1.1144337254140306,4.021692322498499
activity,활동량,helissen2022,3,28,2.0,6,0.3227046690867426,,1.1144337254140306,4.021692322498499
activity,활동량,helissen2022,3,28,2.0,7,0.3884974583535276,,1.1144337254140306,4.021692322498499
activity,활동량,helissen2022,3,28,2.0,8,0.4512896233196647,,1.1144337254140306,4.021692322498499
activity,활동량,helissen2022,3,28,2.0,10,0.5651160309831859,1.0,1.1144337254140306,4.021692322498499
activity,활동량,helissen2022,3,28,2.0,12,0.6614480296753097,,1.1144337254140306,4.021692322498499
activity,활동량,helissen2022,3,28,2.0,16,0.8035319520522284,1.0,1.1144337254140306,4.021692322498499
activity,활동량,helissen2022,3,28,2.0,20,0.8911320253091635,,1.1144337254140306,4.021692322498499
activity,활동량,helissen2022,3,28,2.0,24,0.9418406432535864,1.0,1.1144337254140306,4.021692322498499
activity,활동량,helissen2022,3,28,3.0,3,0.21164889337910547,,1.1144337254140306,4.021692322498499
activity,활동량,helissen2022,3,28,3.0,4,0.34885701632860266,,1.1144337254140306,4.021692322498499
activity,활동량,helissen2022,3,28,3.0,5,0.4845625603650953,,1.1144337254140306,4.021692322498499
activity,활동량,helissen2022,3,28,3.0,6,0.6042969810923372,,1.1144337254140306,4.021692322498499
activity,활동량,helissen2022,3,28,3.0,7,0.703305352014583,,1.1144337254140306,4.021692322498499
activity,활동량,helissen2022,3,28,3.0,8,0.7817485665193556,,1.1144337254140306,4.021692322498499
activity,활동량,helissen2022,3,28,3.0,10,0.8871647592553733,1.0,1.1144337254140306,4.021692322498499
activity,활동량,helissen2022,3,28,3.0,12,0.9443994714092326,,1.1144337254140306,4.021692322498499
activity,활동량,helissen2022,3,28,3.0,16,0.9878617411851256,1.0,1.1144337254140306,4.021692322498499
activity,활동량,helissen2022,3,28,3.0,20,0.9976131963586874,,1.1144337254140306,4.021692322498499
activity,활동량,helissen2022,3,28,3.0,24,0.999565579421067,1.0,1.1144337254140306,4.021692322498499
activity,활동량,helissen2022,5,24,1.0,3,0.07481630665043479,0.11191940792000409,1.1144337254140306,4.021692322498499
activity,활동량,helissen2022,5,24,1.0,4,0.09435587490267172,0.16264284976794646,1.1144337254140306,4.021692322498499
activity,활동량,helissen2022,5,24,1.0,5,0.11531257178749671,0.21725867999777596,1.1144337254140306,4.021692322498499
activity,활동량,helissen2022,5,24,1.0,6,0.13695293371703737,0.27290825955373726,1.1144337254140306,4.021692322498499
activity,활동량,helissen2022,5,24,1.0,7,0.15896735534016287,0.3280750262266101,1.1144337254140306,4.021692322498499
activity,활동량,helissen2022,5,24,1.0,8,0.18118965162092554,0.3818271872957085,1.1144337254140306,4.021692322498499
activity,활동량,helissen2022,5,24,1.0,10,0.2258488635505512,0.4828263759834929,1.1144337254140306,4.021692322498499
activity,활동량,helissen2022,5,24,1.0,12,0.2703185021516129,0.5730877573971537,1.1144337254140306,4.021692322498499
activity,활동량,helissen2022,5,24,1.0,16,0.3570660890434238,0.7186000866032511,1.1144337254140306,4.021692322498499
activity,활동량,helissen2022,5,24,1.0,20,0.43901937359147747,0.8210951359538359,1.1144337254140306,4.021692322498499
activity,활동량,helissen2022,5,24,1.0,24,0.514735106659821,0.8895304700818278,1.1144337254140306,4.021692322498499
activity,활동량,helissen2022,5,24,2.0,3,0.14544294785881534,0.11191940792000409,1.1144337254140306,4.021692322498499
activity,활동량,helissen2022,5,24,2.0,4,0.22538024154924927,0.16264284976794646,1.1144337254140306,4.021692322498499
activity,활동량,helissen2022,5,24,2.0,5,0.3101026841192336,0.21725867999777596,1.1144337254140306,4.021692322498499
activity,활동량,helissen2022,5,24,2.0,6,0.3934923164380604,0.27290825955373726,1.1144337254140306,4.021692322498499
activity,활동량,helissen2022,5,24,2.0,7,0.47235244984262226,0.3280750262266101,1.1144337254140306,4.021692322498499
activity,활동량,helissen2022,5,24,2.0,8,0.5450057468349352,0.3818271872957085,1.1144337254140306,4.021692322498499
activity,활동량,helissen2022,5,24,2.0,10,0.6691304100352244,0.4828263759834929,1.1144337254140306,4.021692322498499
activity,활동량,helissen2022,5,24,2.0,12,0.7652693502436188,0.5730877573971537,1.1144337254140306,4.021692322498499
activity,활동량,helissen2022,5,24,2.0,16,0.8885496042586032,0.7186000866032511,1.1144337254140306,4.021692322498499
activity,활동량,helissen2022,5,24,2.0,20,0.9501906966112985,0.8210951359538359,1.1144337254140306,4.021692322498499
activity,활동량,helissen2022,5,24,2.0,24,0.9787582764641442,0.8895304700818278,1.1144337254140306,4.021692322498499
activity,활동량,helissen2022,5,24,3.0,3,0.2513774858260648,0.11191940792000409,1.1144337254140306,4.021692322498499
activity,활동량,helissen2022,5,24,3.0,4,0.420918076682022,0.16264284976794646,1.1144337254140306,4.021692322498499
activity,활동량,helissen2022,5,24,3.0,5,0.578774375800578,0.21725867999777596,1.1144337254140306,4.021692322498499
activity,활동량,helissen2022,5,24,3.0,6,0.7066198301724379,0.27290825955373726,1.1144337254140306,4.021692322498499
activity,활동량,helissen2022,5,24,3.0,7,0.8022217073213653,0.3280750262266101,1.1144337254140306,4.021692322498499
activity,활동량,helissen2022,5,24,3.0,8,0.8700643432802124,0.3818271872957085,1.1144337254140306,4.021692322498499
activity,활동량,helissen2022,5,24,3.0,10,0.9471891268046361,0.4828263759834929,1.1144337254140306,4.021692322498499
activity,활동량,helissen2022,5,24,3.0,12,0.9798224876358553,0.5730877573971537,1.1144337254140306,4.021692322498499
activity,활동량,helissen2022,5,24,3.0,16,0.9974226021233065,0.7186000866032511,1.1144337254140306,4.021692322498499
activity,활동량,helissen2022,5,24,3.0,20,0.9997104897599722,0.8210951359538359,1.1144337254140306,4.021692322498499
activity,활동량,helissen2022,5,24,3.0,24,0.9999703812674081,0.8895304700818278,1.1144337254140306,4.021692322498499
activity,활동량,helissen2022,5,20,1.0,3,0.07481630665043479,0.9999664845635359,1.1144337254140306,4.021692322498499
activity,활동량,helissen2022,5,20,1.0,4,0.09435587490267172,,1.1144337254140306,4.021692322498499
activity,활동량,helissen2022,5,20,1.0,5,0.11531257178749671,1.0,1.1144337254140306,4.021692322498499
activity,활동량,helissen2022,5,20,1.0,6,0.13695293371703737,1.0,1.1144337254140306,4.021692322498499
activity,활동량,helissen2022,5,20,1.0,7,0.15896735534016287,1.0,1.1144337254140306,4.021692322498499
activity,활동량,helissen2022,5,20,1.0,8,0.18118965162092554,,1.1144337254140306,4.021692322498499
activity,활동량,helissen2022,5,20,1.0,10,0.2258488635505512,,1.1144337254140306,4.021692322498499
activity,활동량,helissen2022,5,20,1.0,12,0.2703185021516129,1.0,1.1144337254140306,4.021692322498499
activity,활동량,helissen2022,5,20,1.0,16,0.3570660890434238,,1.1144337254140306,4.021692322498499
activity,활동량,helissen2022,5,20,1.0,20,0.43901937359147747,1.0,1.1144337254140306,4.021692322498499
activity,활동량,helissen2022,5,20,1.0,24,0.514735106659821,,1.1144337254140306,4.021692322498499
activity,활동량,helissen2022,5,20,2.0,3,0.14544294785881534,0.9999664845635359,1.1144337254140306,4.021692322498499
activity,활동량,helissen2022,5,20,2.0,4,0.22538024154924927,,1.1144337254140306,4.021692322498499
activity,활동량,helissen2022,5,20,2.0,5,0.3101026841192336,1.0,1.1144337254140306,4.021692322498499
activity,활동량,helissen2022,5,20,2.0,6,0.3934923164380604,1.0,1.1144337254140306,4.021692322498499
activity,활동량,helissen2022,5,20,2.0,7,0.47235244984262226,1.0,1.1144337254140306,4.021692322498499
activity,활동량,helissen2022,5,20,2.0,8,0.5450057468349352,,1.1144337254140306,4.021692322498499
activity,활동량,helissen2022,5,20,2.0,10,0.6691304100352244,,1.1144337254140306,4.021692322498499
activity,활동량,helissen2022,5,20,2.0,12,0.7652693502436188,1.0,1.1144337254140306,4.021692322498499
activity,활동량,helissen2022,5,20,2.0,16,0.8885496042586032,,1.1144337254140306,4.021692322498499
activity,활동량,helissen2022,5,20,2.0,20,0.9501906966112985,1.0,1.1144337254140306,4.021692322498499
activity,활동량,helissen2022,5,20,2.0,24,0.9787582764641442,,1.1144337254140306,4.021692322498499
activity,활동량,helissen2022,5,20,3.0,3,0.2513774858260648,0.9999664845635359,1.1144337254140306,4.021692322498499
activity,활동량,helissen2022,5,20,3.0,4,0.420918076682022,,1.1144337254140306,4.021692322498499
activity,활동량,helissen2022,5,20,3.0,5,0.578774375800578,1.0,1.1144337254140306,4.021692322498499
activity,활동량,helissen2022,5,20,3.0,6,0.7066198301724379,1.0,1.1144337254140306,4.021692322498499
activity,활동량,helissen2022,5,20,3.0,7,0.8022217073213653,1.0,1.1144337254140306,4.021692322498499
activity,활동량,helissen2022,5,20,3.0,8,0.8700643432802124,,1.1144337254140306,4.021692322498499
activity,활동량,helissen2022,5,20,3.0,10,0.9471891268046361,,1.1144337254140306,4.021692322498499
activity,활동량,helissen2022,5,20,3.0,12,0.9798224876358553,1.0,1.1144337254140306,4.021692322498499
activity,활동량,helissen2022,5,20,3.0,16,0.9974226021233065,,1.1144337254140306,4.021692322498499
activity,활동량,helissen2022,5,20,3.0,20,0.9997104897599722,1.0,1.1144337254140306,4.021692322498499
activity,활동량,helissen2022,5,20,3.0,24,0.9999703812674081,,1.1144337254140306,4.021692322498499
activity,활동량,helissen2022,5,28,1.0,3,0.07481630665043479,0.9999990793112833,1.1144337254140306,4.021692322498499
activity,활동량,helissen2022,5,28,1.0,4,0.09435587490267172,,1.1144337254140306,4.021692322498499
activity,활동량,helissen2022,5,28,1.0,5,0.11531257178749671,,1.1144337254140306,4.021692322498499
activity,활동량,helissen2022,5,28,1.0,6,0.13695293371703737,1.0,1.1144337254140306,4.021692322498499
activity,활동량,helissen2022,5,28,1.0,7,0.15896735534016287,1.0,1.1144337254140306,4.021692322498499
activity,활동량,helissen2022,5,28,1.0,8,0.18118965162092554,,1.1144337254140306,4.021692322498499
activity,활동량,helissen2022,5,28,1.0,10,0.2258488635505512,1.0,1.1144337254140306,4.021692322498499
activity,활동량,helissen2022,5,28,1.0,12,0.2703185021516129,,1.1144337254140306,4.021692322498499
activity,활동량,helissen2022,5,28,1.0,16,0.3570660890434238,,1.1144337254140306,4.021692322498499
activity,활동량,helissen2022,5,28,1.0,20,0.43901937359147747,1.0,1.1144337254140306,4.021692322498499
activity,활동량,helissen2022,5,28,1.0,24,0.514735106659821,1.0,1.1144337254140306,4.021692322498499
activity,활동량,helissen2022,5,28,2.0,3,0.14544294785881534,0.9999990793112833,1.1144337254140306,4.021692322498499
activity,활동량,helissen2022,5,28,2.0,4,0.22538024154924927,,1.1144337254140306,4.021692322498499
activity,활동량,helissen2022,5,28,2.0,5,0.3101026841192336,,1.1144337254140306,4.021692322498499
activity,활동량,helissen2022,5,28,2.0,6,0.3934923164380604,1.0,1.1144337254140306,4.021692322498499
activity,활동량,helissen2022,5,28,2.0,7,0.47235244984262226,1.0,1.1144337254140306,4.021692322498499
activity,활동량,helissen2022,5,28,2.0,8,0.5450057468349352,,1.1144337254140306,4.021692322498499
activity,활동량,helissen2022,5,28,2.0,10,0.6691304100352244,1.0,1.1144337254140306,4.021692322498499
activity,활동량,helissen2022,5,28,2.0,12,0.7652693502436188,,1.1144337254140306,4.021692322498499
activity,활동량,helissen2022,5,28,2.0,16,0.8885496042586032,,1.1144337254140306,4.021692322498499
activity,활동량,helissen2022,5,28,2.0,20,0.9501906966112985,1.0,1.1144337254140306,4.021692322498499
activity,활동량,helissen2022,5,28,2.0,24,0.9787582764641442,1.0,1.1144337254140306,4.021692322498499
activity,활동량,helissen2022,5,28,3.0,3,0.2513774858260648,0.9999990793112833,1.1144337254140306,4.021692322498499
activity,활동량,helissen2022,5,28,3.0,4,0.420918076682022,,1.1144337254140306,4.021692322498499
activity,활동량,helissen2022,5,28,3.0,5,0.578774375800578,,1.1144337254140306,4.021692322498499
activity,활동량,helissen2022,5,28,3.0,6,0.7066198301724379,1.0,1.1144337254140306,4.021692322498499
activity,활동량,helissen2022,5,28,3.0,7,0.8022217073213653,1.0,1.1144337254140306,4.021692322498499
activity,활동량,helissen2022,5,28,3.0,8,0.8700643432802124,,1.1144337254140306,4.021692322498499
activity,활동량,helissen2022,5,28,3.0,10,0.9471891268046361,1.0,1.1144337254140306,4.021692322498499
activity,활동량,helissen2022,5,28,3.0,12,0.9798224876358553,,1.1144337254140306,4.021692322498499
activity,활동량,helissen2022,5,28,3.0,16,0.9974226021233065,,1.1144337254140306,4.021692322498499
activity,활동량,helissen2022,5,28,3.0,20,0.9997104897599722,1.0,1.1144337254140306,4.021692322498499
activity,활동량,helissen2022,5,28,3.0,24,0.9999703812674081,1.0,1.1144337254140306,4.021692322498499
activity,활동량,helissen2022,7,24,1.0,3,0.07713821690166037,0.15236345920849662,1.1144337254140306,4.021692322498499
activity,활동량,helissen2022,7,24,1.0,4,0.09857037194144933,0.23836934974769095,1.1144337254140306,4.021692322498499
activity,활동량,helissen2022,7,24,1.0,5,0.12158149734734773,0.3290618888546165,1.1144337254140306,4.021692322498499
activity,활동량,helissen2022,7,24,1.0,6,0.14534784471370746,0.41751548053100074,1.1144337254140306,4.021692322498499
activity,활동량,helissen2022,7,24,1.0,7,0.16951346217272442,0.5001875288743005,1.1144337254140306,4.021692322498499
activity,활동량,helissen2022,7,24,1.0,8,0.19388256136506285,0.5753283148315517,1.1144337254140306,4.021692322498499
activity,활동량,helissen2022,7,24,1.0,10,0.24273965164282832,0.7008727262368442,1.1144337254140306,4.021692322498499
activity,활동량,helissen2022,7,24,1.0,12,0.29117950298989026,0.7949445855411036,1.1144337254140306,4.021692322498499
activity,활동량,helissen2022,7,24,1.0,16,0.38486787459462146,0.9095639986744927,1.1144337254140306,4.021692322498499
activity,활동량,helissen2022,7,24,1.0,20,0.47214993830320295,0.962639710993624,1.1144337254140306,4.021692322498499
activity,활동량,helissen2022,7,24,1.0,24,0.5514900564976793,0.9853230830427041,1.1144337254140306,4.021692322498499
activity,활동량,helissen2022,7,24,2.0,3,0.15398934883919932,0.15236345920849662,1.1144337254140306,4.021692322498499
activity,활동량,helissen2022,7,24,2.0,4,0.2414207645567377,0.23836934974769095,1.1144337254140306,4.021692322498499
activity,활동량,helissen2022,7,24,2.0,5,0.3334990847748828,0.3290618888546165,1.1144337254140306,4.021692322498499
activity,활동량,helissen2022,7,24,2.0,6,0.42310375528977073,0.41751548053100074,1.1144337254140306,4.021692322498499
activity,활동량,helissen2022,7,24,2.0,7,0.5066134980461702,0.5001875288743005,1.1144337254140306,4.021692322498499
activity,활동량,helissen2022,7,24,2.0,8,0.5822681182263449,0.5753283148315517,1.1144337254140306,4.021692322498499
activity,활동량,helissen2022,7,24,2.0,10,0.7079968160098279,0.7008727262368442,1.1144337254140306,4.021692322498499
activity,활동량,helissen2022,7,24,2.0,12,0.8014624502976639,0.7949445855411036,1.1144337254140306,4.021692322498499
activity,활동량,helissen2022,7,24,2.0,16,0.9139667658383537,0.9095639986744927,1.1144337254140306,4.021692322498499
activity,활동량,helissen2022,7,24,2.0,20,0.9651185130040046,0.962639710993624,1.1144337254140306,4.021692322498499
activity,활동량,helissen2022,7,24,2.0,24,0.9865620627505879,0.9853230830427041,1.1144337254140306,4.021692322498499
activity,활동량,helissen2022,7,24,3.0,3,0.2681179217129794,0.15236345920849662,1.1144337254140306,4.021692322498499
activity,활동량,helissen2022,7,24,3.0,4,0.4505363698022187,0.23836934974769095,1.1144337254140306,4.021692322498499
activity,활동량,helissen2022,7,24,3.0,5,0.6155081465649687,0.3290618888546165,1.1144337254140306,4.021692322498499
activity,활동량,helissen2022,7,24,3.0,6,0.7438751657667815,0.41751548053100074,1.1144337254140306,4.021692322498499
activity,활동량,helissen2022,7,24,3.0,7,0.8355199339880534,0.5001875288743005,1.1144337254140306,4.021692322498499
activity,활동량,helissen2022,7,24,3.0,8,0.897359871368521,0.5753283148315517,1.1144337254140306,4.021692322498499
activity,활동량,helissen2022,7,24,3.0,10,0.9625933753358848,0.7008727262368442,1.1144337254140306,4.021692322498499
activity,활동량,helissen2022,7,24,3.0,12,0.987258133624751,0.7949445855411036,1.1144337254140306,4.021692322498499
activity,활동량,helissen2022,7,24,3.0,16,0.998720576194553,0.9095639986744927,1.1144337254140306,4.021692322498499
activity,활동량,helissen2022,7,24,3.0,20,0.9998881169649158,0.962639710993624,1.1144337254140306,4.021692322498499
activity,활동량,helissen2022,7,24,3.0,24,0.9999911462477781,0.9853230830427041,1.1144337254140306,4.021692322498499
activity,활동량,helissen2022,7,20,1.0,3,0.07713821690166037,0.9999999720678759,1.1144337254140306,4.021692322498499
activity,활동량,helissen2022,7,20,1.0,4,0.09857037194144933,,1.1144337254140306,4.021692322498499
activity,활동량,helissen2022,7,20,1.0,5,0.12158149734734773,1.0,1.1144337254140306,4.021692322498499
activity,활동량,helissen2022,7,20,1.0,6,0.14534784471370746,,1.1144337254140306,4.021692322498499
activity,활동량,helissen2022,7,20,1.0,7,0.16951346217272442,1.0,1.1144337254140306,4.021692322498499
activity,활동량,helissen2022,7,20,1.0,8,0.19388256136506285,1.0,1.1144337254140306,4.021692322498499
activity,활동량,helissen2022,7,20,1.0,10,0.24273965164282832,,1.1144337254140306,4.021692322498499
activity,활동량,helissen2022,7,20,1.0,12,0.29117950298989026,1.0,1.1144337254140306,4.021692322498499
activity,활동량,helissen2022,7,20,1.0,16,0.38486787459462146,,1.1144337254140306,4.021692322498499
activity,활동량,helissen2022,7,20,1.0,20,0.47214993830320295,1.0,1.1144337254140306,4.021692322498499
activity,활동량,helissen2022,7,20,1.0,24,0.5514900564976793,1.0,1.1144337254140306,4.021692322498499
activity,활동량,helissen2022,7,20,2.0,3,0.15398934883919932,0.9999999720678759,1.1144337254140306,4.021692322498499
activity,활동량,helissen2022,7,20,2.0,4,0.2414207645567377,,1.1144337254140306,4.021692322498499
activity,활동량,helissen2022,7,20,2.0,5,0.3334990847748828,1.0,1.1144337254140306,4.021692322498499
activity,활동량,helissen2022,7,20,2.0,6,0.42310375528977073,,1.1144337254140306,4.021692322498499
activity,활동량,helissen2022,7,20,2.0,7,0.5066134980461702,1.0,1.1144337254140306,4.021692322498499
activity,활동량,helissen2022,7,20,2.0,8,0.5822681182263449,1.0,1.1144337254140306,4.021692322498499
activity,활동량,helissen2022,7,20,2.0,10,0.7079968160098279,,1.1144337254140306,4.021692322498499
activity,활동량,helissen2022,7,20,2.0,12,0.8014624502976639,1.0,1.1144337254140306,4.021692322498499
activity,활동량,helissen2022,7,20,2.0,16,0.9139667658383537,,1.1144337254140306,4.021692322498499
activity,활동량,helissen2022,7,20,2.0,20,0.9651185130040046,1.0,1.1144337254140306,4.021692322498499
activity,활동량,helissen2022,7,20,2.0,24,0.9865620627505879,1.0,1.1144337254140306,4.021692322498499
activity,활동량,helissen2022,7,20,3.0,3,0.2681179217129794,0.9999999720678759,1.1144337254140306,4.021692322498499
activity,활동량,helissen2022,7,20,3.0,4,0.4505363698022187,,1.1144337254140306,4.021692322498499
activity,활동량,helissen2022,7,20,3.0,5,0.6155081465649687,1.0,1.1144337254140306,4.021692322498499
activity,활동량,helissen2022,7,20,3.0,6,0.7438751657667815,,1.1144337254140306,4.021692322498499
activity,활동량,helissen2022,7,20,3.0,7,0.8355199339880534,1.0,1.1144337254140306,4.021692322498499
activity,활동량,helissen2022,7,20,3.0,8,0.897359871368521,1.0,1.1144337254140306,4.021692322498499
activity,활동량,helissen2022,7,20,3.0,10,0.9625933753358848,,1.1144337254140306,4.021692322498499
activity,활동량,helissen2022,7,20,3.0,12,0.987258133624751,1.0,1.1144337254140306,4.021692322498499
activity,활동량,helissen2022,7,20,3.0,16,0.998720576194553,,1.1144337254140306,4.021692322498499
activity,활동량,helissen2022,7,20,3.0,20,0.9998881169649158,1.0,1.1144337254140306,4.021692322498499
activity,활동량,helissen2022,7,20,3.0,24,0.9999911462477781,1.0,1.1144337254140306,4.021692322498499
activity,활동량,helissen2022,7,28,1.0,3,0.07713821690166037,0.9999999999361207,1.1144337254140306,4.021692322498499
activity,활동량,helissen2022,7,28,1.0,4,0.09857037194144933,1.0,1.1144337254140306,4.021692322498499
activity,활동량,helissen2022,7,28,1.0,5,0.12158149734734773,,1.1144337254140306,4.021692322498499
activity,활동량,helissen2022,7,28,1.0,6,0.14534784471370746,1.0,1.1144337254140306,4.021692322498499
activity,활동량,helissen2022,7,28,1.0,7,0.16951346217272442,,1.1144337254140306,4.021692322498499
activity,활동량,helissen2022,7,28,1.0,8,0.19388256136506285,1.0,1.1144337254140306,4.021692322498499
activity,활동량,helissen2022,7,28,1.0,10,0.24273965164282832,,1.1144337254140306,4.021692322498499
activity,활동량,helissen2022,7,28,1.0,12,0.29117950298989026,1.0,1.1144337254140306,4.021692322498499
activity,활동량,helissen2022,7,28,1.0,16,0.38486787459462146,1.0,1.1144337254140306,4.021692322498499
activity,활동량,helissen2022,7,28,1.0,20,0.47214993830320295,1.0,1.1144337254140306,4.021692322498499
activity,활동량,helissen2022,7,28,1.0,24,0.5514900564976793,1.0,1.1144337254140306,4.021692322498499
activity,활동량,helissen2022,7,28,2.0,3,0.15398934883919932,0.9999999999361207,1.1144337254140306,4.021692322498499
activity,활동량,helissen2022,7,28,2.0,4,0.2414207645567377,1.0,1.1144337254140306,4.021692322498499
activity,활동량,helissen2022,7,28,2.0,5,0.3334990847748828,,1.1144337254140306,4.021692322498499
activity,활동량,helissen2022,7,28,2.0,6,0.42310375528977073,1.0,1.1144337254140306,4.021692322498499
activity,활동량,helissen2022,7,28,2.0,7,0.5066134980461702,,1.1144337254140306,4.021692322498499
activity,활동량,helissen2022,7,28,2.0,8,0.5822681182263449,1.0,1.1144337254140306,4.021692322498499
activity,활동량,helissen2022,7,28,2.0,10,0.7079968160098279,,1.1144337254140306,4.021692322498499
activity,활동량,helissen2022,7,28,2.0,12,0.8014624502976639,1.0,1.1144337254140306,4.021692322498499
activity,활동량,helissen2022,7,28,2.0,16,0.9139667658383537,1.0,1.1144337254140306,4.021692322498499
activity,활동량,helissen2022,7,28,2.0,20,0.9651185130040046,1.0,1.1144337254140306,4.021692322498499
activity,활동량,helissen2022,7,28,2.0,24,0.9865620627505879,1.0,1.1144337254140306,4.021692322498499
activity,활동량,helissen2022,7,28,3.0,3,0.2681179217129794,0.9999999999361207,1.1144337254140306,4.021692322498499
activity,활동량,helissen2022,7,28,3.0,4,0.4505363698022187,1.0,1.1144337254140306,4.021692322498499
activity,활동량,helissen2022,7,28,3.0,5,0.6155081465649687,,1.1144337254140306,4.021692322498499
activity,활동량,helissen2022,7,28,3.0,6,0.7438751657667815,1.0,1.1144337254140306,4.021692322498499
activity,활동량,helissen2022,7,28,3.0,7,0.8355199339880534,,1.1144337254140306,4.021692322498499
activity,활동량,helissen2022,7,28,3.0,8,0.897359871368521,1.0,1.1144337254140306,4.021692322498499
activity,활동량,helissen2022,7,28,3.0,10,0.9625933753358848,,1.1144337254140306,4.021692322498499
activity,활동량,helissen2022,7,28,3.0,12,0.987258133624751,1.0,1.1144337254140306,4.021692322498499
activity,활동량,helissen2022,7,28,3.0,16,0.998720576194553,1.0,1.1144337254140306,4.021692322498499
activity,활동량,helissen2022,7,28,3.0,20,0.9998881169649158,1.0,1.1144337254140306,4.021692322498499
activity,활동량,helissen2022,7,28,3.0,24,0.9999911462477781,1.0,1.1144337254140306,4.021692322498499
